Workbook

Sheet Total
A1: Site Name | B1: Day | C1: Month | D1: Year | E1: Total Electricity Kwh | F1: Electricity Tariff ($/Kwh) | G1: LPG (Liters) | H1: LPG $/Liters | I1: Water Utility Supply (m3) m3 | J1: Water Utility Supply (m3) $/m3 | K1: Room Nights | L1: Total Guests
A2: Park Rotana and Park Arjaan Abu Dhabi | B2: 1 | C2: 2 | D2: 2025 | E2: =Electricity!E$6+Electricity!E$8 -> 21846 | F2: 0.2 | H2: 1.66 | I2: =Water!E$6 -> 270 | J2: 7.84
A3: Park Rotana and Park Arjaan Abu Dhabi | B3: =B2+1 -> 2 | C3: 2 | D3: 2025 | E3: =Electricity!F$6+Electricity!F$8 -> 22031 | F3: 0.2 | H3: 1.66 | I3: =Water!F$6 -> 295 | J3: 7.84
A4: Park Rotana and Park Arjaan Abu Dhabi | B4: =B3+1 -> 3 | C4: 2 | D4: 2025 | E4: =Electricity!G$6+Electricity!G$8 -> 22946 | F4: 0.2 | H4: 1.66 | I4: =Water!G$6 -> 312 | J4: 7.84
A5: Park Rotana and Park Arjaan Abu Dhabi | B5: =B4+1 -> 4 | C5: 2 | D5: 2025 | E5: =Electricity!H$6+Electricity!H$8 -> 21559 | F5: 0.2 | H5: 1.66 | I5: =Water!H$6 -> 289 | J5: 7.84
A6: Park Rotana and Park Arjaan Abu Dhabi | B6: =B5+1 -> 5 | C6: 2 | D6: 2025 | E6: =Electricity!I$6+Electricity!I$8 -> 21531 | F6: 0.2 | H6: 1.66 | I6: =Water!I$6 -> 289 | J6: 7.84
A7: Park Rotana and Park Arjaan Abu Dhabi | B7: =B6+1 -> 6 | C7: 2 | D7: 2025 | E7: =Electricity!J$6+Electricity!J$8 -> 21573 | F7: 0.2 | H7: 1.66 | I7: =Water!J$6 -> 287 | J7: 7.84
A8: Park Rotana and Park Arjaan Abu Dhabi | B8: =B7+1 -> 7 | C8: 2 | D8: 2025 | E8: =Electricity!K$6+Electricity!K$8 -> 22336 | F8: 0.2 | H8: 1.66 | I8: =Water!K$6 -> 284 | J8: 7.84
A9: Park Rotana and Park Arjaan Abu Dhabi | B9: =B8+1 -> 8 | C9: 2 | D9: 2025 | E9: =Electricity!L$6+Electricity!L$8 -> 22697 | F9: 0.2 | H9: 1.66 | I9: =Water!L$6 -> 278 | J9: 7.84
A10: Park Rotana and Park Arjaan Abu Dhabi | B10: =B9+1 -> 9 | C10: 2 | D10: 2025 | E10: =Electricity!M$6+Electricity!M$8 -> 21361 | F10: 0.2 | H10: 1.66 | I10: =Water!M$6 -> 274 | J10: 7.84
A11: Park Rotana and Park Arjaan Abu Dhabi | B11: =B10+1 -> 10 | C11: 2 | D11: 2025 | E11: =Electricity!N$6+Electricity!N$8 -> 22118 | F11: 0.2 | H11: 1.66 | I11: =Water!N$6 -> 227 | J11: 7.84
A12: Park Rotana and Park Arjaan Abu Dhabi | B12: =B11+1 -> 11 | C12: 2 | D12: 2025 | E12: =Electricity!O$6+Electricity!O$8 -> 22002 | F12: 0.2 | H12: 1.66 | I12: =Water!O$6 -> 282 | J12: 7.84
A13: Park Rotana and Park Arjaan Abu Dhabi | B13: =B12+1 -> 12 | C13: 2 | D13: 2025 | E13: =Electricity!P$6+Electricity!P$8 -> 21919 | F13: 0.2 | H13: 1.66 | I13: =Water!P$6 -> 261 | J13: 7.84
A14: Park Rotana and Park Arjaan Abu Dhabi | B14: =B13+1 -> 13 | C14: 2 | D14: 2025 | E14: =Electricity!Q$6+Electricity!Q$8 -> 22517 | F14: 0.2 | H14: 1.66 | I14: =Water!Q$6 -> 294 | J14: 7.84
A15: Park Rotana and Park Arjaan Abu Dhabi | B15: =B14+1 -> 14 | C15: 2 | D15: 2025 | E15: =Electricity!R$6+Electricity!R$8 -> 22115 | F15: 0.2 | H15: 1.66 | I15: =Water!R$6 -> 242 | J15: 7.84
A16: Park Rotana and Park Arjaan Abu Dhabi | B16: =B15+1 -> 15 | C16: 2 | D16: 2025 | E16: =Electricity!S$6+Electricity!S$8 -> 22518 | F16: 0.2 | H16: 1.66 | I16: =Water!S$6 -> 297 | J16: 7.84
A17: Park Rotana and Park Arjaan Abu Dhabi | B17: =B16+1 -> 16 | C17: 2 | D17: 2025 | E17: =Electricity!T$6+Electricity!T$8 -> 22543 | F17: 0.2 | H17: 1.66 | I17: =Water!T$6 -> 256 | J17: 7.84
A18: Park Rotana and Park Arjaan Abu Dhabi | B18: =B17+1 -> 17 | C18: 2 | D18: 2025 | E18: =Electricity!U$6+Electricity!U$8 -> 21456 | F18: 0.2 | H18: 1.66 | I18: =Water!U$6 -> 206 | J18: 7.84
A19: Park Rotana and Park Arjaan Abu Dhabi | B19: =B18+1 -> 18 | C19: 2 | D19: 2025 | E19: =Electricity!V$6+Electricity!V$8 -> 22507 | F19: 0.2 | H19: 1.66 | I19: =Water!V$6 -> 238 | J19: 7.84
A20: Park Rotana and Park Arjaan Abu Dhabi | B20: =B19+1 -> 19 | C20: 2 | D20: 2025 | E20: =Electricity!W$6+Electricity!W$8 -> 21864 | F20: 0.2 | H20: 1.66 | I20: =Water!W$6 -> 269 | J20: 7.84
A21: Park Rotana and Park Arjaan Abu Dhabi | B21: =B20+1 -> 20 | C21: 2 | D21: 2025 | E21: =Electricity!X$6+Electricity!X$8 -> 21642 | F21: 0.2 | H21: 1.66 | I21: =Water!X$6 -> 240 | J21: 7.84
A22: Park Rotana and Park Arjaan Abu Dhabi | B22: =B21+1 -> 21 | C22: 2 | D22: 2025 | E22: =Electricity!Y$6+Electricity!Y$8 -> 22329 | F22: 0.2 | H22: 1.66 | I22: =Water!Y$6 -> 232 | J22: 7.84
A23: Park Rotana and Park Arjaan Abu Dhabi | B23: =B22+1 -> 22 | C23: 2 | D23: 2025 | E23: =Electricity!Z$6+Electricity!Z$8 -> 21949 | F23: 0.2 | H23: 1.66 | I23: =Water!Z$6 -> 218 | J23: 7.84
A24: Park Rotana and Park Arjaan Abu Dhabi | B24: =B23+1 -> 23 | C24: 2 | D24: 2025 | E24: =Electricity!AA$6+Electricity!AA$8 -> 22234 | F24: 0.2 | H24: 1.66 | I24: =Water!AA$6 -> 230 | J24: 7.84
A25: Park Rotana and Park Arjaan Abu Dhabi | B25: =B24+1 -> 24 | C25: 2 | D25: 2025 | E25: =Electricity!AB$6+Electricity!AB$8 -> 21790 | F25: 0.2 | H25: 1.66 | I25: =Water!AB$6 -> 284 | J25: 7.84
A26: Park Rotana and Park Arjaan Abu Dhabi | B26: =B25+1 -> 25 | C26: 2 | D26: 2025 | E26: =Electricity!AC$6+Electricity!AC$8 -> 22444 | F26: 0.2 | H26: 1.66 | I26: =Water!AC$6 -> 211 | J26: 7.84
A27: Park Rotana and Park Arjaan Abu Dhabi | B27: =B26+1 -> 26 | C27: 2 | D27: 2025 | E27: =Electricity!AD$6+Electricity!AD$8 -> 22333 | F27: 0.2 | H27: 1.66 | I27: =Water!AD$6 -> 277 | J27: 7.84
A28: Park Rotana and Park Arjaan Abu Dhabi | B28: =B27+1 -> 27 | C28: 2 | D28: 2025 | E28: =Electricity!AE$6+Electricity!AE$8 -> 22495 | F28: 0.2 | H28: 1.66 | I28: =Water!AE$6 -> 237 | J28: 7.84
A29: Park Rotana and Park Arjaan Abu Dhabi | B29: =B28+1 -> 28 | C29: 2 | D29: 2025 | E29: =Electricity!AF$6+Electricity!AF$8 -> 21524 | F29: 0.2 | H29: 1.66 | I29: =Water!AF$6 -> 254 | J29: 7.84
A30: Park Rotana and Park Arjaan Abu Dhabi | B30: =B29+1 -> 29 | C30: 2 | D30: 2025 | E30: =Electricity!AG$6+Electricity!AG$8 -> 0 | F30: 0.2 | H30: 1.66 | I30: =Water!AG$6 -> 0 | J30: 7.84
A31: Park Rotana and Park Arjaan Abu Dhabi | B31: =B30+1 -> 30 | C31: 2 | D31: 2025 | E31: =Electricity!AH$6+Electricity!AH$8 -> 0 | F31: 0.2 | H31: 1.66 | I31: =Water!AH$6 -> 0 | J31: 7.84
A32: Park Rotana and Park Arjaan Abu Dhabi | B32: =B31+1 -> 31 | C32: 2 | D32: 2025 | E32: =Electricity!AI$6+Electricity!AI$8 -> 0 | F32: 0.2 | H32: 1.66 | I32: =Water!AI$6 -> 0 | J32: 7.84

Sheet Electricity
A2: DAILY ELECTRICITY METER READINGS & CONSUMPTION FEBRUARY 2025
A4: S/N | B4: METER NUMBER &LOCATION | C4: AREA SERVED | D4: Last Month Final Readings | E4: 1 | F4: 2 | G4: 3 | H4: 4 | I4: 5 | J4: 6 | K4: 7 | L4: 8 | M4: 9 | N4: 10 | O4: 11 | P4: 12 | Q4: 13 | R4: 14 | S4: 15 | T4: 16 | U4: 17 | V4: 18 | W4: 19 | X4: 20 | Y4: 21 | Z4: 22 | AA4: 23 | AB4: 24 | AC4: 25 | AD4: 26 | AE4: 27 | AF4: 28
A5: 1 | B5: I5T18D002265/ No. 72039516 | C5: Hotel & Arjaan incomer 1 (Kilowatt) | D5: 15478484 | E5: 15500330 | F5: 15522361 | G5: 15545307 | H5: 15566866 | I5: 15588397 | J5: 15609970 | K5: 15632306 | L5: 15655003 | M5: 15676364 | N5: 15698482 | O5: 15720484 | P5: 15742403 | Q5: 15764920 | R5: 15787035 | S5: 15809553 | T5: 15832096 | U5: 15853552 | V5: 15876059 | W5: 15897923 | X5: 15919565 | Y5: 15941894 | Z5: 15963843 | AA5: 15986077 | AB5: 16007867 | AC5: 16030311 | AD5: 16052644 | AE5: 16075139 | AF5: 16096663
B6: Hotel HV Room | E6: =E5-D5 -> 21846 | F6: =F5-E5 -> 22031 | G6: =G5-F5 -> 22946 | H6: =H5-G5 -> 21559 | I6: =I5-H5 -> 21531 | J6: =J5-I5 -> 21573 | K6: =K5-J5 -> 22336 | L6: =L5-K5 -> 22697 | ... AF6: =AF5-AE5 -> 21524
A7: 2 | B7: I5T18D002266/ No. 72039517 | C7: Hotel & Arjaan incomer 2 (Kilowatt) | D7: 620 | E7: 620 | F7: 620 | G7: 620 | H7: 620 | I7: 620 | J7: 620 | K7: 620 | L7: 620 | M7: 620 | N7: 620 | O7: 620 | P7: 620 | Q7: 620 | R7: 620 | S7: 620 | T7: 620 | U7: 620 | V7: 620 | W7: 620 | X7: 620 | Y7: 620 | Z7: 620 | AA7: 620 | AB7: 620 | AC7: 620 | AD7: 620 | AE7: 620 | AF7: 620
B8: Hotel HV Room | E8: =E7-D7 -> 0 | F8: =F7-E7 -> 0 | G8: =G7-F7 -> 0 | H8: =H7-G7 -> 0 | I8: =I7-H7 -> 0 | J8: =J7-I7 -> 0 | K8: =K7-J7 -> 0 | L8: =L7-K7 -> 0 | ... AF8: =AF7-AE7 -> 0

Sheet Water
B2: DAILY WATER METER READINGS & CONSUMPTION (m3) FEBRUARY 2024
A4: S/N | B4: METER NUMBER & LOCATION | C4: AREA SERVED | D4: LAST MONTH'S FINAL READING | E4: 1 | F4: 2 | G4: 3 | H4: 4 | I4: 5 | J4: 6 | K4: 7 | L4: 8 | M4: 9 | N4: 10 | O4: 11 | P4: 12 | Q4: 13 | R4: 14 | S4: 15 | T4: 16 | U4: 17 | V4: 18 | W4: 19 | X4: 20 | Y4: 21 | Z4: 22 | AA4: 23 | AB4: 24 | AC4: 25 | AD4: 26 | AE4: 27 | AF4: 28
A5: 1 | B5: 48242051 (Hotel & Arjaan Main Meter) | C5: Hotel & Arjaan / Raw Water Tank for Hotel,Arjaan,Kitchen,Laundry,Staff Locker,Hotel Swimming Pool | D5: 186372 | E5: 186642 | F5: 186937 | G5: 187249 | H5: 187538 | I5: 187827 | J5: 188114 | K5: 188398 | L5: 188676 | M5: 188950 | N5: 189177 | O5: 189459 | P5: 189720 | Q5: 190014 | R5: 190256 | S5: 190553 | T5: 190809 | U5: 191015 | V5: 191253 | W5: 191522 | X5: 191762 | Y5: 191994 | Z5: 192212 | AA5: 192442 | AB5: 192726 | AC5: 192937 | AD5: 193214 | AE5: 193451 | AF5: 193705
B6: Office Bldg GF | E6: =E5-D5 -> 270 | F6: =F5-E5 -> 295 | G6: =G5-F5 -> 312 | H6: =H5-G5 -> 289 | I6: =I5-H5 -> 289 | J6: =J5-I5 -> 287 | K6: =K5-J5 -> 284 | L6: =L5-K5 -> 278 | ... AF6: =AF5-AE5 -> 254
I7: `
