Workbook

Sheet Total
A1: Site Name | B1: Day | C1: Month | D1: Year | E1: Total Electricity Kwh | F1: Electricity Tariff ($/Kwh) | G1: LPG (Liters) | H1: LPG $/Liters | I1: Water Utility Supply (m3) m3 | J1: Water Utility Supply (m3) $/m3 | K1: Room Nights | L1: Total Guests
A2: Park Rotana and Park Arjaan Abu Dhabi | B2: 1 | C2: 2 | D2: 2025 | E2: =Electricity!E21 -> 28872.2 | F2: 0.2 | G2: 3919.225 | H2: 1.66 | I2: =Water!E15 -> 308.65 | J2: 7.84 | K2: 438 | L2: 693
A3: Park Rotana and Park Arjaan Abu Dhabi | B3: =B2+1 -> 2 | C3: 2 | D3: 2025 | E3: =Electricity!F21 -> 30264 | F3: 0.2 | G3: 4038.957 | H3: 1.66 | I3: =Water!F15 -> 331.297 | J3: 7.84 | K3: 479 | L3: 683
A4: Park Rotana and Park Arjaan Abu Dhabi | B4: =B3+1 -> 3 | C4: 2 | D4: 2025 | E4: =Electricity!G21 -> 30593.4 | F4: 0.2 | G4: 4290.557 | H4: 1.66 | I4: =Water!G15 -> 363.09 | J4: 7.84 | K4: 478 | L4: 669
A5: Park Rotana and Park Arjaan Abu Dhabi | B5: =B4+1 -> 4 | C5: 2 | D5: 2025 | E5: =Electricity!H21 -> 29000.8 | F5: 0.2 | G5: 3894.916 | H5: 1.66 | I5: =Water!H15 -> 335.785 | J5: 7.84 | K5: 486 | L5: 682
A6: Park Rotana and Park Arjaan Abu Dhabi | B6: =B5+1 -> 5 | C6: 2 | D6: 2025 | E6: =Electricity!I21 -> 28777.4 | F6: 0.2 | G6: 3584.375 | H6: 1.66 | I6: =Water!I15 -> 328.122 | J6: 7.84 | K6: 477 | L6: 692
A7: Park Rotana and Park Arjaan Abu Dhabi | B7: =B6+1 -> 6 | C7: 2 | D7: 2025 | E7: =Electricity!J21 -> 28981 | F7: 0.2 | G7: 4022.455 | H7: 1.66 | I7: =Water!J15 -> 319.681 | J7: 7.84 | K7: 453 | L7: 668
A8: Park Rotana and Park Arjaan Abu Dhabi | B8: =B7+1 -> 7 | C8: 2 | D8: 2025 | E8: =Electricity!K21 -> 30341.8 | F8: 0.2 | G8: 3697.41 | H8: 1.66 | I8: =Water!K15 -> 346.817 | J8: 7.84 | K8: 469 | L8: 708
A9: Park Rotana and Park Arjaan Abu Dhabi | B9: =B8+1 -> 8 | C9: 2 | D9: 2025 | E9: =Electricity!L21 -> 31065.8 | F9: 0.2 | G9: 3479.258 | H9: 1.66 | I9: =Water!L15 -> 295.114 | J9: 7.84 | K9: 469 | L9: 660
A10: Park Rotana and Park Arjaan Abu Dhabi | B10: =B9+1 -> 9 | C10: 2 | D10: 2025 | E10: =Electricity!M21 -> 28989.4 | F10: 0.2 | G10: 3579.158 | H10: 1.66 | I10: =Water!M15 -> 316.551 | J10: 7.84 | K10: 371 | L10: 484
A11: Park Rotana and Park Arjaan Abu Dhabi | B11: =B10+1 -> 10 | C11: 2 | D11: 2025 | E11: =Electricity!N21 -> 29850.8 | F11: 0.2 | G11: 3371.699 | H11: 1.66 | I11: =Water!N15 -> 245.67 | J11: 7.84 | K11: 420 | L11: 557
A12: Park Rotana and Park Arjaan Abu Dhabi | B12: =B11+1 -> 11 | C12: 2 | D12: 2025 | E12: =Electricity!O21 -> 29851.2 | F12: 0.2 | G12: 3463.348 | H12: 1.66 | I12: =Water!O15 -> 315.565 | J12: 7.84 | K12: 457 | L12: 629
A13: Park Rotana and Park Arjaan Abu Dhabi | B13: =B12+1 -> 12 | C13: 2 | D13: 2025 | E13: =Electricity!P21 -> 30572.2 | F13: 0.2 | G13: 3558.66 | H13: 1.66 | I13: =Water!P15 -> 299.428 | J13: 7.84 | K13: 462 | L13: 643
A14: Park Rotana and Park Arjaan Abu Dhabi | B14: =B13+1 -> 13 | C14: 2 | D14: 2025 | E14: =Electricity!Q21 -> 31800.2 | F14: 0.2 | G14: 3600.396 | H14: 1.66 | I14: =Water!Q15 -> 348.56 | J14: 7.84 | K14: 466 | L14: 633
A15: Park Rotana and Park Arjaan Abu Dhabi | B15: =B14+1 -> 14 | C15: 2 | D15: 2025 | E15: =Electricity!R21 -> 31292.6 | F15: 0.2 | G15: 2730.674 | H15: 1.66 | I15: =Water!R15 -> 299.414 | J15: 7.84 | K15: 482 | L15: 764
A16: Park Rotana and Park Arjaan Abu Dhabi | B16: =B15+1 -> 15 | C16: 2 | D16: 2025 | E16: =Electricity!S21 -> 31440 | F16: 0.2 | G16: 3339.99 | H16: 1.66 | I16: =Water!S15 -> 305.056 | J16: 7.84 | K16: 480 | L16: 772
A17: Park Rotana and Park Arjaan Abu Dhabi | B17: =B16+1 -> 16 | C17: 2 | D17: 2025 | E17: =Electricity!T21 -> 31085 | F17: 0.2 | G17: 3211.637 | H17: 1.66 | I17: =Water!T15 -> 295.097 | J17: 7.84 | K17: 406 | L17: 536
A18: Park Rotana and Park Arjaan Abu Dhabi | B18: =B17+1 -> 17 | C18: 2 | D18: 2025 | E18: =Electricity!U21 -> 31026.4 | F18: 0.2 | G18: 3471.636 | H18: 1.66 | I18: =Water!U15 -> 218.607 | J18: 7.84 | K18: 438 | L18: 543
A19: Park Rotana and Park Arjaan Abu Dhabi | B19: =B18+1 -> 18 | C19: 2 | D19: 2025 | E19: =Electricity!V21 -> 32371 | F19: 0.2 | G19: 3226.696 | H19: 1.66 | I19: =Water!V15 -> 269.779 | J19: 7.84 | K19: 474 | L19: 592
A20: Park Rotana and Park Arjaan Abu Dhabi | B20: =B19+1 -> 19 | C20: 2 | D20: 2025 | E20: =Electricity!W21 -> 31326.6 | F20: 0.2 | G20: 3208.788 | H20: 1.66 | I20: =Water!W15 -> 315.989 | J20: 7.84 | K20: 455 | L20: 584
A21: Park Rotana and Park Arjaan Abu Dhabi | B21: =B20+1 -> 20 | C21: 2 | D21: 2025 | E21: =Electricity!X21 -> 30816.6 | F21: 0.2 | G21: 3017.091 | H21: 1.66 | I21: =Water!X15 -> 278.767 | J21: 7.84 | K21: 401 | L21: 517
A22: Park Rotana and Park Arjaan Abu Dhabi | B22: =B21+1 -> 21 | C22: 2 | D22: 2025 | E22: =Electricity!Y21 -> 32415.6 | F22: 0.2 | G22: 3034.222 | H22: 1.66 | I22: =Water!Y15 -> 271.218 | J22: 7.84 | K22: 341 | L22: 487
A23: Park Rotana and Park Arjaan Abu Dhabi | B23: =B22+1 -> 22 | C23: 2 | D23: 2025 | E23: =Electricity!Z21 -> 31600 | F23: 0.2 | G23: 3212.451 | H23: 1.66 | I23: =Water!Z15 -> 228.539 | J23: 7.84 | K23: 329 | L23: 490
A24: Park Rotana and Park Arjaan Abu Dhabi | B24: =B23+1 -> 23 | C24: 2 | D24: 2025 | E24: =Electricity!AA21 -> 32370.2 | F24: 0.2 | G24: 2928.328 | H24: 1.66 | I24: =Water!AA15 -> 276.086 | J24: 7.84 | K24: 324 | L24: 434
A25: Park Rotana and Park Arjaan Abu Dhabi | B25: =B24+1 -> 24 | C25: 2 | D25: 2025 | E25: =Electricity!AB21 -> 32274.8 | F25: 0.2 | G25: 2861.58 | H25: 1.66 | I25: =Water!AB15 -> 300.807 | J25: 7.84 | K25: 454 | L25: 647
A26: Park Rotana and Park Arjaan Abu Dhabi | B26: =B25+1 -> 25 | C26: 2 | D26: 2025 | E26: =Electricity!AC21 -> 30705.2 | F26: 0.2 | G26: 3000.108 | H26: 1.66 | I26: =Water!AC15 -> 257.377 | J26: 7.84 | K26: 484 | L26: 663
A27: Park Rotana and Park Arjaan Abu Dhabi | B27: =B26+1 -> 26 | C27: 2 | D27: 2025 | E27: =Electricity!AD21 -> 30207.2 | F27: 0.2 | G27: 3289.67 | H27: 1.66 | I27: =Water!AD15 -> 325.118 | J27: 7.84 | K27: 481 | L27: 610
A28: Park Rotana and Park Arjaan Abu Dhabi | B28: =B27+1 -> 27 | C28: 2 | D28: 2025 | E28: =Electricity!AE21 -> 30357.8 | F28: 0.2 | G28: 3514.704 | H28: 1.66 | I28: =Water!AE15 -> 281.674 | J28: 7.84 | K28: 415 | L28: 530
A29: Park Rotana and Park Arjaan Abu Dhabi | B29: =B28+1 -> 28 | C29: 2 | D29: 2025 | E29: =Electricity!AF21 -> 28869.8 | F29: 0.2 | G29: 3295.183 | H29: 1.66 | I29: =Water!AF15 -> 303.235 | J29: 7.84 | K29: 307 | L29: 422
A30: Park Rotana and Park Arjaan Abu Dhabi | B30: =B29+1 -> 29 | C30: 2 | D30: 2025 | E30: =Electricity!AG21 -> 0 | F30: 0.2 | G30: 0 | H30: 1.66 | I30: =Water!AG15 -> 0 | J30: 7.84 | K30: 0 | L30: 0
A31: Park Rotana and Park Arjaan Abu Dhabi | B31: =B30+1 -> 30 | C31: 2 | D31: 2025 | E31: =Electricity!AH21 -> 0 | F31: 0.2 | G31: 0 | H31: 1.66 | I31: =Water!AH15 -> 0 | J31: 7.84 | K31: 0 | L31: 0
A32: Park Rotana and Park Arjaan Abu Dhabi | B32: =B31+1 -> 31 | C32: 2 | D32: 2025 | E32: =Electricity!AI21 -> 0 | F32: 0.2 | G32: 0 | H32: 1.66 | I32: =Water!AI15 -> 0 | J32: 7.84 | K32: 0 | L32: 0

Sheet Electricity
A2: DAILY ELECTRICITY METER READINGS & CONSUMPTION FEBRUARY 2025
A4: S/N | B4: METER NUMBER &LOCATION | C4: AREA SERVED | D4: Last Month Final Readings | E4: 1 | F4: 2 | G4: 3 | H4: 4 | I4: 5 | J4: 6 | K4: 7 | L4: 8 | M4: 9 | N4: 10 | O4: 11 | P4: 12 | Q4: 13 | R4: 14 | S4: 15 | T4: 16 | U4: 17 | V4: 18 | W4: 19 | X4: 20 | Y4: 21 | Z4: 22 | AA4: 23 | AB4: 24 | AC4: 25 | AD4: 26 | AE4: 27 | AF4: 28
A5: 1 | B5: I5T18D002265/ No. 72039516 | C5: Hotel & Arjaan incomer 1 (Kilowatt) | D5: 15478484 | E5: 15500330 | F5: 15522361 | G5: 15545307 | H5: 15566866 | I5: 15588397 | J5: 15609970 | K5: 15632306 | L5: 15655003 | M5: 15676364 | N5: 15698482 | O5: 15720484 | P5: 15742403 | Q5: 15764920 | R5: 15787035 | S5: 15809553 | T5: 15832096 | U5: 15853552 | V5: 15876059 | W5: 15897923 | X5: 15919565 | Y5: 15941894 | Z5: 15963843 | AA5: 15986077 | AB5: 16007867 | AC5: 16030311 | AD5: 16052644 | AE5: 16075139 | AF5: 16096663
E6: =E5-D5 -> 21846 | F6: =F5-E5 -> 22031 | G6: =G5-F5 -> 22946 | H6: =H5-G5 -> 21559 | I6: =I5-H5 -> 21531 | J6: =J5-I5 -> 21573 | K6: =K5-J5 -> 22336 | L6: =L5-K5 -> 22697 | ... AF6: =AF5-AE5 -> 21524
A7: 2 | B7: I5T18D002266/ No. 72039517 | C7: Hotel & Arjaan incomer 2 (Kilowatt) | D7: 620 | E7: 620 | F7: 620 | G7: 620 | H7: 620 | I7: 620 | J7: 620 | K7: 620 | L7: 620 | M7: 620 | N7: 620 | O7: 620 | P7: 620 | Q7: 620 | R7: 620 | S7: 620 | T7: 620 | U7: 620 | V7: 620 | W7: 620 | X7: 620 | Y7: 620 | Z7: 620 | AA7: 620 | AB7: 620 | AC7: 620 | AD7: 620 | AE7: 620 | AF7: 620
E8: =E7-D7 -> 0 | F8: =F7-E7 -> 0 | G8: =G7-F7 -> 0 | H8: =H7-G7 -> 0 | I8: =I7-H7 -> 0 | J8: =J7-I7 -> 0 | K8: =K7-J7 -> 0 | L8: =L7-K7 -> 0 | ... AF8: =AF7-AE7 -> 0
A9: 3 | B9: I5T18D002318 / 72039569 | C9: Chillers (SMDB CH 1) (Kilowatt) | D9: 16606503 | E9: 16622407 | F9: 16641316 | G9: 16658157 | H9: 16674208 | I9: 16685193 | J9: 16687456 | K9: 16690789 | L9: 16694124 | M9: 16697452 | N9: 16699546 | O9: 16700761 | P9: 16703214 | Q9: 16706627 | R9: 16710073 | S9: 16711291 | T9: 16712450 | U9: 16717150 | V9: 16721677 | W9: 16725738 | X9: 16729085 | Y9: 16734860 | Z9: 16738654 | AA9: 16743921 | AB9: 16752018 | AC9: 16755294 | AD9: 16758529 | AE9: 16761758 | AF9: 16764882
E10: =E9-D9 -> 15904 | F10: =F9-E9 -> 18909 | G10: =G9-F9 -> 16841 | H10: =H9-G9 -> 16051 | I10: =I9-H9 -> 10985 | J10: =J9-I9 -> 2263 | K10: =K9-J9 -> 3333 | L10: =L9-K9 -> 3335 | ... AF10: =AF9-AE9 -> 3124
A11: 4 | B11: I5T18D002317 / 72039568 | C11: Chillers (SMDB CH 2) (Kilowatt) | D11: 10856222 | E11: 10857121 | F11: 10858017 | G11: 10859502 | H11: 10861243 | I11: 10867559 | J11: 10882951 | K11: 10898810 | L11: 10915337 | M11: 10930510 | N11: 10946928 | O11: 10964556 | P11: 10983031 | Q11: 11002166 | R11: 11020939 | S11: 11041256 | T11: 11060722 | U11: 11079213 | V11: 11098601 | W11: 11117319 | X11: 11136121 | Y11: 11154850 | Z11: 11174396 | AA11: 11193767 | AB11: 11211302 | AC11: 11228114 | AD11: 11243622 | AE11: 11259135 | AF11: 11273553
E12: =E11-D11 -> 899 | F12: =F11-E11 -> 896 | G12: =G11-F11 -> 1485 | H12: =H11-G11 -> 1741 | I12: =I11-H11 -> 6316 | J12: =J11-I11 -> 15392 | K12: =K11-J11 -> 15859 | L12: =L11-K11 -> 16527 | ... AF12: =AF11-AE11 -> 14418
A13: 7 | B13: E5T09D035490 | C13: Fire Pump 2 S (Kwh) | D13: 3399 | E13: 3399 | F13: 3399 | G13: 3399 | H13: 3399 | I13: 3399 | J13: 3399 | K13: 3399 | L13: 3399 | M13: 3399 | N13: 3399 | O13: 3399 | P13: 3399 | Q13: 3399 | R13: 3399 | S13: 3399 | T13: 3399 | U13: 3399 | V13: 3399 | W13: 3399 | X13: 3399 | Y13: 3399 | Z13: 3399 | AA13: 3399 | AB13: 3399 | AC13: 3399 | AD13: 3399 | AE13: 3399 | AF13: 3400
E14: =E13-D13 -> 0 | F14: =F13-E13 -> 0 | G14: 0 | H14: =H13-G13 -> 0 | I14: =I13-H13 -> 0 | J14: =J13-I13 -> 0 | K14: =K13-J13 -> 0 | L14: =L13-K13 -> 0 | M14: =M13-L13 -> 0 | N14: =N13-M13 -> 0 | O14: =O13-N13 -> 0 | ... AF14: =AF13-AE13 -> 1
A15: 8 | B15: E5TO9D035489 | C15: Fire Pump 1 S (Kwh) | D15: 506 | E15: 506 | F15: 506 | G15: 506 | H15: 507 | I15: 507 | J15: 507 | K15: 507 | L15: 507 | M15: 507 | N15: 507 | O15: 507 | P15: 507 | Q15: 507 | R15: 507 | S15: 507 | T15: 508 | U15: 508 | V15: 508 | W15: 508 | X15: 508 | Y15: 508 | Z15: 508 | AA15: 508 | AB15: 508 | AC15: 508 | AD15: 508 | AE15: 508 | AF15: 508
E16: =E15-D15 -> 0 | F16: =F15-E15 -> 0 | G16: =G15-F15 -> 0 | H16: =H15-G15 -> 1 | I16: =I15-H15 -> 0 | J16: =J15-I15 -> 0 | K16: =K15-J15 -> 0 | L16: =L15-K15 -> 0 | ... AF16: =AF15-AE15 -> 0
A17: 13 | B17: E5T09D034337 | C17: SMDB Spa S (Kwh) | D17: 1474788 | E17: 1475050 | F17: 1475315 | G17: 1475584 | H17: 1475861 | I17: 1476141 | J17: 1476442 | K17: 1476727 | L17: 1477103 | M17: 1477285 | N17: 1477566 | O17: 1477830 | P17: 1478063 | Q17: 1478281 | R17: 1478523 | S17: 1478779 | T17: 1479018 | U17: 1479264 | V17: 1479516 | W17: 1479818 | X17: 1480086 | Y17: 1480328 | Z17: 1480600 | AA17: 1480836 | AB17: 1481014 | AC17: 1481203 | AD17: 1481537 | AE17: 1481859 | AF17: 1482142
E18: =E17-D17 -> 262 | F18: =F17-E17 -> 265 | G18: =G17-F17 -> 269 | H18: =H17-G17 -> 277 | I18: =I17-H17 -> 280 | J18: =J17-I17 -> 301 | K18: =K17-J17 -> 285 | L18: =L17-K17 -> 376 | ... AF18: =AF17-AE17 -> 283
A19: 14 | B19: E5T09D034327 | C19: Hotel Gym S (Kwh) | D19: 388808 | E19: 388851 | F19: 388897 | G19: 388945 | H19: 388992 | I19: 389038 | J19: 389083 | K19: 389127 | L19: 389175 | M19: 389221 | N19: 389268 | O19: 389316 | P19: 389365 | Q19: 389411 | R19: 389459 | S19: 389511 | T19: 389563 | U19: 389611 | V19: 389657 | W19: 389706 | X19: 389753 | Y19: 389796 | Z19: 389839 | AA19: 389884 | AB19: 389938 | AC19: 389975 | AD19: 390018 | AE19: 390062 | AF19: 390107
E20: =E19-D19 -> 43 | F20: =F19-E19 -> 46 | G20: =G19-F19 -> 48 | H20: =H19-G19 -> 47 | I20: =I19-H19 -> 46 | J20: =J19-I19 -> 45 | K20: =K19-J19 -> 44 | L20: =L19-K19 -> 48 | ... AF20: =AF19-AE19 -> 45
B21: Total Daily Consumption (kw) | E21: =((E6+E8)+((E10+E12)*40%)+(E14+E16+E18+E20)) -> 28872.2 | F21: =((F6+F8)+((F10+F12)*40%)+(F14+F16+F18+F20)) -> 30264 | G21: =((G6+G8)+((G10+G12)*40%)+(G14+G16+G18+G20)) -> 30593.4 | H21: =((H6+H8)+((H10+H12)*40%)+(H14+H16+H18+H20)) -> 29000.8 | I21: =((I6+I8)+((I10+I12)*40%)+(I14+I16+I18+I20)) -> 28777.4 | J21: =((J6+J8)+((J10+J12)*40%)+(J14+J16+J18+J20)) -> 28981 | K21: =((K6+K8)+((K10+K12)*40%)+(K14+K16+K18+K20)) -> 30341.8 | L21: =((L6+L8)+((L10+L12)*40%)+(L14+L16+L18+L20)) -> 31065.8 | ... AF21: =((AF6+AF8)+((AF10+AF12)*40%)+(AF14+AF16+AF18+AF20)) -> 28869.8
B22: Total Monthly Consumption (kw) | E22: =SUM(E21:AF21) -> 857119

Sheet Water
B2: DAILY WATER METER READINGS & CONSUMPTION (m3) FEBRUARY 2024
A4: S/N | B4: METER NUMBER & LOCATION | C4: AREA SERVED | D4: LAST MONTH'S FINAL READING | E4: 1 | F4: 2 | G4: 3 | H4: 4 | I4: 5 | J4: 6 | K4: 7 | L4: 8 | M4: 9 | N4: 10 | O4: 11 | P4: 12 | Q4: 13 | R4: 14 | S4: 15 | T4: 16 | U4: 17 | V4: 18 | W4: 19 | X4: 20 | Y4: 21 | Z4: 22 | AA4: 23 | AB4: 24 | AC4: 25 | AD4: 26 | AE4: 27 | AF4: 28
A5: 1 | B5: 48242051 (Hotel & Arjaan Main Meter) | C5: Hotel & Arjaan / Raw Water Tank for Hotel,Arjaan,Kitchen,Laundry,Staff Locker,Hotel Swimming Pool | D5: 186372 | E5: 186642 | F5: 186937 | G5: 187249 | H5: 187538 | I5: 187827 | J5: 188114 | K5: 188398 | L5: 188676 | M5: 188950 | N5: 189177 | O5: 189459 | P5: 189720 | Q5: 190014 | R5: 190256 | S5: 190553 | T5: 190809 | U5: 191015 | V5: 191253 | W5: 191522 | X5: 191762 | Y5: 191994 | Z5: 192212 | AA5: 192442 | AB5: 192726 | AC5: 192937 | AD5: 193214 | AE5: 193451 | AF5: 193705
E6: =E5-D5 -> 270 | F6: =F5-E5 -> 295 | G6: =G5-F5 -> 312 | H6: =H5-G5 -> 289 | I6: =I5-H5 -> 289 | J6: =J5-I5 -> 287 | K6: =K5-J5 -> 284 | L6: =L5-K5 -> 278 | ... AF6: =AF5-AE5 -> 254
A7: 3 | B7: EMK17100DA17081056 (Cooling Tower Meter) | C7: Cooling Towers, Irrigation Tank,CHW Make up Line,Residence Pool, Cooling Tower Blow Down | D7: 409608.6 | E7: 409620.3 | F7: 409633.4 | G7: 409649.2 | H7: 409665.1 | I7: 409682.1 | J7: 409699.4 | K7: 409719.3 | L7: 409733.2 | M7: 409749.6 | N7: 409762.7 | O7: 409778.5 | P7: 409796.2 | Q7: 409815.2 | R7: 409837.8 | S7: 409852.4 | T7: 409869.4 | U7: 409882.2 | V7: 409898.5 | W7: 409916.2 | X7: 409932.9 | Y7: 409951.2 | Z7: 409963.9 | AA7: 409982.2 | AB7: 409997.5 | AC7: 410015.9 | AD7: 410033.5 | AE7: 410050.1 | AF7: 410068.2
E8: =E7-D7 -> 11.7 | F8: =F7-E7 -> 13.1 | G8: =G7-F7 -> 15.8 | H8: =H7-G7 -> 15.9 | I8: =I7-H7 -> 17 | J8: =J7-I7 -> 17.3 | K8: =K7-J7 -> 19.9 | L8: =L7-K7 -> 13.9 | ... AF8: =AF7-AE7 -> 18.1
A9: 4 | B9: 2045000686(Sub Meter) | C9: Irrigation water Tank | D9: 31050 | E9: 31103 | F9: 31165 | G9: 31246 | H9: 31327 | I9: 31389 | J9: 31440 | K9: 31550 | L9: 31567 | M9: 31640 | N9: 31661 | O9: 31715 | P9: 31778 | Q9: 31865 | R9: 31966 | S9: 31966 | T9: 32033 | U9: 32033 | V9: 32081 | W9: 32163 | X9: 32225 | Y9: 32291 | Z9: 32291 | AA9: 32370 | AB9: 32381 | AC9: 32461 | AD9: 32541 | AE9: 32616 | AF9: 32702
E10: =E9-D9 -> 53 | F10: =F9-E9 -> 62 | G10: =G9-F9 -> 81 | H10: =H9-G9 -> 81 | I10: =I9-H9 -> 62 | J10: =J9-I9 -> 51 | K10: =K9-J9 -> 110 | L10: =L9-K9 -> 17 | ... AF10: =AF9-AE9 -> 86
A11: 5 | B11: 68864837 | C11: Hotel & Arjaan Spa | D11: 2457.694 | E11: 2459.108 | F11: 2460.264 | G11: 2461.38 | H11: 2462 | I11: 2464.563 | J11: 2465.709 | K11: 2468.434 | L11: 2470.067 | M11: 2471.6 | N11: 2472.931 | O11: 2473.9 | P11: 2474.8 | Q11: 2476.52 | R11: 2477.663 | S11: 2478.553 | T11: 2479.12 | U11: 2482.248 | V11: 2483.69 | W11: 2485.127 | X11: 2486.345 | Y11: 2486.9 | Z11: 2489.945 | AA11: 2491.53 | AB11: 2493.512 | AC11: 2493.984 | AD11: 2497.285 | AE11: 2499.629 | AF11: 2500.95
E12: =E11-D11 -> 1.414 | F12: =F11-E11 -> 1.156 | G12: =G11-F11 -> 1.116 | H12: =H11-G11 -> 0.62 | I12: =I11-H11 -> 2.563 | J12: =J11-I11 -> 1.146 | K12: =K11-J11 -> 2.725 | L12: =L11-K11 -> 1.633 | ... AF12: =AF11-AE11 -> 1.321
A13: 6 | B13: 65296485 | C13: Hotel & Arjaan Gym | D13: 3094.069 | E13: 3102.19 | F13: 3103.536 | G13: 3109.95 | H13: 3112.51 | I13: 3113.519 | J13: 3114.319 | K13: 3115.956 | L13: 3117.532 | M13: 3118.32 | N13: 3120.314 | O13: 3121.5 | P13: 3122.713 | Q13: 3127.853 | R13: 3128.504 | S13: 3129.1 | T13: 3129.83 | U13: 3133.549 | V13: 3134.951 | W13: 3135.638 | X13: 3137.772 | Y13: 3138.5 | Z13: 3140.279 | AA13: 3140.995 | AB13: 3143.985 | AC13: 3145.61 | AD13: 3146.507 | AE13: 3147.617 | AF13: 3148.686
E14: =E13-D13 -> 8.121 | F14: =F13-E13 -> 1.346 | G14: =G13-F13 -> 6.414 | H14: =H13-G13 -> 2.56 | I14: =I13-H13 -> 1.009 | J14: =J13-I13 -> 0.8 | K14: =K13-J13 -> 1.637 | L14: =L13-K13 -> 1.576 | ... AF14: =AF13-AE13 -> 1.069
B15: Total Daily Consumption (m3) | E15: =E6+((E8*45%)+(E10*45%)+(E12+E14)) -> 308.65 | F15: =F6+((F8*45%)+(F10*45%)+(F12+F14)) -> 331.297 | G15: =G6+((G8*45%)+(G10*45%)+(G12+G14)) -> 363.09 | H15: =H6+((H8*45%)+(H10*45%)+(H12+H14)) -> 335.785 | I15: =I6+((I8*45%)+(I10*45%)+(I12+I14)) -> 328.122 | J15: =J6+((J8*45%)+(J10*45%)+(J12+J14)) -> 319.681 | K15: =K6+((K8*45%)+(K10*45%)+(K12+K14)) -> 346.817 | L15: =L6+((L8*45%)+(L10*45%)+(L12+L14)) -> 295.114 | ... AF15: =AF6+((AF8*45%)+(AF10*45%)+(AF12+AF14)) -> 303.235
B16: Total Monthly Consumption (m3) | E16: =SUM(E15:AF15) -> 8381.093

Sheet LPG
A1: DAILY GAS METER READINGS & CONSUMPTION (Liters) February 2025
A3: AREA SERVED | B3: BOILER 1 & 2 | D3: MAIN KITCHEN | F3: PASTRY KITCHEN | H3: GINGER KITCHEN | J3: TEATRO | L3: COOPER'S KITCHEN
A4: PRESSURE (mBar) | B4: 483 | D4: 30 | F4: 30 | H4: 30 | J4: 50 | L4: 30
A5: LAST MONTH'S FINAL READING | B5: 185260 | D5: 72283.55 | F5: 8196.8 | H5: 2354.89 | J5: 194211.9 | L5: 15560.48 | N5: Daily Consumption
A6: 1 | B6: 186290 | C6: =(B6-B5)*3.7 -> 3811 | D6: 72297.33 | E6: =(D6-D5)*3.7 -> 50.986 | F6: 8198.22 | G6: =(F6-F5)*3.7 -> 5.254 | H6: 2354.95 | I6: =(H6-H5)*3.7 -> 0.222 | J6: 194221.4 | K6: =(J6-J5)*3.7 -> 35.15 | L6: 15564.97 | M6: =(L6-L5)*3.7 -> 16.613 | N6: =SUM(C6,E6,G6,I6,K6,M6) -> 3919.225
A7: 2 | B7: 187353 | C7: =(B7-B6)*3.7 -> 3933.1 | D7: 72312.63 | E7: =(D7-D6)*3.7 -> 56.61 | F7: 8199.9 | G7: =(F7-F6)*3.7 -> 6.216 | H7: 2355.08 | I7: =(H7-H6)*3.7 -> 0.481 | J7: 194229.9 | K7: =(J7-J6)*3.7 -> 31.45 | L7: 15567.97 | M7: =(L7-L6)*3.7 -> 11.1 | N7: =SUM(C7,E7,G7,I7,K7,M7) -> 4038.957
A8: 3 | B8: 188487 | C8: =(B8-B7)*3.7 -> 4195.8 | D8: 72324.99 | E8: =(D8-D7)*3.7 -> 45.732 | F8: 8201.34 | G8: =(F8-F7)*3.7 -> 5.328 | H8: 2355.15 | I8: =(H8-H7)*3.7 -> 0.259 | J8: 194239.4 | K8: =(J8-J7)*3.7 -> 35.15 | L8: 15570.21 | M8: =(L8-L7)*3.7 -> 8.288 | N8: =SUM(C8,E8,G8,I8,K8,M8) -> 4290.557
A9: 4 | B9: 189512 | C9: =(B9-B8)*3.7 -> 3792.5 | D9: 72340.33 | E9: =(D9-D8)*3.7 -> 56.758 | F9: 8202.2 | G9: =(F9-F8)*3.7 -> 3.182 | H9: 2355.18 | I9: =(H9-H8)*3.7 -> 0.111 | J9: 194248.2 | K9: =(J9-J8)*3.7 -> 32.56 | L9: 15572.86 | M9: =(L9-L8)*3.7 -> 9.805 | N9: =SUM(C9,E9,G9,I9,K9,M9) -> 3894.916
A10: 5 | B10: 190452 | C10: =(B10-B9)*3.7 -> 3478 | D10: 72355.5 | E10: =(D10-D9)*3.7 -> 56.129 | F10: 8202.8 | G10: =(F10-F9)*3.7 -> 2.22 | H10: 2355.22 | I10: =(H10-H9)*3.7 -> 0.148 | J10: 194258.5 | K10: =(J10-J9)*3.7 -> 38.11 | L10: 15575.5 | M10: =(L10-L9)*3.7 -> 9.768 | N10: =SUM(C10,E10,G10,I10,K10,M10) -> 3584.375
A11: 6 | B11: 191514 | C11: =(B11-B10)*3.7 -> 3929.4 | D11: 72364.4 | E11: =(D11-D10)*3.7 -> 32.93 | F11: 8204.88 | G11: =(F11-F10)*3.7 -> 7.696 | H11: 2355.29 | I11: =(H11-H10)*3.7 -> 0.259 | J11: 194270.1 | K11: =(J11-J10)*3.7 -> 42.92 | L11: 15578 | M11: =(L11-L10)*3.7 -> 9.25 | N11: =SUM(C11,E11,G11,I11,K11,M11) -> 4022.455
A12: 7 | B12: 192476 | C12: =(B12-B11)*3.7 -> 3559.4 | D12: 72373.98 | E12: =(D12-D11)*3.7 -> 35.446 | F12: 8206.33 | G12: =(F12-F11)*3.7 -> 5.365 | H12: 2355.3 | I12: =(H12-H11)*3.7 -> 0.037 | J12: 194289.2 | K12: =(J12-J11)*3.7 -> 70.67 | L12: 15585.16 | M12: =(L12-L11)*3.7 -> 26.492 | N12: =SUM(C12,E12,G12,I12,K12,M12) -> 3697.41
A13: 8 | B13: 193381 | C13: =(B13-B12)*3.7 -> 3348.5 | D13: 72386.76 | E13: =(D13-D12)*3.7 -> 47.286 | F13: 8208.06 | G13: =(F13-F12)*3.7 -> 6.401 | H13: 2355.35 | I13: =(H13-H12)*3.7 -> 0.185 | J13: 194304.3 | K13: =(J13-J12)*3.7 -> 55.87 | L13: 15590.84 | M13: =(L13-L12)*3.7 -> 21.016 | N13: =SUM(C13,E13,G13,I13,K13,M13) -> 3479.258
A14: 9 | B14: 194321 | C14: =(B14-B13)*3.7 -> 3478 | D14: 72399.35 | E14: =(D14-D13)*3.7 -> 46.583 | F14: 8209.35 | G14: =(F14-F13)*3.7 -> 4.773 | H14: 2355.4 | I14: =(H14-H13)*3.7 -> 0.185 | J14: 194316.2 | K14: =(J14-J13)*3.7 -> 44.03 | L14: 15592.35 | M14: =(L14-L13)*3.7 -> 5.587 | N14: =SUM(C14,E14,G14,I14,K14,M14) -> 3579.158
A15: 10 | B15: 195201 | C15: =(B15-B14)*3.7 -> 3256 | D15: 72409.3 | E15: =(D15-D14)*3.7 -> 36.815 | F15: 8210.02 | G15: =(F15-F14)*3.7 -> 2.479 | H15: 2355.42 | I15: =(H15-H14)*3.7 -> 0.074 | J15: 194333.2 | K15: =(J15-J14)*3.7 -> 62.9 | L15: 15595.98 | M15: =(L15-L14)*3.7 -> 13.431 | N15: =SUM(C15,E15,G15,I15,K15,M15) -> 3371.699
A16: 11 | B16: 196111 | C16: =(B16-B15)*3.7 -> 3367 | D16: 72416.58 | E16: =(D16-D15)*3.7 -> 26.936 | F16: 8211 | G16: =(F16-F15)*3.7 -> 3.626 | H16: 2355.44 | I16: =(H16-H15)*3.7 -> 0.074 | J16: 194347.8 | K16: =(J16-J15)*3.7 -> 54.02 | L16: 15599.14 | M16: =(L16-L15)*3.7 -> 11.692 | N16: =SUM(C16,E16,G16,I16,K16,M16) -> 3463.348
A17: 12 | B17: 197050 | C17: =(B17-B16)*3.7 -> 3474.3 | D17: 72423 | E17: =(D17-D16)*3.7 -> 23.754 | F17: 8212.3 | G17: =(F17-F16)*3.7 -> 4.81 | H17: 2355.46 | I17: =(H17-H16)*3.7 -> 0.074 | J17: 194360 | K17: =(J17-J16)*3.7 -> 45.14 | L17: 15602 | M17: =(L17-L16)*3.7 -> 10.582 | N17: =SUM(C17,E17,G17,I17,K17,M17) -> 3558.66
... A33: 28 | B33: 210361 | C33: =(B33-B32)*3.7 -> 3215.3 | D33: 72574.06 | E33: =(D33-D32)*3.7 -> 40.441 | F33: 8229.43 | G33: =(F33-F32)*3.7 -> 3.552 | H33: 2356.08 | I33: =(H33-H32)*3.7 -> 0.37 | J33: 194600.7 | K33: =(J33-J32)*3.7 -> 35.52 | L33: 15649.91 | M33: =(L33-L32)*3.7 -> 0 | N33: =SUM(C33,E33,G33,I33,K33,M33) -> 3295.183
N34: =SUM(C34,E34,G34,I34,K34,M34) -> 0
A35: TOTAL Consumption | C35: =SUM(C6:C34) -> 92873.7 | E35: =SUM(E6:E34) -> 1074.887 | G35: =SUM(G6:G34) -> 120.731 | I35: =SUM(I6:I34) -> 4.403 | K35: =SUM(K6:K34) -> 1438.56 | M35: =SUM(M6:M34) -> 330.891
A37: TOTAL BOILER | C37: =SUM(C35) -> 92873.7
A38: TOTAL KITCHEN | C38: =SUM(E35,G35,I35,K35,M35) -> 2969.472
A39: TOTAL Boiler & Kitchen | C39: =SUM(C37:D38) -> 95843.172
