Workbook

Sheet Total
A1: Site Name | B1: Day | C1: Month | D1: Year | E1: Total Electricity Kwh | F1: Electricity Tariff ($/Kwh) | G1: LPG (Liters) | H1: LPG $/Liters | I1: Water Utility Supply (m3) m3 | J1: Water Utility Supply (m3) $/m3 | K1: Room Nights | L1: Total Guests
A2: Park Rotana and Park Arjaan Abu Dhabi | B2: 1 | C2: 12 | D2: 2024 | E2: {=TRANSPOSE(Electricity!E21:AI21)} -> 32163.2 | F2: 0.2 | G2: =LPG!N6 -> 3807.855 | H2: 1.67 | I2: {=TRANSPOSE(Water!E15:AI15)} -> 298.855 | J2: 7.84 | K2: ='Occupied & No. of Guest'!B3 -> 414 | L2: ='Occupied & No. of Guest'!C3 -> 613
A3: Park Rotana and Park Arjaan Abu Dhabi | B3: =B2+1 -> 2 | C3: 12 | D3: 2024 | E3: 28486.2 | F3: 0.2 | G3: =LPG!N7 -> 3834.828 | H3: 1.67 | I3: 210.771 | J3: 7.84 | K3: ='Occupied & No. of Guest'!B4 -> 464 | L3: ='Occupied & No. of Guest'!C4 -> 619
A4: Park Rotana and Park Arjaan Abu Dhabi | B4: =B3+1 -> 3 | C4: 12 | D4: 2024 | E4: 29672.6 | F4: 0.2 | G4: =LPG!N8 -> 0 | H4: 1.67 | I4: 247.232 | J4: 7.84 | K4: ='Occupied & No. of Guest'!B5 -> 451 | L4: ='Occupied & No. of Guest'!C5 -> 551
A5: Park Rotana and Park Arjaan Abu Dhabi | B5: =B4+1 -> 4 | C5: 12 | D5: 2024 | E5: 30612 | F5: 0.2 | G5: =LPG!N9 -> 7542.08 | H5: 1.67 | I5: 266.674 | J5: 7.84 | K5: ='Occupied & No. of Guest'!B6 -> 412 | L5: ='Occupied & No. of Guest'!C6 -> 496
A6: Park Rotana and Park Arjaan Abu Dhabi | B6: =B5+1 -> 5 | C6: 12 | D6: 2024 | E6: 30531.6 | F6: 0.2 | G6: =LPG!N10 -> 3414.175 | H6: 1.67 | I6: 270.472 | J6: 7.84 | K6: ='Occupied & No. of Guest'!B7 -> 465 | L6: ='Occupied & No. of Guest'!C7 -> 542
A7: Park Rotana and Park Arjaan Abu Dhabi | B7: =B6+1 -> 6 | C7: 12 | D7: 2024 | E7: 32565.6 | F7: 0.2 | G7: =LPG!N11 -> 3374.733 | H7: 1.67 | I7: 284.354 | J7: 7.84 | K7: ='Occupied & No. of Guest'!B8 -> 474 | L7: ='Occupied & No. of Guest'!C8 -> 567
A8: Park Rotana and Park Arjaan Abu Dhabi | B8: =B7+1 -> 7 | C8: 12 | D8: 2024 | E8: 32245.6 | F8: 0.2 | G8: =LPG!N12 -> 178.488 | H8: 1.67 | I8: 229.084 | J8: 7.84 | K8: ='Occupied & No. of Guest'!B9 -> 485 | L8: ='Occupied & No. of Guest'!C9 -> 595
A9: Park Rotana and Park Arjaan Abu Dhabi | B9: =B8+1 -> 8 | C9: 12 | D9: 2024 | E9: 31272.6 | F9: 0.2 | G9: =LPG!N13 -> 6943.346 | H9: 1.67 | I9: 266.608 | J9: 7.84 | K9: ='Occupied & No. of Guest'!B10 -> 476 | L9: ='Occupied & No. of Guest'!C10 -> 567
A10: Park Rotana and Park Arjaan Abu Dhabi | B10: =B9+1 -> 9 | C10: 12 | D10: 2024 | E10: 30045.6 | F10: 0.2 | G10: =LPG!N14 -> 3161.872 | H10: 1.67 | I10: 282.56 | J10: 7.84 | K10: ='Occupied & No. of Guest'!B11 -> 461 | L10: ='Occupied & No. of Guest'!C11 -> 566
A11: Park Rotana and Park Arjaan Abu Dhabi | B11: =B10+1 -> 10 | C11: 12 | D11: 2024 | E11: 30157.2 | F11: 0.2 | G11: =LPG!N15 -> 3533.241 | H11: 1.67 | I11: 271.172 | J11: 7.84 | K11: ='Occupied & No. of Guest'!B12 -> 464 | L11: ='Occupied & No. of Guest'!C12 -> 608
A12: Park Rotana and Park Arjaan Abu Dhabi | B12: =B11+1 -> 11 | C12: 12 | D12: 2024 | E12: 32432.4 | F12: 0.2 | G12: =LPG!N16 -> 3365.964 | H12: 1.67 | I12: 292.204 | J12: 7.84 | K12: ='Occupied & No. of Guest'!B13 -> 467 | L12: ='Occupied & No. of Guest'!C13 -> 639
A13: Park Rotana and Park Arjaan Abu Dhabi | B13: =B12+1 -> 12 | C13: 12 | D13: 2024 | E13: 31115 | F13: 0.2 | G13: =LPG!N17 -> 3098.454 | H13: 1.67 | I13: 327.393 | J13: 7.84 | K13: ='Occupied & No. of Guest'!B14 -> 455 | L13: ='Occupied & No. of Guest'!C14 -> 657
A14: Park Rotana and Park Arjaan Abu Dhabi | B14: =B13+1 -> 13 | C14: 12 | D14: 2024 | E14: 31444.2 | F14: 0.2 | G14: =LPG!N18 -> 3825.689 | H14: 1.67 | I14: 285.785 | J14: 7.84 | K14: ='Occupied & No. of Guest'!B15 -> 379 | L14: ='Occupied & No. of Guest'!C15 -> 553
... A32: Park Rotana and Park Arjaan Abu Dhabi | B32: =B31+1 -> 31 | C32: 12 | D32: 2024 | E32: 30094.8 | F32: 0.2 | G32: =LPG!N36 -> 3627.443 | H32: 1.67 | I32: 311.423 | J32: 7.84 | K32: ='Occupied & No. of Guest'!B33 -> 438 | L32: ='Occupied & No. of Guest'!C33 -> 855

Sheet Electricity
A2: DAILY ELECTRICITY METER READINGS & CONSUMPTION DECEMBER 2024
A4: S/N | B4: METER NUMBER &LOCATION | C4: AREA SERVED | D4: Last Month Final Readings | E4: 1 | F4: 2 | G4: 3 | H4: 4 | I4: 5 | J4: 6 | K4: 7 | L4: 8 | M4: 9 | N4: 10 | O4: 11 | P4: 12 | Q4: 13 | R4: 14 | S4: 15 | T4: 16 | U4: 17 | V4: 18 | W4: 19 | X4: 20 | Y4: 21 | Z4: 22 | AA4: 23 | AB4: 24 | AC4: 25 | AD4: 26 | AE4: 27 | AF4: 28 | AG4: 29 | AH4: 30 | AI4: 31
A5: 1 | B5: I5T18D002265/ No. 72039516 | C5: Hotel & Arjaan incomer 1 (Kilowatt) | D5: 14129896 | E5: 14152422 | F5: 14172680 | G5: 14193583 | H5: 14215283 | I5: 14236164 | J5: 14257237 | K5: 14278190 | L5: 14299329 | M5: 14320667 | N5: 14341384 | O5: 14363535 | P5: 14385536 | Q5: 14407854 | R5: 14430057 | S5: 14451684 | T5: 14472995 | U5: 14494117 | V5: 14515634 | W5: 14536640 | X5: 14558520 | Y5: 14580503 | Z5: 14600982 | AA5: 14622440 | AB5: 14643734 | AC5: 14665368 | AD5: 14687066 | AE5: 14708705 | AF5: 14730326 | AG5: 14751940 | AH5: 14773405 | AI5: 14794812
E6: =E5-D5 -> 22526 | F6: =F5-E5 -> 20258 | G6: =G5-F5 -> 20903 | H6: =H5-G5 -> 21700 | I6: =I5-H5 -> 20881 | J6: =J5-I5 -> 21073 | K6: =K5-J5 -> 20953 | L6: =L5-K5 -> 21139 | ... AI6: =AI5-AH5 -> 21407
A7: 2 | B7: I5T18D002266/ No. 72039517 | C7: Hotel & Arjaan incomer 2 (Kilowatt) | D7: 620 | E7: 620 | F7: 620 | G7: 620 | H7: 620 | I7: 620 | J7: 620 | K7: 620 | L7: 620 | M7: 620 | N7: 620 | O7: 620 | P7: 620 | Q7: 620 | R7: 620 | S7: 620 | T7: 620 | U7: 620 | V7: 620 | W7: 620 | X7: 620 | Y7: 620 | Z7: 620 | AA7: 620 | AB7: 620 | AC7: 620 | AD7: 620 | AE7: 620 | AF7: 620 | AG7: 620 | AH7: 620 | AI7: 620
E8: =E7-D7 -> 0 | F8: =F7-E7 -> 0 | G8: =G7-F7 -> 0 | H8: =H7-G7 -> 0 | I8: =I7-H7 -> 0 | J8: =J7-I7 -> 0 | K8: =K7-J7 -> 0 | L8: =L7-K7 -> 0 | ... AI8: =AI7-AH7 -> 0
A9: 3 | B9: I5T18D002318 / 72039569 | C9: Chillers (SMDB CH 1) (Kilowatt) | D9: 15654891 | E9: 15676345 | F9: 15692798 | G9: 15709097 | H9: 15725701 | I9: 15743690 | J9: 15765451 | K9: 15786747 | L9: 15805844 | M9: 15822787 | N9: 15841690 | O9: 15862517 | P9: 15880584 | Q9: 15898686 | R9: 15915911 | S9: 15931885 | T9: 15949273 | U9: 15967647 | V9: 15985489 | W9: 16001092 | X9: 16019311 | Y9: 16037377 | Z9: 16054429 | AA9: 16071680 | AB9: 16089437 | AC9: 16107602 | AD9: 16126254 | AE9: 16144363 | AF9: 16161884 | AG9: 16179434 | AH9: 16199617 | AI9: 16219487
E10: =E9-D9 -> 21454 | F10: =F9-E9 -> 16453 | G10: =G9-F9 -> 16299 | H10: =H9-G9 -> 16604 | I10: =I9-H9 -> 17989 | J10: =J9-I9 -> 21761 | K10: =K9-J9 -> 21296 | L10: =L9-K9 -> 19097 | ... AI10: =AI9-AH9 -> 19870
A11: 4 | B11: I5T18D002317 / 72039568 | C11: Chillers (SMDB CH 2) (Kilowatt) | D11: 10568341 | E11: 10570115 | F11: 10573385 | G11: 10578120 | H11: 10582976 | I11: 10588291 | J11: 10594424 | K11: 10600532 | L11: 10605984 | M11: 10609965 | N11: 10613820 | O11: 10617874 | P11: 10621837 | Q11: 10625808 | R11: 10629603 | S11: 10633336 | T11: 10635354 | U11: 10636727 | V11: 10637666 | W11: 10640911 | X11: 10641884 | Y11: 10642788 | Z11: 10643661 | AA11: 10645114 | AB11: 10646797 | AC11: 10648514 | AD11: 10650802 | AE11: 10652760 | AF11: 10654685 | AG11: 10656523 | AH11: 10657713 | AI11: 10658765
E12: =E11-D11 -> 1774 | F12: =F11-E11 -> 3270 | G12: =G11-F11 -> 4735 | H12: =H11-G11 -> 4856 | I12: =I11-H11 -> 5315 | J12: =J11-I11 -> 6133 | K12: =K11-J11 -> 6108 | L12: =L11-K11 -> 5452 | ... AI12: =AI11-AH11 -> 1052
A13: 7 | B13: E5T09D035490 | C13: Fire Pump 2 S (Kwh) | D13: 3373 | E13: 3377 | F13: 3377 | G13: 3377 | H13: 3377 | I13: 3377 | J13: 3377 | K13: 3377 | L13: 3377 | M13: 3377 | N13: 3377 | O13: 3377 | P13: 3377 | Q13: 3377 | R13: 3377 | S13: 3377 | T13: 3377 | U13: 3377 | V13: 3377 | W13: 3377 | X13: 3377 | Y13: 3377 | Z13: 3377 | AA13: 3377 | AB13: 3377 | AC13: 3377 | AD13: 3377 | AE13: 3377 | AF13: 3377 | AG13: 3377 | AH13: 3377 | AI13: 3377
E14: =E13-D13 -> 4 | F14: =F13-E13 -> 0 | G14: =G13-F13 -> 0 | H14: =H13-G13 -> 0 | I14: =I13-H13 -> 0 | J14: =J13-I13 -> 0 | K14: =K13-J13 -> 0 | L14: =L13-K13 -> 0 | ... AD14: =AD13-AC13 -> 0 | AE14: 0 | AF14: =AF13-AE13 -> 0 | AG14: =AG13-AF13 -> 0 | AH14: =AH13-AG13 -> 0 | AI14: =AI13-AH13 -> 0
A15: 8 | B15: E5TO9D035489 | C15: Fire Pump 1 S (Kwh) | D15: 487 | E15: 490 | F15: 490 | G15: 490 | H15: 490 | I15: 490 | J15: 490 | K15: 491 | L15: 491 | M15: 491 | N15: 491 | O15: 491 | P15: 491 | Q15: 491 | R15: 491 | S15: 496 | T15: 496 | U15: 496 | V15: 496 | W15: 496 | X15: 496 | Y15: 496 | Z15: 496 | AA15: 496 | AB15: 496 | AC15: 496 | AD15: 496 | AE15: 496 | AF15: 496 | AG15: 497 | AH15: 497 | AI15: 497
E16: =E15-D15 -> 3 | F16: =F15-E15 -> 0 | G16: =G15-F15 -> 0 | H16: =H15-G15 -> 0 | I16: =I15-H15 -> 0 | J16: =J15-I15 -> 0 | K16: =K15-J15 -> 1 | L16: =L15-K15 -> 0 | ... AI16: =AI15-AH15 -> 0
A17: 13 | B17: E5T09D034337 | C17: SMDB Spa S (Kwh) | D17: 1457853 | E17: 1458146 | F17: 1458443 | G17: 1458753 | H17: 1459037 | I17: 1459324 | J17: 1459617 | K17: 1459903 | L17: 1460175 | M17: 1460469 | N17: 1460758 | O17: 1461049 | P17: 1461311 | Q17: 1461566 | R17: 1461806 | S17: 1462054 | T17: 1462333 | U17: 1462594 | V17: 1462851 | W17: 1463130 | X17: 1463387 | Y17: 1463627 | Z17: 1463868 | AA17: 1464127 | AB17: 1464397 | AC17: 1464686 | AD17: 1464965 | AE17: 1465223 | AF17: 1465510 | AG17: 1465779 | AH17: 1466052 | AI17: 1466327
E18: =E17-D17 -> 293 | F18: =F17-E17 -> 297 | G18: =G17-F17 -> 310 | H18: =H17-G17 -> 284 | I18: =I17-H17 -> 287 | J18: =J17-I17 -> 293 | K18: =K17-J17 -> 286 | L18: =L17-K17 -> 272 | ... AI18: =AI17-AH17 -> 275
A19: 14 | B19: E5T09D034327 | C19: Hotel Gym S (Kwh) | D19: 386169 | E19: 386215 | F19: 386257 | G19: 386303 | H19: 386347 | I19: 386389 | J19: 386431 | K19: 386475 | L19: 386517 | M19: 386561 | N19: 386609 | O19: 386647 | P19: 386687 | Q19: 386729 | R19: 386771 | S19: 386813 | T19: 386855 | U19: 386896 | V19: 386937 | W19: 386975 | X19: 387013 | Y19: 387052 | Z19: 387095 | AA19: 387137 | AB19: 387183 | AC19: 387228 | AD19: 387270 | AE19: 387315 | AF19: 387359 | AG19: 387405 | AH19: 387452 | AI19: 387496
E20: =E19-D19 -> 46 | F20: =F19-E19 -> 42 | G20: =G19-F19 -> 46 | H20: =H19-G19 -> 44 | I20: =I19-H19 -> 42 | J20: =J19-I19 -> 42 | K20: =K19-J19 -> 44 | L20: =L19-K19 -> 42 | ... AI20: =AI19-AH19 -> 44
B21: Total Daily Consumption (kw) | E21: =((E6+E8)+((E10+E12)*40%)+(E14+E16+E18+E20)) -> 32163.2 | F21: =((F6+F8)+((F10+F12)*40%)+(F14+F16+F18+F20)) -> 28486.2 | G21: =((G6+G8)+((G10+G12)*40%)+(G14+G16+G18+G20)) -> 29672.6 | H21: =((H6+H8)+((H10+H12)*40%)+(H14+H16+H18+H20)) -> 30612 | I21: =((I6+I8)+((I10+I12)*40%)+(I14+I16+I18+I20)) -> 30531.6 | J21: =((J6+J8)+((J10+J12)*40%)+(J14+J16+J18+J20)) -> 32565.6 | K21: =((K6+K8)+((K10+K12)*40%)+(K14+K16+K18+K20)) -> 32245.6 | L21: =((L6+L8)+((L10+L12)*40%)+(L14+L16+L18+L20)) -> 31272.6 | ... AI21: =((AI6+AI8)+((AI10+AI12)*40%)+(AI14+AI16+AI18+AI20)) -> 30094.8
B22: Total Monthly Consumption (kw) | E22: =SUM(E21:AI21) -> 936739

Sheet LPG
A1: DAILY GAS METER READINGS & CONSUMPTION (Liters) DEEMBER 2024
A3: AREA SERVED | B3: BOILER 1 & 2 | D3: MAIN KITCHEN | F3: PASTRY KITCHEN | H3: GINGER KITCHEN | J3: TEATRO | L3: COOPER'S KITCHEN
A4: PRESSURE (mBar) | B4: 483 | D4: 30 | F4: 30 | H4: 30 | J4: 50 | L4: 30
A5: LAST MONTH'S FINAL READING | B5: 127617 | D5: 71610.12 | F5: 8119.02 | H5: 2345 | J5: 193533.1 | L5: 15354 | N5: Daily Consumption
A6: 1 | B6: 128616 | C6: =(B6-B5)*3.7 -> 3696.3 | D6: 71621.6 | E6: =(D6-D5)*3.7 -> 42.476 | F6: 8121.21 | G6: =(F6-F5)*3.7 -> 8.103 | H6: 2345.44 | I6: =(H6-H5)*3.7 -> 1.628 | J6: 193544.7 | K6: =(J6-J5)*3.7 -> 42.92 | L6: 15358.44 | M6: =(L6-L5)*3.7 -> 16.428 | N6: =SUM(C6,E6,G6,I6,K6,M6) -> 3807.855
A7: 2 | B7: 129632 | C7: =(B7-B6)*3.7 -> 3759.2 | D7: 71631.43 | E7: =(D7-D6)*3.7 -> 36.371 | F7: 8122.34 | G7: =(F7-F6)*3.7 -> 4.181 | H7: 2345.83 | I7: =(H7-H6)*3.7 -> 1.443 | J7: 193551.1 | K7: =(J7-J6)*3.7 -> 23.68 | L7: 15361.13 | M7: =(L7-L6)*3.7 -> 9.953 | N7: =SUM(C7,E7,G7,I7,K7,M7) -> 3834.828
A8: 3 | B8: 129632 | C8: =(B8-B7)*3.7 -> 0 | D8: 71631.43 | E8: =(D8-D7)*3.7 -> 0 | F8: 8122.34 | G8: =(F8-F7)*3.7 -> 0 | H8: 2345.83 | I8: =(H8-H7)*3.7 -> 0 | J8: 193551.1 | K8: =(J8-J7)*3.7 -> 0 | L8: 15361.13 | M8: =(L8-L7)*3.7 -> 0 | N8: =SUM(C8,E8,G8,I8,K8,M8) -> 0
A9: 4 | B9: 131632 | C9: =(B9-B8)*3.7 -> 7400 | D9: 71644 | E9: =(D9-D8)*3.7 -> 46.509 | F9: 8123.99 | G9: =(F9-F8)*3.7 -> 6.105 | H9: 2346.18 | I9: =(H9-H8)*3.7 -> 1.295 | J9: 193570.7 | K9: =(J9-J8)*3.7 -> 72.52 | L9: 15365.36 | M9: =(L9-L8)*3.7 -> 15.651 | N9: =SUM(C9,E9,G9,I9,K9,M9) -> 7542.08
A10: 5 | B10: 132537 | C10: =(B10-B9)*3.7 -> 3348.5 | D10: 71651.13 | E10: =(D10-D9)*3.7 -> 26.381 | F10: 8124.43 | G10: =(F10-F9)*3.7 -> 1.628 | H10: 2346.39 | I10: =(H10-H9)*3.7 -> 0.777 | J10: 193578.9 | K10: =(J10-J9)*3.7 -> 30.34 | L10: 15367.13 | M10: =(L10-L9)*3.7 -> 6.549 | N10: =SUM(C10,E10,G10,I10,K10,M10) -> 3414.175
A11: 6 | B11: 133412 | C11: =(B11-B10)*3.7 -> 3237.5 | D11: 71660.34 | E11: =(D11-D10)*3.7 -> 34.077 | F11: 8126.46 | G11: =(F11-F10)*3.7 -> 7.511 | H11: 2346.39 | I11: =(H11-H10)*3.7 -> 0 | J11: 193592.7 | K11: =(J11-J10)*3.7 -> 51.06 | L11: 15379.18 | M11: =(L11-L10)*3.7 -> 44.585 | N11: =SUM(C11,E11,G11,I11,K11,M11) -> 3374.733
A12: 7 | B12: 133440 | C12: =(B12-B11)*3.7 -> 103.6 | D12: 71668.14 | E12: =(D12-D11)*3.7 -> 28.86 | F12: 8127.81 | G12: =(F12-F11)*3.7 -> 4.995 | H12: 2346.7 | I12: =(H12-H11)*3.7 -> 1.147 | J12: 193599.56 | K12: =(J12-J11)*3.7 -> 25.382 | L12: 15383.1 | M12: =(L12-L11)*3.7 -> 14.504 | N12: =SUM(C12,E12,G12,I12,K12,M12) -> 178.488
A13: 8 | B13: 135291 | C13: =(B13-B12)*3.7 -> 6848.7 | D13: 71678.6 | E13: =(D13-D12)*3.7 -> 38.702 | F13: 8128.43 | G13: =(F13-F12)*3.7 -> 2.294 | H13: 2346.92 | I13: =(H13-H12)*3.7 -> 0.814 | J13: 193609.13 | K13: =(J13-J12)*3.7 -> 35.409 | L13: 15387.81 | M13: =(L13-L12)*3.7 -> 17.427 | N13: =SUM(C13,E13,G13,I13,K13,M13) -> 6943.346
A14: 9 | B14: 136115 | C14: =(B14-B13)*3.7 -> 3048.8 | D14: 71687.84 | E14: =(D14-D13)*3.7 -> 34.188 | F14: 8128.82 | G14: =(F14-F13)*3.7 -> 1.443 | H14: 2346.92 | I14: =(H14-H13)*3.7 -> 0 | J14: 193623.6 | K14: =(J14-J13)*3.7 -> 53.539 | L14: 15394.27 | M14: =(L14-L13)*3.7 -> 23.902 | N14: =SUM(C14,E14,G14,I14,K14,M14) -> 3161.872
A15: 10 | B15: 137047 | C15: =(B15-B14)*3.7 -> 3448.4 | D15: 71696 | E15: =(D15-D14)*3.7 -> 30.192 | F15: 8129.87 | G15: =(F15-F14)*3.7 -> 3.885 | H15: 2346.92 | I15: =(H15-H14)*3.7 -> 0 | J15: 193633.5 | K15: =(J15-J14)*3.7 -> 36.63 | L15: 15398.09 | M15: =(L15-L14)*3.7 -> 14.134 | N15: =SUM(C15,E15,G15,I15,K15,M15) -> 3533.241
A16: 11 | B16: 137934 | C16: =(B16-B15)*3.7 -> 3281.9 | D16: 71706.1 | E16: =(D16-D15)*3.7 -> 37.37 | F16: 8130.14 | G16: =(F16-F15)*3.7 -> 0.999 | H16: 2346.96 | I16: =(H16-H15)*3.7 -> 0.148 | J16: 193641.8 | K16: =(J16-J15)*3.7 -> 30.71 | L16: 15402.1 | M16: =(L16-L15)*3.7 -> 14.837 | N16: =SUM(C16,E16,G16,I16,K16,M16) -> 3365.964
A17: 12 | B17: 138750 | C17: =(B17-B16)*3.7 -> 3019.2 | D17: 71716 | E17: =(D17-D16)*3.7 -> 36.63 | F17: 8130.5 | G17: =(F17-F16)*3.7 -> 1.332 | H17: 2347.02 | I17: =(H17-H16)*3.7 -> 0.222 | J17: 193648.5 | K17: =(J17-J16)*3.7 -> 24.79 | L17: 15406.5 | M17: =(L17-L16)*3.7 -> 16.28 | N17: =SUM(C17,E17,G17,I17,K17,M17) -> 3098.454
... A36: 31 | B36: 157297 | C36: =(B36-B35)*3.7 -> 3522.4 | D36: 71941.77 | E36: =(D36-D35)*3.7 -> 52.059 | F36: 8155.13 | G36: =(F36-F35)*3.7 -> 3.515 | H36: 2350.45 | I36: =(H36-H35)*3.7 -> 0.629 | J36: 193859.1 | K36: =(J36-J35)*3.7 -> 40.33 | L36: 15464.33 | M36: =(L36-L35)*3.7 -> 8.51 | N36: =SUM(C36,E36,G36,I36,K36,M36) -> 3627.443
A37: TOTAL Consumption | C37: =SUM(C6:C36) -> 109816 | E37: =SUM(E6:E36) -> 1227.105 | G37: =SUM(G6:G36) -> 133.607 | I37: =SUM(I6:I36) -> 20.165 | K37: =SUM(K6:K36) -> 1206.2 | M37: =SUM(M6:M36) -> 408.221
A39: TOTAL BOILER | C39: =SUM(C37) -> 109816
A40: TOTAL KITCHEN | C40: =SUM(E37,G37,I37,K37,M37) -> 2995.298
A41: TOTAL Boiler & Kitchen | C41: =SUM(C39:D40) -> 112811.3

Sheet Water
B2: DAILY WATER METER READINGS & CONSUMPTION (m3) DECEMBER 2024
A4: S/N | B4: METER NUMBER & LOCATION | C4: AREA SERVED | D4: LAST MONTH'S FINAL READING | E4: 1 | F4: 2 | G4: 3 | H4: 4 | I4: 5 | J4: 6 | K4: 7 | L4: 8 | M4: 9 | N4: 10 | O4: 11 | P4: 12 | Q4: 13 | R4: 14 | S4: 15 | T4: 16 | U4: 17 | V4: 18 | W4: 19 | X4: 20 | Y4: 21 | Z4: 22 | AA4: 23 | AB4: 24 | AC4: 25 | AD4: 26 | AE4: 27 | AF4: 28 | AG4: 29 | AH4: 30 | AI4: 31
A5: 1 | B5: 48242051 (Hotel & Arjaan Main Meter) | C5: Hotel & Arjaan / Raw Water Tank for Hotel,Arjaan,Kitchen,Laundry,Staff Locker,Hotel Swimming Pool | D5: 170611 | E5: 170850 | F5: 171052 | G5: 171289 | H5: 171499 | I5: 171708 | J5: 171926 | K5: 172143 | L5: 172360 | M5: 172592 | N5: 172806 | O5: 173038 | P5: 173308 | Q5: 173541 | R5: 173764 | S5: 174026 | T5: 174280 | U5: 174507 | V5: 174793 | W5: 175038 | X5: 175289 | Y5: 175560 | Z5: 175776 | AA5: 175995 | AB5: 176273 | AC5: 176532 | AD5: 176831 | AE5: 177082 | AF5: 177386 | AG5: 177651 | AH5: 177984 | AI5: 178247
E6: =E5-D5 -> 239 | F6: =F5-E5 -> 202 | G6: =G5-F5 -> 237 | H6: =H5-G5 -> 210 | I6: =I5-H5 -> 209 | J6: =J5-I5 -> 218 | K6: =K5-J5 -> 217 | L6: =L5-K5 -> 217 | ... AI6: =AI5-AH5 -> 263
A7: 3 | B7: EMK17100DA17081056 (Cooling Tower Meter) | C7: Cooling Towers, Irrigation Tank,CHW Make up Line,Residence Pool, Cooling Tower Blow Down | D7: 408662.6 | E7: 408682 | F7: 408693 | G7: 408704 | H7: 408722 | I7: 408741.3 | J7: 408762.5 | K7: 408776.6 | L7: 408797.7 | M7: 408815.6 | N7: 408836.1 | O7: 408857.5 | P7: 408880.2 | Q7: 408898.2 | R7: 408913.1 | S7: 408932.5 | T7: 408951.6 | U7: 408972.3 | V7: 408990.1 | W7: 409007.3 | X7: 409023.9 | Y7: 409035.7 | Z7: 409049.2 | AA7: 409061.5 | AB7: 409073.6 | AC7: 409089.7 | AD7: 409103.9 | AE7: 409119.2 | AF7: 409129.6 | AG7: 409143.4 | AH7: 409155.2 | AI7: 409169.8
E8: =E7-D7 -> 19.4 | F8: =F7-E7 -> 11 | G8: =G7-F7 -> 11 | H8: =H7-G7 -> 18 | I8: =I7-H7 -> 19.3 | J8: =J7-I7 -> 21.2 | K8: =K7-J7 -> 14.1 | L8: =L7-K7 -> 21.1 | ... AI8: =AI7-AH7 -> 14.6
A9: 4 | B9: 2045000686(Sub Meter) | C9: Irrigation water Tank | D9: 27483 | E9: 27590 | F9: 27592 | G9: 27596 | H9: 27696 | I9: 27808 | J9: 27929 | K9: 27929 | L9: 28012 | M9: 28101 | N9: 28198 | O9: 28303 | P9: 28405 | Q9: 28478 | R9: 28487 | S9: 28561 | T9: 28656 | U9: 28742 | V9: 28826 | W9: 28927 | X9: 29029 | Y9: 29037 | Z9: 29109 | AA9: 29126 | AB9: 29181 | AC9: 29247 | AD9: 29308 | AE9: 29348 | AF9: 29348 | AG9: 29397 | AH9: 29405 | AI9: 29483
E10: =E9-D9 -> 107 | F10: =F9-E9 -> 2 | G10: =G9-F9 -> 4 | H10: =H9-G9 -> 100 | I10: =I9-H9 -> 112 | J10: =J9-I9 -> 121 | K10: =K9-J9 -> 0 | L10: =L9-K9 -> 83 | ... AI10: =AI9-AH9 -> 78
A11: 5 | B11: 68864837 | C11: Hotel & Arjaan Spa | D11: 2349.798 | E11: 2351.536 | F11: 2353.23 | G11: 2354.872 | H11: 2356.501 | I11: 2357.8 | J11: 2358.853 | K11: 2361.903 | L11: 2363.615 | M11: 2365.113 | N11: 2366.915 | O11: 2368.665 | P11: 2369.12 | Q11: 2373.736 | R11: 2374.53 | S11: 2375.6 | T11: 2383.243 | U11: 2386.209 | V11: 2389.77 | W11: 2391.103 | X11: 2393.253 | Y11: 2394.652 | Z11: 2395.726 | AA11: 2397.156 | AB11: 2398.068 | AC11: 2399.662 | AD11: 2401.552 | AE11: 2403.858 | AF11: 2406.279 | AG11: 2408.817 | AH11: 2410.52 | AI11: 2412.245
E12: =E11-D11 -> 1.738 | F12: =F11-E11 -> 1.694 | G12: =G11-F11 -> 1.642 | H12: =H11-G11 -> 1.629 | I12: =I11-H11 -> 1.299 | J12: =J11-I11 -> 1.053 | K12: =K11-J11 -> 3.05 | L12: =L11-K11 -> 1.712 | ... AI12: =AI11-AH11 -> 1.725
A13: 6 | B13: 65296485 | C13: Hotel & Arjaan Gym | D13: 2980.313 | E13: 2981.55 | F13: 2982.777 | G13: 2984.617 | H13: 2986.562 | I13: 2987.65 | J13: 2988.961 | K13: 2991.65 | L13: 2992.701 | M13: 2993.658 | N13: 2996.153 | O13: 2997.727 | P13: 2998.55 | Q13: 3005.769 | R13: 3006.951 | S13: 3009.6 | T13: 3010.317 | U13: 3011.275 | V13: 3014.792 | W13: 3015.907 | X13: 3016.747 | Y13: 3019.231 | Z13: 3026.585 | AA13: 3027.534 | AB13: 3028.35 | AC13: 3030.353 | AD13: 3034.046 | AE13: 3035.15 | AF13: 3036.892 | AG13: 3043.356 | AH13: 3049.392 | AI13: 3054.42
E14: =E13-D13 -> 1.237 | F14: =F13-E13 -> 1.227 | G14: =G13-F13 -> 1.84 | H14: =H13-G13 -> 1.945 | I14: =I13-H13 -> 1.088 | J14: =J13-I13 -> 1.311 | K14: =K13-J13 -> 2.689 | L14: =L13-K13 -> 1.051 | ... AI14: =AI13-AH13 -> 5.028
B15: Total Daily Consumption (m3) | E15: =E6+((E8*45%)+(E10*45%)+(E12+E14)) -> 298.855 | F15: =F6+((F8*45%)+(F10*45%)+(F12+F14)) -> 210.771 | G15: =G6+((G8*45%)+(G10*45%)+(G12+G14)) -> 247.232 | H15: =H6+((H8*45%)+(H10*45%)+(H12+H14)) -> 266.674 | I15: =I6+((I8*45%)+(I10*45%)+(I12+I14)) -> 270.472 | J15: =J6+((J8*45%)+(J10*45%)+(J12+J14)) -> 284.354 | K15: =K6+((K8*45%)+(K10*45%)+(K12+K14)) -> 229.084 | L15: =L6+((L8*45%)+(L10*45%)+(L12+L14)) -> 266.608 | ... AI15: =AI6+((AI8*45%)+(AI10*45%)+(AI12+AI14)) -> 311.423
B16: Total Monthly Consumption (m3) | E16: =SUM(E15:AI15) -> 8900.794

Sheet Occupied & No. of Guest
A1: Occupied Room & Number of Guest December 2024
A2: Date | B2: Occupied | C2: # Guest
A3: 45627 | B3: 414 | C3: 613
A4: 45628 | B4: 464 | C4: 619
A5: 45629 | B5: 451 | C5: 551
A6: 45630 | B6: 412 | C6: 496
A7: 45631 | B7: 465 | C7: 542
A8: 45632 | B8: 474 | C8: 567
A9: 45633 | B9: 485 | C9: 595
A10: 45634 | B10: 476 | C10: 567
A11: 45635 | B11: 461 | C11: 566
A12: 45636 | B12: 464 | C12: 608
A13: 45637 | B13: 467 | C13: 639
A14: 45638 | B14: 455 | C14: 657
... A33: 45657 | B33: 438 | C33: 855
A34: TOTAL MTD | B34: =SUM(B3:B33) -> 13808 | C34: =SUM(C3:C33) -> 20898
