Workbook

Sheet Total
A1: Site Name | B1: Day | C1: Month | D1: Year | E1: Total Electricity Kwh | F1: Electricity Tariff ($/Kwh) | G1: LPG (Liters) | H1: LPG $/Liters | I1: Water Utility Supply (m3) m3 | J1: Water Utility Supply (m3) $/m3 | K1: Room Nights | L1: Total Guests
A2: Park Rotana and Park Arjaan Abu Dhabi | B2: 1 | C2: 3 | D2: 2024 | E2: {=TRANSPOSE(Electricity!E21:AI21)} -> 30402.8 | F2: 0.2 | G2: =LPG!C4 -> 2492.8065 | H2: 1.65 | I2: {=TRANSPOSE(Water!E15:AI15)} -> 313.789 | J2: 7.84 | K2: ='Occupied & No. of Guest'!B3 -> 460 | L2: ='Occupied & No. of Guest'!C3 -> 712
A3: Park Rotana and Park Arjaan Abu Dhabi | B3: =B2+1 -> 2 | C3: 3 | D3: 2024 | E3: 25934.4 | F3: 0.2 | G3: =LPG!C5 -> 2492.8065 | H3: 1.65 | I3: 260.356 | J3: 7.84 | K3: ='Occupied & No. of Guest'!B4 -> 470 | L3: ='Occupied & No. of Guest'!C4 -> 705
A4: Park Rotana and Park Arjaan Abu Dhabi | B4: =B3+1 -> 3 | C4: 3 | D4: 2024 | E4: 27848.6 | F4: 0.2 | G4: =LPG!C6 -> 2492.8065 | H4: 1.65 | I4: 274.349 | J4: 7.84 | K4: ='Occupied & No. of Guest'!B5 -> 465 | L4: ='Occupied & No. of Guest'!C5 -> 643
A5: Park Rotana and Park Arjaan Abu Dhabi | B5: =B4+1 -> 4 | C5: 3 | D5: 2024 | E5: 29776 | F5: 0.2 | G5: =LPG!C7 -> 2492.8065 | H5: 1.65 | I5: 278.356 | J5: 7.84 | K5: ='Occupied & No. of Guest'!B6 -> 437 | L5: ='Occupied & No. of Guest'!C6 -> 607
A6: Park Rotana and Park Arjaan Abu Dhabi | B6: =B5+1 -> 5 | C6: 3 | D6: 2024 | E6: 30252.4 | F6: 0.2 | G6: =LPG!C8 -> 2492.8065 | H6: 1.65 | I6: 269.049 | J6: 7.84 | K6: ='Occupied & No. of Guest'!B7 -> 480 | L6: ='Occupied & No. of Guest'!C7 -> 653
A7: Park Rotana and Park Arjaan Abu Dhabi | B7: =B6+1 -> 6 | C7: 3 | D7: 2024 | E7: 30355.8 | F7: 0.2 | G7: =LPG!C9 -> 2492.8065 | H7: 1.65 | I7: 300.202 | J7: 7.84 | K7: ='Occupied & No. of Guest'!B8 -> 478 | L7: ='Occupied & No. of Guest'!C8 -> 654
A8: Park Rotana and Park Arjaan Abu Dhabi | B8: =B7+1 -> 7 | C8: 3 | D8: 2024 | E8: 30477 | F8: 0.2 | G8: =LPG!C10 -> 2492.8065 | H8: 1.65 | I8: 326.263 | J8: 7.84 | K8: ='Occupied & No. of Guest'!B9 -> 471 | L8: ='Occupied & No. of Guest'!C9 -> 686
A9: Park Rotana and Park Arjaan Abu Dhabi | B9: =B8+1 -> 8 | C9: 3 | D9: 2024 | E9: 33131 | F9: 0.2 | G9: =LPG!C11 -> 2492.8065 | H9: 1.65 | I9: 296.683 | J9: 7.84 | K9: ='Occupied & No. of Guest'!B10 -> 409 | L9: ='Occupied & No. of Guest'!C10 -> 629
A10: Park Rotana and Park Arjaan Abu Dhabi | B10: =B9+1 -> 9 | C10: 3 | D10: 2024 | E10: 28490.2 | F10: 0.2 | G10: =LPG!C12 -> 2492.8065 | H10: 1.65 | I10: 310.637 | J10: 7.84 | K10: ='Occupied & No. of Guest'!B11 -> 356 | L10: ='Occupied & No. of Guest'!C11 -> 534
A11: Park Rotana and Park Arjaan Abu Dhabi | B11: =B10+1 -> 10 | C11: 3 | D11: 2024 | E11: 28943.4 | F11: 0.2 | G11: =LPG!C13 -> 2492.8065 | H11: 1.65 | I11: 255.496 | J11: 7.84 | K11: ='Occupied & No. of Guest'!B12 -> 307 | L11: ='Occupied & No. of Guest'!C12 -> 435
A12: Park Rotana and Park Arjaan Abu Dhabi | B12: =B11+1 -> 11 | C12: 3 | D12: 2024 | E12: 28752 | F12: 0.2 | G12: =LPG!C14 -> 2492.8065 | H12: 1.65 | I12: 208.741 | J12: 7.84 | K12: ='Occupied & No. of Guest'!B13 -> 322 | L12: ='Occupied & No. of Guest'!C13 -> 458
A13: Park Rotana and Park Arjaan Abu Dhabi | B13: =B12+1 -> 12 | C13: 3 | D13: 2024 | E13: 28454.2 | F13: 0.2 | G13: =LPG!C15 -> 2492.8065 | H13: 1.65 | I13: 241.017 | J13: 7.84 | K13: ='Occupied & No. of Guest'!B14 -> 415 | L13: ='Occupied & No. of Guest'!C14 -> 601
A14: Park Rotana and Park Arjaan Abu Dhabi | B14: =B13+1 -> 13 | C14: 3 | D14: 2024 | E14: 28011.4 | F14: 0.2 | G14: =LPG!C16 -> 2492.8065 | H14: 1.65 | I14: 230.252 | J14: 7.84 | K14: ='Occupied & No. of Guest'!B15 -> 323 | L14: ='Occupied & No. of Guest'!C15 -> 439
... A32: Park Rotana and Park Arjaan Abu Dhabi | B32: =B31+1 -> 31 | C32: 3 | D32: 2024 | E32: 29424.2 | F32: 0.2 | G32: =LPG!C34 -> 2492.8065 | H32: 1.65 | I32: 117.442 | J32: 7.84 | K32: ='Occupied & No. of Guest'!B33 -> 283 | L32: ='Occupied & No. of Guest'!C33 -> 410

Sheet Electricity
A2: DAILY ELECTRICITY METER READINGS & CONSUMPTION MARCH 2024
A4: S/N | B4: METER NUMBER &LOCATION | C4: AREA SERVED | D4: Last Month Final Readings | E4: 1 | F4: 2 | G4: 3 | H4: 4 | I4: 5 | J4: 6 | K4: 7 | L4: 8 | M4: 9 | N4: 10 | O4: 11 | P4: 12 | Q4: 13 | R4: 14 | S4: 15 | T4: 16 | U4: 17 | V4: 18 | W4: 19 | X4: 20 | Y4: 21 | Z4: 22 | AA4: 23 | AB4: 24 | AC4: 25 | AD4: 26 | AE4: 27 | AF4: 28 | AG4: 29 | AH4: 30 | AI4: 31
A5: 1 | B5: I5T18D002265/ No. 72039516 | C5: Hotel & Arjaan incomer 1 (Kilowatt) | D5: 8095112 | E5: 8118341 | F5: 8138029 | G5: 8159208 | H5: 8181574 | I5: 8203405 | J5: 8225657 | K5: 8247993 | L5: 8269839 | M5: 8291782 | N5: 8312465 | O5: 8333065 | P5: 8353603 | Q5: 8373778 | R5: 8395453 | S5: 8417705 | T5: 8438466 | U5: 8459416 | V5: 8480158 | W5: 8502406 | X5: 8522699 | Y5: 8545821 | Z5: 8567196 | AA5: 8588313 | AB5: 8609025 | AC5: 8630367 | AD5: 8651692 | AE5: 8671860 | AF5: 8692803 | AG5: 8716524 | AH5: 8737212 | AI5: 8757607
E6: =E5-D5 -> 23229 | F6: =F5-E5 -> 19688 | G6: =G5-F5 -> 21179 | H6: =H5-G5 -> 22366 | I6: =I5-H5 -> 21831 | J6: =J5-I5 -> 22252 | K6: =K5-J5 -> 22336 | L6: =L5-K5 -> 21846 | ... AI6: =AI5-AH5 -> 20395
A7: 2 | B7: I5T18D002266/ No. 72039517 | C7: Hotel & Arjaan incomer 2 (Kilowatt) | D7: 620 | E7: 620 | F7: 620 | G7: 620 | H7: 620 | I7: 620 | J7: 620 | K7: 620 | L7: 620 | M7: 620 | N7: 620 | O7: 620 | P7: 620 | Q7: 620 | R7: 620 | S7: 620 | T7: 620 | U7: 620 | V7: 620 | W7: 620 | X7: 620 | Y7: 620 | Z7: 620 | AA7: 620 | AB7: 620 | AC7: 620 | AD7: 620 | AE7: 620 | AF7: 620 | AG7: 620 | AH7: 620 | AI7: 620
E8: =E7-D7 -> 0 | F8: =F7-E7 -> 0 | G8: =G7-F7 -> 0 | H8: =H7-G7 -> 0 | I8: =I7-H7 -> 0 | J8: =J7-I7 -> 0 | K8: =K7-J7 -> 0 | L8: =L7-K7 -> 0 | ... AI8: =AI7-AH7 -> 0
A9: 3 | B9: I5T18D002318 / 72039569 | C9: Chillers (SMDB CH 1) (Kilowatt) | D9: 9382937 | E9: 9387034 | F9: 9390537 | G9: 9394338 | H9: 9396217 | I9: 9397078 | J9: 9397873 | K9: 9398695 | L9: 9402560 | M9: 9403465 | N9: 9404425 | O9: 9406031 | P9: 9407875 | Q9: 9409585 | R9: 9415072 | S9: 9417403 | T9: 9422985 | U9: 9428866 | V9: 9434050 | W9: 9443270 | X9: 9452143 | Y9: 9469620 | Z9: 9471564 | AA9: 9473199 | AB9: 9488821 | AC9: 9499293 | AD9: 9505461 | AE9: 9506802 | AF9: 9506813 | AG9: 9506984 | AH9: 9507275 | AI9: 9507844
E10: =E9-D9 -> 4097 | F10: =F9-E9 -> 3503 | G10: =G9-F9 -> 3801 | H10: =H9-G9 -> 1879 | I10: =I9-H9 -> 861 | J10: =J9-I9 -> 795 | K10: =K9-J9 -> 822 | L10: =L9-K9 -> 3865 | ... AI10: =AI9-AH9 -> 569
A11: 4 | B11: I5T18D002317 / 72039568 | C11: Chillers (SMDB CH 2) (Kilowatt) | D11: 4443820 | E11: 4456760 | F11: 4468048 | G11: 4479961 | H11: 4495707 | I11: 4514992 | J11: 4533469 | K11: 4552077 | L11: 4575477 | M11: 4589970 | N11: 4608721 | O11: 4626755 | P11: 4643989 | Q11: 4661190 | R11: 4679220 | S11: 4699027 | T11: 4717764 | U11: 4736881 | V11: 4757005 | W11: 4777374 | X11: 4796999 | Y11: 4818483 | Z11: 4838330 | AA11: 4858305 | AB11: 4871656 | AC11: 4890575 | AD11: 4907574 | AE11: 4924880 | AF11: 4944857 | AG11: 4966590 | AH11: 4987321 | AI11: 5008590
E12: =E11-D11 -> 12940 | F12: =F11-E11 -> 11288 | G12: =G11-F11 -> 11913 | H12: =H11-G11 -> 15746 | I12: =I11-H11 -> 19285 | J12: =J11-I11 -> 18477 | K12: =K11-J11 -> 18608 | L12: =L11-K11 -> 23400 | ... AI12: =AI11-AH11 -> 21269
A13: 7 | B13: E5T09D035490 | C13: Fire Pump 2 S (Kwh) | D13: 3217 | E13: 3217 | F13: 3217 | G13: 3217 | H13: 3217 | I13: 3217 | J13: 3217 | K13: 3217 | L13: 3217 | M13: 3217 | N13: 3217 | O13: 3217 | P13: 3217 | Q13: 3217 | R13: 3218 | S13: 3218 | T13: 3218 | U13: 3218 | V13: 3218 | W13: 3218 | X13: 3218 | Y13: 3218 | Z13: 3218 | AA13: 3221 | AB13: 3221 | AC13: 3221 | AD13: 3221 | AE13: 3221 | AF13: 3221 | AG13: 3221 | AH13: 3221 | AI13: 3221
E14: =E13-D13 -> 0 | F14: =F13-E13 -> 0 | G14: =G13-F13 -> 0 | H14: =H13-G13 -> 0 | I14: =I13-H13 -> 0 | J14: =J13-I13 -> 0 | K14: =K13-J13 -> 0 | L14: =L13-K13 -> 0 | ... AI14: =AI13-AH13 -> 0
A15: 8 | B15: E5TO9D035489 | C15: Fire Pump 1 S (Kwh) | D15: 447 | E15: 447 | F15: 447 | G15: 447 | H15: 447 | I15: 447 | J15: 447 | K15: 447 | L15: 447 | M15: 447 | N15: 448 | O15: 448 | P15: 448 | Q15: 448 | R15: 448 | S15: 448 | T15: 448 | U15: 448 | V15: 448 | W15: 448 | X15: 448 | Y15: 448 | Z15: 448 | AA15: 451 | AB15: 451 | AC15: 451 | AD15: 451 | AE15: 451 | AF15: 451 | AG15: 451 | AH15: 451 | AI15: 451
E16: =E15-D15 -> 0 | F16: =F15-E15 -> 0 | G16: =G15-F15 -> 0 | H16: =H15-G15 -> 0 | I16: =I15-H15 -> 0 | J16: =J15-I15 -> 0 | K16: =K15-J15 -> 0 | L16: =L15-K15 -> 0 | ... AI16: =AI15-AH15 -> 0
A17: 13 | B17: E5T09D034337 | C17: SMDB Spa S (Kwh) | D17: 1385453 | E17: 1385759 | F17: 1386037 | G17: 1386368 | H17: 1386686 | I17: 1386996 | J17: 1387334 | K17: 1387651 | L17: 1387977 | M17: 1388313 | N17: 1388635 | O17: 1388881 | P17: 1389118 | Q17: 1389349 | R17: 1389558 | S17: 1389844 | T17: 1390091 | U17: 1390357 | V17: 1390600 | W17: 1390833 | X17: 1391031 | Y17: 1391272 | Z17: 1391493 | AA17: 1391736 | AB17: 1391966 | AC17: 1392202 | AD17: 1392446 | AE17: 1392690 | AF17: 1392945 | AG17: 1393185 | AH17: 1393429 | AI17: 1393679
E18: =E17-D17 -> 306 | F18: =F17-E17 -> 278 | G18: =G17-F17 -> 331 | H18: =H17-G17 -> 318 | I18: =I17-H17 -> 310 | J18: =J17-I17 -> 338 | K18: =K17-J17 -> 317 | L18: =L17-K17 -> 326 | ... AI18: =AI17-AH17 -> 250
A19: 14 | B19: E5T09D034327 | C19: Hotel Gym S (Kwh) | D19: 373128 | E19: 373181 | F19: 373233 | G19: 373286 | H19: 373328 | I19: 373381 | J19: 373438 | K19: 373490 | L19: 373543 | M19: 373595 | N19: 373648 | O19: 373698 | P19: 373746 | Q19: 373787 | R19: 373831 | S19: 373879 | T19: 373926 | U19: 373974 | V19: 374019 | W19: 374063 | X19: 374107 | Y19: 374154 | Z19: 374199 | AA19: 374244 | AB19: 374290 | AC19: 374336 | AD19: 374380 | AE19: 374423 | AF19: 374471 | AG19: 374522 | AH19: 374566 | AI19: 374610
E20: =E19-D19 -> 53 | F20: =F19-E19 -> 52 | G20: =G19-F19 -> 53 | H20: =H19-G19 -> 42 | I20: =I19-H19 -> 53 | J20: =J19-I19 -> 57 | K20: =K19-J19 -> 52 | L20: =L19-K19 -> 53 | ... AI20: =AI19-AH19 -> 44
B21: Total Daily Consumption (kw) | E21: =((E6+E8)+((E10+E12)*40%)+(E14+E16+E18+E20)) -> 30402.8 | F21: =((F6+F8)+((F10+F12)*40%)+(F14+F16+F18+F20)) -> 25934.4 | G21: =((G6+G8)+((G10+G12)*40%)+(G14+G16+G18+G20)) -> 27848.6 | H21: =((H6+H8)+((H10+H12)*40%)+(H14+H16+H18+H20)) -> 29776 | I21: =((I6+I8)+((I10+I12)*40%)+(I14+I16+I18+I20)) -> 30252.4 | J21: =((J6+J8)+((J10+J12)*40%)+(J14+J16+J18+J20)) -> 30355.8 | K21: =((K6+K8)+((K10+K12)*40%)+(K14+K16+K18+K20)) -> 30477 | L21: =((L6+L8)+((L10+L12)*40%)+(L14+L16+L18+L20)) -> 33131 | ... AI21: =((AI6+AI8)+((AI10+AI12)*40%)+(AI14+AI16+AI18+AI20)) -> 29424.2
B22: Total Monthly Consumption (kw) | E22: =SUM(E21:AI21) -> 948081.8

Sheet LPG
A1: DAILY GAS METER READINGS & CONSUMPTION (Liters) MARCH 2024
A3: LAST MONTH'S FINAL READING | B3: 77277
A4: 1 | C4: =B3/31 -> 2492.8065
A5: 2 | C5: 2492.8065
A6: 3 | C6: 2492.8065
A7: 4 | C7: 2492.8065
A8: 5 | C8: 2492.8065
A9: 6 | C9: 2492.8065
A10: 7 | C10: 2492.8065
A11: 8 | C11: 2492.8065
A12: 9 | C12: 2492.8065
A13: 10 | C13: 2492.8065
A14: 11 | C14: 2492.8065
A15: 12 | C15: 2492.8065
A16: 13 | C16: 2492.8065
... A34: 31 | C34: 2492.8065
A35: TOTAL Consumption | C35: =SUM(C4:C34) -> 77277

Sheet Water
B2: DAILY WATER METER READINGS & CONSUMPTION (m3) MARCH 2024
A4: S/N | B4: METER NUMBER & LOCATION | C4: AREA SERVED | D4: LAST MONTH'S FINAL READING | E4: 1 | F4: 2 | G4: 3 | H4: 4 | I4: 5 | J4: 6 | K4: 7 | L4: 8 | M4: 9 | N4: 10 | O4: 11 | P4: 12 | Q4: 13 | R4: 14 | S4: 15 | T4: 16 | U4: 17 | V4: 18 | W4: 19 | X4: 20 | Y4: 21 | Z4: 22 | AA4: 23 | AB4: 24 | AC4: 25 | AD4: 26 | AE4: 27 | AF4: 28 | AG4: 29 | AH4: 30 | AI4: 31
A5: 1 | B5: 48242051 (Hotel & Arjaan Main Meter) | C5: Hotel & Arjaan / Raw Water Tank for Hotel,Arjaan,Kitchen,Laundry,Staff Locker,Hotel Swimming Pool | D5: 90177 | E5: 90477 | F5: 90728 | G5: 90990 | H5: 91257 | I5: 91516 | J5: 91806 | K5: 92121 | L5: 92392 | M5: 92689 | N5: 92936 | O5: 93133 | P5: 93365 | Q5: 93586 | R5: 93798 | S5: 94033 | T5: 94250 | U5: 94600 | V5: 94692 | W5: 94952 | X5: 95216 | Y5: 95505 | Z5: 95776 | AA5: 96064 | AB5: 96310 | AC5: 96589 | AD5: 96846 | AE5: 97123 | AF5: 97436 | AG5: 97659 | AH5: 98041 | AI5: 98143
E6: =E5-D5 -> 300 | F6: =F5-E5 -> 251 | G6: =G5-F5 -> 262 | H6: =H5-G5 -> 267 | I6: =I5-H5 -> 259 | J6: =J5-I5 -> 290 | K6: =K5-J5 -> 315 | L6: =L5-K5 -> 271 | ... AI6: =AI5-AH5 -> 102
A7: 3 | B7: EMK17100DA17081056 (Cooling Tower Meter) | C7: Cooling Towers, Irrigation Tank,CHW Make up Line,Residence Pool, Cooling Tower Blow Down | D7: 400683.4 | E7: 400703.7 | F7: 400717.1 | G7: 400733.1 | H7: 400750 | I7: 400763.5 | J7: 400774.3 | K7: 400785.2 | L7: 400810.9 | M7: 400825.1 | N7: 400835 | O7: 400845.1 | P7: 400858.4 | Q7: 400874.5 | R7: 400906.3 | S7: 400928 | T7: 400943.4 | U7: 400960.5 | V7: 400978.8 | W7: 400998.3 | X7: 401019.5 | Y7: 401041.6 | Z7: 401058.7 | AA7: 401071.1 | AB7: 401079.5 | AC7: 401110.7 | AD7: 401128.8 | AE7: 401142.9 | AF7: 401158.5 | AG7: 401176.2 | AH7: 401186.2 | AI7: 401203.4
E8: =E7-D7 -> 20.3 | F8: =F7-E7 -> 13.4 | G8: =G7-F7 -> 16 | H8: =H7-G7 -> 16.9 | I8: =I7-H7 -> 13.5 | J8: =J7-I7 -> 10.8 | K8: =K7-J7 -> 10.9 | L8: =L7-K7 -> 25.7 | ... AI8: =AI7-AH7 -> 17.2
A9: 4 | B9: 2045000686(Sub Meter) | C9: Irrigation water Tank | D9: 72044 | E9: 72044 | F9: 72044 | G9: 72044 | H9: 72044 | I9: 72044 | J9: 72044 | K9: 72044 | L9: 72044 | M9: 72044 | N9: 72044 | O9: 72044 | P9: 72044 | Q9: 72044 | R9: 72044 | S9: 72061 | T9: 72061 | U9: 72061 | V9: 72061 | W9: 72061 | X9: 72065 | Y9: 72067 | Z9: 72067 | AA9: 72067 | AB9: 72068 | AC9: 72068 | AD9: 72069 | AE9: 72069 | AF9: 72069 | AG9: 72069 | AH9: 72069 | AI9: 72069
E10: =E9-D9 -> 0 | F10: =F9-E9 -> 0 | G10: =G9-F9 -> 0 | H10: =H9-G9 -> 0 | I10: =I9-H9 -> 0 | J10: =J9-I9 -> 0 | K10: =K9-J9 -> 0 | L10: =L9-K9 -> 0 | ... AI10: =AI9-AH9 -> 0
A11: 5 | B11: 68864837 | C11: Hotel & Arjaan Spa | D11: 1828.227 | E11: 1829.906 | F11: 1831.416 | G11: 1833.298 | H11: 1836.625 | I11: 1839.825 | J11: 1842.568 | K11: 1846.572 | L11: 1850.358 | M11: 1855.04 | N11: 1858.394 | O11: 1862.464 | P11: 1865.496 | Q11: 1867.275 | R11: 1869.401 | S11: 1871.509 | T11: 1873.761 | U11: 1875.346 | V11: 1877.029 | W11: 1878.011 | X11: 1878.703 | Y11: 1879.633 | Z11: 1880.409 | AA11: 1881.416 | AB11: 1882.414 | AC11: 1883.786 | AD11: 1885.801 | AE11: 1886.688 | AF11: 1886.688 | AG11: 1889.625 | AH11: 1890.711 | AI11: 1891.146
E12: =E11-D11 -> 1.679 | F12: =F11-E11 -> 1.51 | G12: =G11-F11 -> 1.882 | H12: =H11-G11 -> 3.327 | I12: =I11-H11 -> 3.2 | J12: =J11-I11 -> 2.743 | K12: =K11-J11 -> 4.004 | L12: =L11-K11 -> 3.786 | ... AI12: =AI11-AH11 -> 0.435
A13: 6 | B13: 65296485 | C13: Hotel & Arjaan Gym | D13: 2211.448 | E13: 2214.423 | F13: 2216.239 | G13: 2219.506 | H13: 2219.93 | I13: 2220.704 | J13: 2223.303 | K13: 2225.657 | L13: 2235.989 | M13: 2238.554 | N13: 2239.241 | O13: 2242.367 | P13: 2242.367 | Q13: 2242.595 | R13: 2243.175 | S13: 2246.272 | T13: 2247.418 | U13: 2249.264 | V13: 2250.673 | W13: 2257.292 | X13: 2261.433 | Y13: 2265.321 | Z13: 2274.451 | AA13: 2275.159 | AB13: 2275.815 | AC13: 2276.527 | AD13: 2278.177 | AE13: 2279.043 | AF13: 2279.043 | AG13: 2281.163 | AH13: 2282.808 | AI13: 2290.075
E14: =E13-D13 -> 2.975 | F14: =F13-E13 -> 1.816 | G14: =G13-F13 -> 3.267 | H14: =H13-G13 -> 0.424 | I14: =I13-H13 -> 0.774 | J14: =J13-I13 -> 2.599 | K14: =K13-J13 -> 2.354 | L14: =L13-K13 -> 10.332 | ... AI14: =AI13-AH13 -> 7.267
B15: Total Daily Consumption (m3) | E15: =E6+((E8*45%)+(E10*45%)+(E12+E14)) -> 313.789 | F15: =F6+((F8*45%)+(F10*45%)+(F12+F14)) -> 260.356 | G15: =G6+((G8*45%)+(G10*45%)+(G12+G14)) -> 274.349 | H15: =H6+((H8*45%)+(H10*45%)+(H12+H14)) -> 278.356 | I15: =I6+((I8*45%)+(I10*45%)+(I12+I14)) -> 269.049 | J15: =J6+((J8*45%)+(J10*45%)+(J12+J14)) -> 300.202 | K15: =K6+((K8*45%)+(K10*45%)+(K12+K14)) -> 326.263 | L15: =L6+((L8*45%)+(L10*45%)+(L12+L14)) -> 296.683 | ... AI15: =AI6+((AI8*45%)+(AI10*45%)+(AI12+AI14)) -> 117.442
B16: Total Monthly Consumption (m3) | E16: =SUM(E15:AI15) -> 8352.796

Sheet Occupied & No. of Guest
A1: Occupied Room & Number of Guest - March 2024
A2: Date | B2: Occupied | C2: # Guest
A3: 45352 | B3: 460 | C3: 712
A4: 45353 | B4: 470 | C4: 705
A5: 45354 | B5: 465 | C5: 643
A6: 45355 | B6: 437 | C6: 607
A7: 45356 | B7: 480 | C7: 653
A8: 45357 | B8: 478 | C8: 654
A9: 45358 | B9: 471 | C9: 686
A10: 45359 | B10: 409 | C10: 629
A11: 45360 | B11: 356 | C11: 534
A12: 45361 | B12: 307 | C12: 435
A13: 45362 | B13: 322 | C13: 458
A14: 45363 | B14: 415 | C14: 601
... A33: 45382 | B33: 283 | C33: 410
A34: TOTAL MTD | B34: =SUM(B3:B33) -> 10667 | C34: =SUM(C3:C33) -> 15754
