Workbook

Sheet Total
A1: Site Name | B1: Day | C1: Month | D1: Year | E1: Total Electricity Kwh | F1: Electricity Tariff ($/Kwh) | G1: LPG (Liters) | H1: LPG $/Liters | I1: Water Utility Supply (m3) m3 | J1: Water Utility Supply (m3) $/m3 | K1: Room Nights | L1: Total Guests
A2: Centro Barsha by Rotana Dubai | B2: 1 | C2: 3 | D2: 2025 | E2: ='Mar-25'!C5 -> 8160 | F2: ='Mar-25'!D5/'Mar-25'!C5 -> 0.44 | G2: ='Mar-25'!P5 -> 631 | H2: ='Mar-25'!Q5/'Mar-25'!P5 -> 1.84 | I2: ='Mar-25'!I5*0.00454609 -> 86.616653 | J2: ='Mar-25'!J5/Total!I2 -> 13.198155
A3: Centro Barsha by Rotana Dubai | B3: =B2+1 -> 2 | C3: 3 | D3: 2025 | E3: ='Mar-25'!C6 -> 8160 | F3: ='Mar-25'!D6/'Mar-25'!C6 -> 0.44 | G3: ='Mar-25'!P6 -> 688 | H3: ='Mar-25'!Q6/'Mar-25'!P6 -> 1.84 | I3: ='Mar-25'!I6*0.00454609 -> 83.629872 | J3: ='Mar-25'!J6/Total!I3 -> 13.198155
A4: Centro Barsha by Rotana Dubai | B4: =B3+1 -> 3 | C4: 3 | D4: 2025 | E4: ='Mar-25'!C7 -> 8160 | F4: ='Mar-25'!D7/'Mar-25'!C7 -> 0.44 | G4: ='Mar-25'!P7 -> 636 | H4: ='Mar-25'!Q7/'Mar-25'!P7 -> 1.84 | I4: ='Mar-25'!I7*0.00454609 -> 80.643091 | J4: ='Mar-25'!J7/Total!I4 -> 13.198155
A5: Centro Barsha by Rotana Dubai | B5: =B4+1 -> 4 | C5: 3 | D5: 2025 | E5: ='Mar-25'!C8 -> 8640 | F5: ='Mar-25'!D8/'Mar-25'!C8 -> 0.44 | G5: ='Mar-25'!P8 -> 601 | H5: ='Mar-25'!Q8/'Mar-25'!P8 -> 1.84 | I5: ='Mar-25'!I8*0.00454609 -> 81.638684 | J5: ='Mar-25'!J8/Total!I5 -> 13.198155
A6: Centro Barsha by Rotana Dubai | B6: =B5+1 -> 5 | C6: 3 | D6: 2025 | E6: ='Mar-25'!C9 -> 8160 | F6: ='Mar-25'!D9/'Mar-25'!C9 -> 0.44 | G6: ='Mar-25'!P9 -> 626 | H6: ='Mar-25'!Q9/'Mar-25'!P9 -> 1.84 | I6: ='Mar-25'!I9*0.00454609 -> 71.964605 | J6: ='Mar-25'!J9/Total!I6 -> 13.198155
A7: Centro Barsha by Rotana Dubai | B7: =B6+1 -> 6 | C7: 3 | D7: 2025 | E7: ='Mar-25'!C10 -> 9600 | F7: ='Mar-25'!D10/'Mar-25'!C10 -> 0.44 | G7: ='Mar-25'!P10 -> 634 | H7: ='Mar-25'!Q10/'Mar-25'!P10 -> 1.84 | I7: ='Mar-25'!I10*0.00454609 -> 49.779685 | J7: ='Mar-25'!J10/Total!I7 -> 13.198155
A8: Centro Barsha by Rotana Dubai | B8: =B7+1 -> 7 | C8: 3 | D8: 2025 | E8: ='Mar-25'!C11 -> 9120 | F8: ='Mar-25'!D11/'Mar-25'!C11 -> 0.44 | G8: ='Mar-25'!P11 -> 639 | H8: ='Mar-25'!Q11/'Mar-25'!P11 -> 1.84 | I8: ='Mar-25'!I11*0.00454609 -> 66.704779 | J8: ='Mar-25'!J11/Total!I8 -> 13.198155
A9: Centro Barsha by Rotana Dubai | B9: =B8+1 -> 8 | C9: 3 | D9: 2025 | E9: ='Mar-25'!C12 -> 9120 | F9: ='Mar-25'!D12/'Mar-25'!C12 -> 0.44 | G9: ='Mar-25'!P12 -> 629 | H9: ='Mar-25'!Q12/'Mar-25'!P12 -> 1.84 | I9: ='Mar-25'!I12*0.00454609 -> 105.53293 | J9: ='Mar-25'!J12/Total!I9 -> 13.198155
A10: Centro Barsha by Rotana Dubai | B10: =B9+1 -> 9 | C10: 3 | D10: 2025 | E10: ='Mar-25'!C13 -> 9600 | F10: ='Mar-25'!D13/'Mar-25'!C13 -> 0.44 | G10: ='Mar-25'!P13 -> 677 | H10: ='Mar-25'!Q13/'Mar-25'!P13 -> 1.84 | I10: ='Mar-25'!I13*0.00454609 -> 76.660716 | J10: ='Mar-25'!J13/Total!I10 -> 13.198155
A11: Centro Barsha by Rotana Dubai | B11: =B10+1 -> 10 | C11: 3 | D11: 2025 | E11: ='Mar-25'!C14 -> 8640 | F11: ='Mar-25'!D14/'Mar-25'!C14 -> 0.44 | G11: ='Mar-25'!P14 -> 561 | H11: ='Mar-25'!Q14/'Mar-25'!P14 -> 1.84 | I11: ='Mar-25'!I14*0.00454609 -> 72.678341 | J11: ='Mar-25'!J14/Total!I11 -> 13.198155
A12: Centro Barsha by Rotana Dubai | B12: =B11+1 -> 11 | C12: 3 | D12: 2025 | E12: ='Mar-25'!C15 -> 0 | F12: ='Mar-25'!D15/'Mar-25'!C15 -> #DIV/0! | G12: ='Mar-25'!P15 -> 0 | H12: ='Mar-25'!Q15/'Mar-25'!P15 -> #DIV/0! | I12: ='Mar-25'!I15*0.00454609 -> 0 | J12: ='Mar-25'!J15/Total!I12 -> #DIV/0!
A13: Centro Barsha by Rotana Dubai | B13: =B12+1 -> 12 | C13: 3 | D13: 2025 | E13: ='Mar-25'!C16 -> 0 | F13: ='Mar-25'!D16/'Mar-25'!C16 -> #DIV/0! | G13: ='Mar-25'!P16 -> 0 | H13: ='Mar-25'!Q16/'Mar-25'!P16 -> #DIV/0! | I13: ='Mar-25'!I16*0.00454609 -> 0 | J13: ='Mar-25'!J16/Total!I13 -> #DIV/0!
A14: Centro Barsha by Rotana Dubai | B14: =B13+1 -> 13 | C14: 3 | D14: 2025 | E14: ='Mar-25'!C17 -> 0 | F14: ='Mar-25'!D17/'Mar-25'!C17 -> #DIV/0! | G14: ='Mar-25'!P17 -> 0 | H14: ='Mar-25'!Q17/'Mar-25'!P17 -> #DIV/0! | I14: ='Mar-25'!I17*0.00454609 -> 0 | J14: ='Mar-25'!J17/Total!I14 -> #DIV/0!
... A32: Centro Barsha by Rotana Dubai | B32: =B31+1 -> 31 | C32: 3 | D32: 2025 | E32: ='Mar-25'!C35 -> 0 | F32: ='Mar-25'!D35/'Mar-25'!C35 -> #DIV/0! | G32: ='Mar-25'!P35 -> 0 | H32: ='Mar-25'!Q35/'Mar-25'!P35 -> #DIV/0! | I32: ='Mar-25'!I35*0.00454609 -> 0 | J32: ='Mar-25'!J35/Total!I32 -> #DIV/0!

Sheet Mar-25
A1: MARCH 2025 HOTEL UTILITIES MONTHLY SAVINGS
A2: Date | B2: ELECTRICITY | H2: WATER | N2: LPG
B4: Daily forecast budget DHS | C4: Daily reading Kwh | D4: Daily consumption DHS | E4: Daily Variance DHS Forecast | F4: Daily variance DHS Budget | G4: 2024 Daily reading Kwh | H4: Daily forecast budget DHS | I4: Daily reading gallon | J4: Daily consumption DHS | K4: Daily Variance DHS Forecast | L4: Daily variance DHS Budget | M4: 2024 Daily reading gallon | N4: Daily forecast budget DHS | O4: Daily forecast budget Litter | P4: Daily reading Litter | Q4: Daily consumption DHS | R4: Daily Variance DHS Forecast | S4: Daily variance DHS Budget | T4: 2024 Daily reading Litter
A5: 45717 | B5: 3614.83 | C5: 8160 | D5: =C5*0.44 -> 3590.4 | E5: =B5-D5 -> 24.43 | F5: =3756.77-D5 -> 166.37 | G5: 8640 | H5: 1121.9 | I5: 19053 | J5: =I5*0.06 -> 1143.18 | K5: =H5-J5 -> -21.28 | L5: =1076.83-J5 -> -66.35 | M5: 16863 | N5: 1223 | P5: 631 | Q5: =P5*1.84 -> 1161.04 | R5: =N5-Q5 -> 61.96 | S5: =1241.93-Q5 -> 80.89 | T5: 534
A6: 45718 | B6: 3614.83 | C6: 8160 | D6: =C6*0.44 -> 3590.4 | E6: =B6-D6 -> 24.43 | F6: =3756.77-D6 -> 166.37 | G6: 7680 | H6: 1121.9 | I6: 18396 | J6: =I6*0.06 -> 1103.76 | K6: =H6-J6 -> 18.14 | L6: =1076.83-J6 -> -26.93 | M6: 16863 | N6: 1223 | P6: 688 | Q6: =P6*1.84 -> 1265.92 | R6: =N6-Q6 -> -42.92 | S6: =1241.93-Q6 -> -23.99 | T6: 542
A7: 45719 | B7: 3614.83 | C7: 8160 | D7: =C7*0.44 -> 3590.4 | E7: =B7-D7 -> 24.43 | F7: =3756.77-D7 -> 166.37 | G7: 8640 | H7: 1121.9 | I7: 17739 | J7: =I7*0.06 -> 1064.34 | K7: =H7-J7 -> 57.56 | L7: =1076.83-J7 -> 12.49 | M7: 16637 | N7: 1223 | P7: 636 | Q7: =P7*1.84 -> 1170.24 | R7: =N7-Q7 -> 52.76 | S7: =1241.93-Q7 -> 71.69 | T7: 507
A8: 45720 | B8: 3614.83 | C8: 8640 | D8: =C8*0.44 -> 3801.6 | E8: =B8-D8 -> -186.77 | F8: =3756.77-D8 -> -44.83 | G8: 9120 | H8: 1121.9 | I8: 17958 | J8: =I8*0.06 -> 1077.48 | K8: =H8-J8 -> 44.42 | L8: =1076.83-J8 -> -0.65 | M8: 16651 | N8: 1223 | P8: 601 | Q8: =P8*1.84 -> 1105.84 | R8: =N8-Q8 -> 117.16 | S8: =1241.93-Q8 -> 136.09 | T8: 455
A9: 45721 | B9: 3614.83 | C9: 8160 | D9: =C9*0.44 -> 3590.4 | E9: =B9-D9 -> 24.43 | F9: =3756.77-D9 -> 166.37 | G9: 8640 | H9: 1121.9 | I9: 15830 | J9: =I9*0.06 -> 949.8 | K9: =H9-J9 -> 172.1 | L9: =1076.83-J9 -> 127.03 | M9: 16206 | N9: 1223 | P9: 626 | Q9: =P9*1.84 -> 1151.84 | R9: =N9-Q9 -> 71.16 | S9: =1241.93-Q9 -> 90.09 | T9: 526
A10: 45722 | B10: 3614.83 | C10: 9600 | D10: =C10*0.44 -> 4224 | E10: =B10-D10 -> -609.17 | F10: =3756.77-D10 -> -467.23 | G10: 9120 | H10: 1121.9 | I10: 10950 | J10: =I10*0.06 -> 657 | K10: =H10-J10 -> 464.9 | L10: =1076.83-J10 -> 419.83 | M10: 17082 | N10: 1223 | P10: 634 | Q10: =P10*1.84 -> 1166.56 | R10: =N10-Q10 -> 56.44 | S10: =1241.93-Q10 -> 75.37 | T10: 488
A11: 45723 | B11: 3614.83 | C11: 9120 | D11: =C11*0.44 -> 4012.8 | E11: =B11-D11 -> -397.97 | F11: =3756.77-D11 -> -256.03 | G11: 8160 | H11: 1121.9 | I11: 14673 | J11: =I11*0.06 -> 880.38 | K11: =H11-J11 -> 241.52 | L11: =1076.83-J11 -> 196.45 | M11: 16425 | N11: 1223 | P11: 639 | Q11: =P11*1.84 -> 1175.76 | R11: =N11-Q11 -> 47.24 | S11: =1241.93-Q11 -> 66.17 | T11: 518
A12: 45724 | B12: 3614.83 | C12: 9120 | D12: =C12*0.44 -> 4012.8 | E12: =B12-D12 -> -397.97 | F12: =3756.77-D12 -> -256.03 | G12: 9600 | H12: 1121.9 | I12: 23214 | J12: =I12*0.06 -> 1392.84 | K12: =H12-J12 -> -270.94 | L12: =1076.83-J12 -> -316.01 | M12: 17739 | N12: 1223 | P12: 629 | Q12: =P12*1.84 -> 1157.36 | R12: =N12-Q12 -> 65.64 | S12: =1241.93-Q12 -> 84.57 | T12: 503
A13: 45725 | B13: 3614.83 | C13: 9600 | D13: =C13*0.44 -> 4224 | E13: =B13-D13 -> -609.17 | F13: =3756.77-D13 -> -467.23 | G13: 7680 | H13: 1121.9 | I13: 16863 | J13: =I13*0.06 -> 1011.78 | K13: =H13-J13 -> 110.12 | L13: =1076.83-J13 -> 65.05 | M13: 17958 | N13: 1223 | P13: 677 | Q13: =P13*1.84 -> 1245.68 | R13: =N13-Q13 -> -22.68 | S13: =1241.93-Q13 -> -3.75 | T13: 514
A14: 45726 | B14: 3614.83 | C14: 8640 | D14: =C14*0.44 -> 3801.6 | E14: =B14-D14 -> -186.77 | F14: =3756.77-D14 -> -44.83 | G14: 9600 | H14: 1121.9 | I14: 15987 | J14: =I14*0.06 -> 959.22 | K14: =H14-J14 -> 162.68 | L14: =1076.83-J14 -> 117.61 | M14: 16644 | N14: 1223 | P14: 561 | Q14: =P14*1.84 -> 1032.24 | R14: =N14-Q14 -> 190.76 | S14: =1241.93-Q14 -> 209.69 | T14: 483
A15: 45727 | B15: 3614.83 | D15: =C15*0.44 -> 0 | G15: 8640 | H15: 1121.9 | J15: =I15*0.06 -> 0 | M15: 15111 | N15: 1223 | Q15: =P15*1.84 -> 0 | T15: 472
A16: 45728 | B16: 3614.83 | D16: =C16*0.44 -> 0 | G16: 9120 | H16: 1121.9 | J16: =I16*0.06 -> 0 | M16: 22557 | N16: 1223 | Q16: =P16*1.84 -> 0 | T16: 515
A17: 45729 | B17: 3614.83 | D17: =C17*0.44 -> 0 | G17: 8640 | H17: 1121.9 | J17: =I17*0.06 -> 0 | M17: 14235 | N17: 1223 | Q17: =P17*1.84 -> 0 | T17: 495
A18: 45730 | B18: 3614.83 | D18: =C18*0.44 -> 0 | G18: 9120 | H18: 1121.9 | J18: =I18*0.06 -> 0 | M18: 9417 | N18: 1223 | Q18: =P18*1.84 -> 0 | T18: 495
A19: 45731 | B19: 3614.83 | D19: =C19*0.44 -> 0 | G19: 9120 | H19: 1121.9 | J19: =I19*0.06 -> 0 | M19: 14016 | N19: 1223 | Q19: =P19*1.84 -> 0 | T19: 495
A20: 45732 | B20: 3614.83 | D20: =C20*0.44 -> 0 | G20: 9600 | H20: 1121.9 | J20: =I20*0.06 -> 0 | M20: 17739 | N20: 1223 | Q20: =P20*1.84 -> 0 | T20: 490
A21: 45733 | B21: 3614.83 | D21: =C21*0.44 -> 0 | G21: 9120 | H21: 1121.9 | J21: =I21*0.06 -> 0 | M21: 15111 | N21: 1223 | Q21: =P21*1.84 -> 0 | T21: 452
A22: 45734 | B22: 3614.83 | D22: =C22*0.44 -> 0 | G22: 9600 | H22: 1121.9 | J22: =I22*0.06 -> 0 | M22: 14673 | N22: 1223 | Q22: =P22*1.84 -> 0 | T22: 490
A23: 45735 | B23: 3614.83 | D23: =C23*0.44 -> 0 | G23: 9120 | H23: 1121.9 | J23: =I23*0.06 -> 0 | M23: 14892 | N23: 1223 | Q23: =P23*1.84 -> 0 | T23: 455
A24: 45736 | B24: 3614.83 | D24: =C24*0.44 -> 0 | G24: 9120 | H24: 1121.9 | J24: =I24*0.06 -> 0 | M24: 6789 | N24: 1223 | Q24: =P24*1.84 -> 0 | T24: 480
A25: 45737 | B25: 3614.83 | D25: =C25*0.44 -> 0 | G25: 9600 | H25: 1121.9 | J25: =I25*0.06 -> 0 | M25: 15111 | N25: 1223 | Q25: =P25*1.84 -> 0 | T25: 482
A26: 45738 | B26: 3614.83 | D26: =C26*0.44 -> 0 | G26: 9120 | H26: 1121.9 | J26: =I26*0.06 -> 0 | M26: 16425 | N26: 1223 | Q26: =P26*1.84 -> 0 | T26: 480
... A35: 45747 | B35: 3614.83 | D35: =C35*0.44 -> 0 | G35: 9120 | H35: 1121.9 | J35: =I35*0.06 -> 0 | M35: 17082 | N35: 1223 | Q35: =P35*1.84 -> 0 | T35: 619
C36: =SUM(C5:C35) -> 87360 | D36: =C36*0.44 -> 38438.4 | G36: =SUM(G5:G35) -> 278400 | I36: =SUM(I5:I35) -> 170663 | J36: =I36*0.06 -> 10239.78 | M36: =SUM(M5:M35) -> 498225 | P36: =SUM(P5:P35) -> 6322 | Q36: =P36*1.84 -> 11632.48 | T36: =SUM(T5:T35) -> 15519
B37: Electricity saved in dhs | E37: =SUM(E5:E35) -> -2290.1 | F37: =SUM(F5:F35) -> -870.7 | H37: Water saved in dhs | K37: =SUM(K5:K35) -> 979.22 | L37: =SUM(L5:L35) -> 528.52 | N37: LPG saved in dhs | R37: =SUM(R5:R35) -> 597.52 | S37: =SUM(S5:S35) -> 786.82
C38: 136578 | D38: =SUM(D5:D35) -> 38438.4 | I38: =SUM(I5:I35) -> 170663 | J38: =SUM(J5:J35) -> 10239.78 | P38: =SUM(P5:P35) -> 6322 | Q38: =SUM(Q5:Q35) -> 11632.48
C39: Occu | D39: Budget/ | I39: =I38/220 -> 775.74091
D40: Acutal/ | H40: M3*220
A41: Electricity | I41: Water | P41: LPG | Q41: Column1
A42: Con MTD | B42: =SUM(C5:C35) -> 87360 | I42: Con MTD | J42: =SUM(I5:I35) -> 170663 | K42: Utility Readings( MTD) savings | P42: Con MTD | Q42: =SUM(P5:P33) -> 6322
A43: Budget/day | B43: 8709.67 | I43: Budget/day | J43: 17032.25 | L43: Budget | M43: Forecast | P43: Budget/day | Q43: 709.67
A44: Budget(MTD) | B44: =B43*10 -> 87096.7 | I44: Budget(MTD) | J44: =J43*10 -> 170322.5 | K44: Occupancy | L44: 0.754 | M44: 0.83 | P44: Budget(MTD) | Q44: =Q43*10 -> 7096.7
A45: Saving | B45: =B44-B42 -> -263.3 | I45: Saving | J45: =J44-J42 -> -340.5 | K45: Actual | L45: 0.822 | P45: Saving | Q45: =Q44-Q42 -> 774.7
K46: Electricity | L46: =F37 -> -870.7 | M46: =E37 -> -2290.1
K47: Water | L47: =L37 -> 528.52 | M47: =K37 -> 979.22
K48: LPG | L48: =S37 -> 786.82 | M48: =R37 -> 597.52
K49: Total | L49: =SUM(L46:L48) -> 444.64 | M49: =SUM(M46:M48) -> -713.36
