Workbook

Sheet Total
A1: Site Name | B1: Day | C1: Month | D1: Year | E1: Total Electricity Kwh | F1: Electricity Tariff ($/Kwh) | G1: LPG (Liters) | H1: LPG $/Liters | I1: Water Utility Supply (m3) m3 | J1: Water Utility Supply (m3) $/m3 | K1: Room Nights | L1: Total Guests
A2: Park Rotana and Park Arjaan Abu Dhabi | B2: 1 | C2: 1 | D2: 2021 | E2: {=TRANSPOSE(Electricity!E21:AI21)} -> 27005 | F2: 0.2 | G2: =LPG!C4 -> 2138.2358 | H2: 1.430007 | I2: {=TRANSPOSE(Water!E15:AI15)} -> 218.252 | J2: 7.84 | K2: ='Occupied & No. of Guest'!B3 -> 133 | L2: ='Occupied & No. of Guest'!C3 -> 183
A3: Park Rotana and Park Arjaan Abu Dhabi | B3: =B2+1 -> 2 | C3: 1 | D3: 2021 | E3: 27402 | F3: 0.2 | G3: =LPG!C5 -> 2138.2358 | H3: 1.430007 | I3: 213.054 | J3: 7.84 | K3: ='Occupied & No. of Guest'!B4 -> 132 | L3: ='Occupied & No. of Guest'!C4 -> 170
A4: Park Rotana and Park Arjaan Abu Dhabi | B4: =B3+1 -> 3 | C4: 1 | D4: 2021 | E4: 26618 | F4: 0.2 | G4: =LPG!C6 -> 2138.2358 | H4: 1.430007 | I4: 261.038 | J4: 7.84 | K4: ='Occupied & No. of Guest'!B5 -> 130 | L4: ='Occupied & No. of Guest'!C5 -> 171
A5: Park Rotana and Park Arjaan Abu Dhabi | B5: =B4+1 -> 4 | C5: 1 | D5: 2021 | E5: 26189 | F5: 0.2 | G5: =LPG!C7 -> 2138.2358 | H5: 1.430007 | I5: 152.622 | J5: 7.84 | K5: ='Occupied & No. of Guest'!B6 -> 139 | L5: ='Occupied & No. of Guest'!C6 -> 183
A6: Park Rotana and Park Arjaan Abu Dhabi | B6: =B5+1 -> 5 | C6: 1 | D6: 2021 | E6: 25210 | F6: 0.2 | G6: =LPG!C8 -> 2138.2358 | H6: 1.430007 | I6: 106.684 | J6: 7.84 | K6: ='Occupied & No. of Guest'!B7 -> 152 | L6: ='Occupied & No. of Guest'!C7 -> 194
A7: Park Rotana and Park Arjaan Abu Dhabi | B7: =B6+1 -> 6 | C7: 1 | D7: 2021 | E7: 26608 | F7: 0.2 | G7: =LPG!C9 -> 2138.2358 | H7: 1.430007 | I7: 164.843 | J7: 7.84 | K7: ='Occupied & No. of Guest'!B8 -> 145 | L7: ='Occupied & No. of Guest'!C8 -> 181
A8: Park Rotana and Park Arjaan Abu Dhabi | B8: =B7+1 -> 7 | C8: 1 | D8: 2021 | E8: 27218 | F8: 0.2 | G8: =LPG!C10 -> 2138.2358 | H8: 1.430007 | I8: 171.934 | J8: 7.84 | K8: ='Occupied & No. of Guest'!B9 -> 135 | L8: ='Occupied & No. of Guest'!C9 -> 181
A9: Park Rotana and Park Arjaan Abu Dhabi | B9: =B8+1 -> 8 | C9: 1 | D9: 2021 | E9: 24400 | F9: 0.2 | G9: =LPG!C11 -> 2138.2358 | H9: 1.430007 | I9: 145.858 | J9: 7.84 | K9: ='Occupied & No. of Guest'!B10 -> 138 | L9: ='Occupied & No. of Guest'!C10 -> 189
A10: Park Rotana and Park Arjaan Abu Dhabi | B10: =B9+1 -> 9 | C10: 1 | D10: 2021 | E10: 24614 | F10: 0.2 | G10: =LPG!C12 -> 2138.2358 | H10: 1.430007 | I10: 194.613 | J10: 7.84 | K10: ='Occupied & No. of Guest'!B11 -> 128 | L10: ='Occupied & No. of Guest'!C11 -> 167
A11: Park Rotana and Park Arjaan Abu Dhabi | B11: =B10+1 -> 10 | C11: 1 | D11: 2021 | E11: 25010 | F11: 0.2 | G11: =LPG!C13 -> 2138.2358 | H11: 1.430007 | I11: 115.333 | J11: 7.84 | K11: ='Occupied & No. of Guest'!B12 -> 148 | L11: ='Occupied & No. of Guest'!C12 -> 191
A12: Park Rotana and Park Arjaan Abu Dhabi | B12: =B11+1 -> 11 | C12: 1 | D12: 2021 | E12: 22993 | F12: 0.2 | G12: =LPG!C14 -> 2138.2358 | H12: 1.430007 | I12: 141.579 | J12: 7.84 | K12: ='Occupied & No. of Guest'!B13 -> 160 | L12: ='Occupied & No. of Guest'!C13 -> 205
A13: Park Rotana and Park Arjaan Abu Dhabi | B13: =B12+1 -> 12 | C13: 1 | D13: 2021 | E13: 26800 | F13: 0.2 | G13: =LPG!C15 -> 2138.2358 | H13: 1.430007 | I13: 194.201 | J13: 7.84 | K13: ='Occupied & No. of Guest'!B14 -> 174 | L13: ='Occupied & No. of Guest'!C14 -> 222
A14: Park Rotana and Park Arjaan Abu Dhabi | B14: =B13+1 -> 13 | C14: 1 | D14: 2021 | E14: 25607 | F14: 0.2 | G14: =LPG!C16 -> 2138.2358 | H14: 1.430007 | I14: 693.456 | J14: 7.84 | K14: ='Occupied & No. of Guest'!B15 -> 161 | L14: ='Occupied & No. of Guest'!C15 -> 203
... A32: Park Rotana and Park Arjaan Abu Dhabi | B32: =B31+1 -> 31 | C32: 1 | D32: 2021 | E32: 26406 | F32: 0.2 | G32: =LPG!C34 -> 2138.2358 | H32: 1.430007 | I32: 206.719 | J32: 7.84 | K32: ='Occupied & No. of Guest'!B33 -> 147 | L32: ='Occupied & No. of Guest'!C33 -> 189

Sheet Electricity
A2: DAILY ELECTRICITY METER READINGS & CONSUMPTION JANUARY 2021
A4: S/N | B4: METER NUMBER &LOCATION | C4: AREA SERVED | D4: Last Month Final Readings | E4: 1 | F4: 2 | G4: 3 | H4: 4 | I4: 5 | J4: 6 | K4: 7 | L4: 8 | M4: 9 | N4: 10 | O4: 11 | P4: 12 | Q4: 13 | R4: 14 | S4: 15 | T4: 16 | U4: 17 | V4: 18 | W4: 19 | X4: 20 | Y4: 21 | Z4: 22 | AA4: 23 | AB4: 24 | AC4: 25 | AD4: 26 | AE4: 27 | AF4: 28 | AG4: 29 | AH4: 30 | AI4: 31
A5: 1 | B5: I5T18D002265/ No. 72039516 | C5: Hotel & Arjaan 1 (KW) | D5: 76604 | E5: 76624 | F5: 76644 | G5: 76664 | H5: 76684 | I5: 76703 | J5: 76723 | K5: 76744 | L5: 76763 | M5: 76783 | N5: 76803 | O5: 76821 | P5: 76842 | Q5: 76861 | R5: 76882 | S5: 76901 | T5: 76921 | U5: 76940 | V5: 76959 | W5: 76979 | X5: 77000 | Y5: 77020 | Z5: 77039 | AA5: 77059 | AB5: 77078 | AC5: 77098 | AD5: 77118 | AE5: 77138 | AF5: 77158 | AG5: 77178 | AH5: 77199 | AI5: 77218
E6: =(E5-D5)*1000 -> 20000 | F6: =(F5-E5)*1000 -> 20000 | G6: =(G5-F5)*1000 -> 20000 | H6: =(H5-G5)*1000 -> 20000 | I6: =(I5-H5)*1000 -> 19000 | J6: =(J5-I5)*1000 -> 20000 | K6: =(K5-J5)*1000 -> 21000 | L6: =(L5-K5)*1000 -> 19000 | ... AI6: =(AI5-AH5)*1000 -> 19000
A7: 2 | B7: I5T18D002266/ No. 72039517 | C7: Hotel & Arjaan 2 (KW) | D7: 29383 | E7: 29383 | F7: 29383 | G7: 29383 | H7: 29383 | I7: 29383 | J7: 29383 | K7: 29383 | L7: 29383 | M7: 29383 | N7: 29383 | O7: 29383 | P7: 29383 | Q7: 29383 | R7: 29383 | S7: 29383 | T7: 29383 | U7: 29383 | V7: 29383 | W7: 29383 | X7: 29383 | Y7: 29383 | Z7: 29383 | AA7: 29383 | AB7: 29383 | AC7: 29383 | AD7: 29383 | AE7: 29383 | AF7: 29383 | AG7: 29383 | AH7: 29383 | AI7: 29383
E8: =(E7-D7)*1000 -> 0 | F8: =(F7-E7)*1000 -> 0 | G8: =(G7-F7)*1000 -> 0 | H8: =(H7-G7)*1000 -> 0 | I8: =(I7-H7)*1000 -> 0 | J8: =(J7-I7)*1000 -> 0 | K8: =(K7-J7)*1000 -> 0 | L8: =(L7-K7)*1000 -> 0 | ... AI8: =(AI7-AH7)*1000 -> 0
A9: 3 | B9: I5T18D002318 / 72039569 | C9: Chillers (SMDB CH 1) (KW) | D9: 90489 | E9: 90503 | F9: 90517 | G9: 90530 | H9: 90543 | I9: 90556 | J9: 90571 | K9: 90585 | L9: 90596 | M9: 90606 | N9: 90616 | O9: 90626 | P9: 90639 | Q9: 90653 | R9: 90665 | S9: 90677 | T9: 90690 | U9: 90697 | V9: 90700 | W9: 90712 | X9: 90726 | Y9: 90739 | Z9: 90751 | AA9: 90763 | AB9: 90774 | AC9: 90787 | AD9: 90802 | AE9: 90816 | AF9: 90830 | AG9: 90843 | AH9: 90856 | AI9: 90870
E10: =(E9-D9)*1000 -> 14000 | F10: =(F9-E9)*1000 -> 14000 | G10: =(G9-F9)*1000 -> 13000 | H10: =(H9-G9)*1000 -> 13000 | I10: =(I9-H9)*1000 -> 13000 | J10: =(J9-I9)*1000 -> 15000 | K10: =(K9-J9)*1000 -> 14000 | L10: =(L9-K9)*1000 -> 11000 | ... AI10: =(AI9-AH9)*1000 -> 14000
A11: 4 | B11: I5T18D002317 / 72039568 | C11: Chillers (SMDB CH 2) (KW) | D11: 77345 | E11: 77348 | F11: 77352 | G11: 77355 | H11: 77357 | I11: 77359 | J11: 77360 | K11: 77361 | L11: 77363 | M11: 77364 | N11: 77366 | O11: 77368 | P11: 77369 | Q11: 77371 | R11: 77372 | S11: 77373 | T11: 77374 | U11: 77381 | V11: 77392 | W11: 77396 | X11: 77399 | Y11: 77403 | Z11: 77406 | AA11: 77409 | AB11: 77412 | AC11: 77414 | AD11: 77417 | AE11: 77420 | AF11: 77423 | AG11: 77426 | AH11: 77429 | AI11: 77433
E12: =(E11-D11)*1000 -> 3000 | F12: =(F11-E11)*1000 -> 4000 | G12: =(G11-F11)*1000 -> 3000 | H12: =(H11-G11)*1000 -> 2000 | I12: =(I11-H11)*1000 -> 2000 | J12: =(J11-I11)*1000 -> 1000 | K12: =(K11-J11)*1000 -> 1000 | L12: =(L11-K11)*1000 -> 2000 | ... AI12: =(AI11-AH11)*1000 -> 4000
A13: 7 | B13: E5T09D035490 | C13: Fire Pump 2 S (Kwh) | D13: 2999 | E13: 2999 | F13: 2999 | G13: 2999 | H13: 2999 | I13: 2999 | J13: 2999 | K13: 3002 | L13: 3002 | M13: 3002 | N13: 3002 | O13: 3002 | P13: 3002 | Q13: 3002 | R13: 3002 | S13: 3002 | T13: 3002 | U13: 3002 | V13: 3002 | W13: 3002 | X13: 3003 | Y13: 3003 | Z13: 3003 | AA13: 3003 | AB13: 3003 | AC13: 3003 | AD13: 3003 | AE13: 3003 | AF13: 3003 | AG13: 3003 | AH13: 3003 | AI13: 3003
E14: =E13-D13 -> 0 | F14: =F13-E13 -> 0 | G14: =G13-F13 -> 0 | H14: =H13-G13 -> 0 | I14: =I13-H13 -> 0 | J14: =J13-I13 -> 0 | K14: =K13-J13 -> 3 | L14: =L13-K13 -> 0 | ... AI14: =AI13-AH13 -> 0
A15: 8 | B15: E5TO9D035489 | C15: Fire Pump 1 S (Kwh) | D15: 323 | E15: 323 | F15: 323 | G15: 323 | H15: 323 | I15: 325 | J15: 325 | K15: 325 | L15: 325 | M15: 325 | N15: 325 | O15: 325 | P15: 325 | Q15: 325 | R15: 325 | S15: 325 | T15: 325 | U15: 325 | V15: 325 | W15: 325 | X15: 326 | Y15: 326 | Z15: 326 | AA15: 326 | AB15: 326 | AC15: 326 | AD15: 326 | AE15: 326 | AF15: 326 | AG15: 326 | AH15: 326 | AI15: 326
E16: =E15-D15 -> 0 | F16: =F15-E15 -> 0 | G16: =G15-F15 -> 0 | H16: =H15-G15 -> 0 | I16: =I15-H15 -> 2 | J16: =J15-I15 -> 0 | K16: =K15-J15 -> 0 | L16: =L15-K15 -> 0 | ... AI16: =AI15-AH15 -> 0
A17: 13 | B17: E5T09D034337 | C17: SMDB Spa S (Kwh) | D17: 1104658 | E17: 1104826 | F17: 1104989 | G17: 1105170 | H17: 1105322 | I17: 1105495 | J17: 1105666 | K17: 1105842 | L17: 1106007 | M17: 1106180 | N17: 1106351 | O17: 1106507 | P17: 1106670 | Q17: 1106839 | R17: 1107000 | S17: 1107179 | T17: 1107333 | U17: 1107505 | V17: 1107669 | W17: 1107833 | X17: 1108016 | Y17: 1108185 | Z17: 1108341 | AA17: 1108587 | AB17: 1108749 | AC17: 1108913 | AD17: 1109067 | AE17: 1109244 | AF17: 1109417 | AG17: 1109593 | AH17: 1109763 | AI17: 1109934
E18: =E17-D17 -> 168 | F18: =F17-E17 -> 163 | G18: =G17-F17 -> 181 | H18: =H17-G17 -> 152 | I18: =I17-H17 -> 173 | J18: =J17-I17 -> 171 | K18: =K17-J17 -> 176 | L18: =L17-K17 -> 165 | ... AI18: =AI17-AH17 -> 171
A19: 14 | B19: E5T09D034327 | C19: Hotel Gym S (Kwh) | D19: 324327 | E19: 324364 | F19: 324403 | G19: 324440 | H19: 324477 | I19: 324512 | J19: 324549 | K19: 324588 | L19: 324623 | M19: 324664 | N19: 324703 | O19: 324740 | P19: 324777 | Q19: 324815 | R19: 324851 | S19: 324887 | T19: 324925 | U19: 324962 | V19: 325000 | W19: 325038 | X19: 325076 | Y19: 325114 | Z19: 325152 | AA19: 325189 | AB19: 325226 | AC19: 325260 | AD19: 325297 | AE19: 325334 | AF19: 325371 | AG19: 325406 | AH19: 325443 | AI19: 325478
E20: =E19-D19 -> 37 | F20: =F19-E19 -> 39 | G20: =G19-F19 -> 37 | H20: =H19-G19 -> 37 | I20: =I19-H19 -> 35 | J20: =J19-I19 -> 37 | K20: =K19-J19 -> 39 | L20: =L19-K19 -> 35 | ... AI20: =AI19-AH19 -> 35
B21: Total Daily Consumption (kw) | E21: =((E6+E8)+((E10+E12)*40%)+(E14+E16+E18+E20)) -> 27005 | F21: =((F6+F8)+((F10+F12)*40%)+(F14+F16+F18+F20)) -> 27402 | G21: =((G6+G8)+((G10+G12)*40%)+(G14+G16+G18+G20)) -> 26618 | H21: =((H6+H8)+((H10+H12)*40%)+(H14+H16+H18+H20)) -> 26189 | I21: =((I6+I8)+((I10+I12)*40%)+(I14+I16+I18+I20)) -> 25210 | J21: =((J6+J8)+((J10+J12)*40%)+(J14+J16+J18+J20)) -> 26608 | K21: =((K6+K8)+((K10+K12)*40%)+(K14+K16+K18+K20)) -> 27218 | L21: =((L6+L8)+((L10+L12)*40%)+(L14+L16+L18+L20)) -> 24400 | ... AI21: =((AI6+AI8)+((AI10+AI12)*40%)+(AI14+AI16+AI18+AI20)) -> 26406
B22: Total Monthly Consumption (kw) | E22: =SUM(E21:AI21) -> 808034

Sheet Water
B2: DAILY WATER METER READINGS & CONSUMPTION (m3) JANUARY 2021
A4: S/N | B4: METER NUMBER & LOCATION | C4: AREA SERVED | D4: LAST MONTH'S FINAL READING | E4: 1 | F4: 2 | G4: 3 | H4: 4 | I4: 5 | J4: 6 | K4: 7 | L4: 8 | M4: 9 | N4: 10 | O4: 11 | P4: 12 | Q4: 13 | R4: 14 | S4: 15 | T4: 16 | U4: 17 | V4: 18 | W4: 19 | X4: 20 | Y4: 21 | Z4: 22 | AA4: 23 | AB4: 24 | AC4: 25 | AD4: 26 | AE4: 27 | AF4: 28 | AG4: 29 | AH4: 30 | AI4: 31
A5: 1 | B5: 48242051 (Hotel & Arjaan Main Meter) | C5: Hotel & Arjaan / Raw Water Tank for Hotel,Arjaan,Kitchen,Laundry,Staff Locker,Hotel Swimming Pool | D5: 192349.5 | E5: 192499.9 | F5: 192659.3 | G5: 192812.2 | H5: 192964 | I5: 193069.8 | J5: 193197.5 | K5: 193340.3 | L5: 193483.6 | M5: 193624.9 | N5: 193737.3 | O5: 193866.5 | P5: 194025.7 | Q5: 194183.5 | R5: 194282.9 | S5: 194429.7 | T5: 194583 | U5: 194736.9 | V5: 194839.9 | W5: 195001.5 | X5: 195171.2 | Y5: 195286.7 | Z5: 195454.6 | AA5: 195622.3 | AB5: 195782.5 | AC5: 195887.2 | AD5: 196056.2 | AE5: 196225.9 | AF5: 196415.3 | AG5: 196544.2 | AH5: 196702.5 | AI5: 196856
E6: =E5-D5 -> 150.4 | F6: =F5-E5 -> 159.4 | G6: =G5-F5 -> 152.9 | H6: =H5-G5 -> 151.8 | I6: =I5-H5 -> 105.8 | J6: =J5-I5 -> 127.7 | K6: =K5-J5 -> 142.8 | L6: =L5-K5 -> 143.3 | ... AI6: =AI5-AH5 -> 153.5
A7: 3 | B7: EMK17100DA17081056 (Cooling Tower Meter) | C7: Cooling Towers, Irrigation Tank,CHW Make up Line,Residence Pool, Cooling Tower Blow Down | D7: 255643.8 | E7: 255788.9 | F7: 255891.6 | G7: 256058 | H7: 256058 | I7: 256058 | J7: 256058 | K7: 256058 | L7: 256058 | M7: 256058 | N7: 256058 | O7: 256058 | P7: 256058 | Q7: 257222.7 | R7: 257361.2 | S7: 257401.6 | T7: 257508.7 | U7: 257704.1 | V7: 257797.5 | W7: 257958.2 | X7: 258259.5 | Y7: 258396.7 | Z7: 258493 | AA7: 258608.5 | AB7: 258762.2 | AC7: 258856.2 | AD7: 258949.5 | AE7: 259098.3 | AF7: 259230.8 | AG7: 259335.3 | AH7: 259519.9 | AI7: 259627.1
E8: =E7-D7 -> 145.1 | F8: =F7-E7 -> 102.7 | G8: =G7-F7 -> 166.4 | H8: =H7-G7 -> 0 | I8: =I7-H7 -> 0 | J8: =J7-I7 -> 0 | K8: =K7-J7 -> 0 | L8: =L7-K7 -> 0 | ... AI8: =AI7-AH7 -> 107.2
A9: 4 | B9: 2045000686(Sub Meter) | C9: Irrigation water Tank | D9: 72572 | E9: 72575 | F9: 72588 | G9: 72660 | H9: 72660 | I9: 72660 | J9: 72738 | K9: 72800 | L9: 72801 | M9: 72908 | N9: 72908 | O9: 72917 | P9: 72992 | Q9: 73015 | R9: 73065 | S9: 73065 | T9: 73086 | U9: 73155 | V9: 73174 | W9: 73177 | X9: 73267 | Y9: 73286 | Z9: 73287 | AA9: 73294 | AB9: 73363 | AC9: 73367 | AD9: 73375 | AE9: 73438 | AF9: 73470 | AG9: 73473 | AH9: 73561 | AI9: 73563
E10: =E9-D9 -> 3 | F10: =F9-E9 -> 13 | G10: =G9-F9 -> 72 | H10: =H9-G9 -> 0 | I10: =I9-H9 -> 0 | J10: =J9-I9 -> 78 | K10: =K9-J9 -> 62 | L10: =L9-K9 -> 1 | ... AI10: =AI9-AH9 -> 2
A11: 5 | B11: 68864837 | C11: Hotel & Arjaan Spa | D11: 70.728 | E11: 71.436 | F11: 72.386 | G11: 72.842 | H11: 73.272 | I11: 73.595 | J11: 73.982 | K11: 74.823 | L11: 75.348 | M11: 76.314 | N11: 77.49 | O11: 77.955 | P11: 78.772 | Q11: 79.628 | R11: 80.189 | S11: 80.419 | T11: 81.242 | U11: 81.75 | V11: 83.333 | W11: 83.889 | X11: 84.273 | Y11: 85.06 | Z11: 85.548 | AA11: 86.136 | AB11: 87.624 | AC11: 88.126 | AD11: 88.728 | AE11: 89.163 | AF11: 90.243 | AG11: 90.848 | AH11: 91.675 | AI11: 92.619
E12: =E11-D11 -> 0.708 | F12: =F11-E11 -> 0.95 | G12: =G11-F11 -> 0.456 | H12: =H11-G11 -> 0.43 | I12: =I11-H11 -> 0.323 | J12: =J11-I11 -> 0.387 | K12: =K11-J11 -> 0.841 | L12: =L11-K11 -> 0.525 | ... AI12: =AI11-AH11 -> 0.944
A13: 6 | B13: 65296485 | C13: Hotel & Arjaan Gym | D13: 8090.271 | E13: 8090.77 | F13: 8091.409 | G13: 8091.811 | H13: 8092.203 | I13: 8092.764 | J13: 8094.42 | K13: 8094.813 | L13: 8096.396 | M13: 8100.593 | N13: 8102.35 | O13: 8110.214 | P13: 8110.648 | Q13: 8110.983 | R13: 8111.432 | S13: 8111.819 | T13: 8114.236 | U13: 8115.037 | V13: 8115.57 | W13: 8116.222 | X13: 8116.627 | Y13: 8118.595 | Z13: 8119.322 | AA13: 8120.698 | AB13: 8121.474 | AC13: 8124.475 | AD13: 8124.951 | AE13: 8125.693 | AF13: 8126.249 | AG13: 8127.638 | AH13: 8130.996 | AI13: 8134.131
E14: =E13-D13 -> 0.499 | F14: =F13-E13 -> 0.639 | G14: =G13-F13 -> 0.402 | H14: =H13-G13 -> 0.392 | I14: =I13-H13 -> 0.561 | J14: =J13-I13 -> 1.656 | K14: =K13-J13 -> 0.393 | L14: =L13-K13 -> 1.583 | ... AI14: =AI13-AH13 -> 3.135
B15: Total Daily Consumption (m3) | E15: =E6+((E8*45%)+(E10*45%)+(E12+E14)) -> 218.252 | F15: =F6+((F8*45%)+(F10*45%)+(F12+F14)) -> 213.054 | G15: =G6+((G8*45%)+(G10*45%)+(G12+G14)) -> 261.038 | H15: =H6+((H8*45%)+(H10*45%)+(H12+H14)) -> 152.622 | I15: =I6+((I8*45%)+(I10*45%)+(I12+I14)) -> 106.684 | J15: =J6+((J8*45%)+(J10*45%)+(J12+J14)) -> 164.843 | K15: =K6+((K8*45%)+(K10*45%)+(K12+K14)) -> 171.934 | L15: =L6+((L8*45%)+(L10*45%)+(L12+L14)) -> 145.858 | ... AI15: =AI6+((AI8*45%)+(AI10*45%)+(AI12+AI14)) -> 206.719
B16: Total Monthly Consumption (m3) | E16: =SUM(E15:AI15) -> 6810.686

Sheet LPG
A1: DAILY GAS METER READINGS & CONSUMPTION (Liters) January 2021
A3: LAST MONTH'S FINAL READING | B3: 66285.31
A4: 1 | C4: =B3/31 -> 2138.2358
A5: 2 | C5: 2138.2358
A6: 3 | C6: 2138.2358
A7: 4 | C7: 2138.2358
A8: 5 | C8: 2138.2358
A9: 6 | C9: 2138.2358
A10: 7 | C10: 2138.2358
A11: 8 | C11: 2138.2358
A12: 9 | C12: 2138.2358
A13: 10 | C13: 2138.2358
A14: 11 | C14: 2138.2358
A15: 12 | C15: 2138.2358
A16: 13 | C16: 2138.2358
... A34: 31 | C34: 2138.2358
A35: TOTAL Consumption | C35: =SUM(C4:C34) -> 66285.31

Sheet Occupied & No. of Guest
A1: Occupied Room & Number of Guest - January 2021
A2: Date | B2: Occupied | C2: # Guest
A3: 44197 | B3: 133 | C3: 183
A4: 44198 | B4: 132 | C4: 170
A5: 44199 | B5: 130 | C5: 171
A6: 44200 | B6: 139 | C6: 183
A7: 44201 | B7: 152 | C7: 194
A8: 44202 | B8: 145 | C8: 181
A9: 44203 | B9: 135 | C9: 181
A10: 44204 | B10: 138 | C10: 189
A11: 44205 | B11: 128 | C11: 167
A12: 44206 | B12: 148 | C12: 191
A13: 44207 | B13: 160 | C13: 205
A14: 44208 | B14: 174 | C14: 222
... A33: 44227 | B33: 147 | C33: 189
A34: TOTAL MTD | B34: =SUM(B3:B33) -> 4863 | C34: =SUM(C3:C33) -> 6300
