Workbook

Sheet Total
A1: Site Name | B1: Day | C1: Month | D1: Year | E1: Total Electricity Kwh | F1: Electricity Tariff ($/Kwh) | G1: LPG (Liters) | H1: LPG $/Liters | I1: Water Utility Supply (m3) m3 | J1: Water Utility Supply (m3) $/m3 | K1: Room Nights | L1: Total Guests
A2: Park Rotana and Park Arjaan Abu Dhabi | B2: 1 | C2: 2 | D2: 2019 | E2: {=TRANSPOSE(Electricity!E21:AG21)} -> 31990 | F2: 0.2 | G2: =LPG!C4 -> 1896.9268 | H2: 1.2900069 | I2: {=TRANSPOSE(Water!E15:AG15)} -> 798.916 | J2: 7.84 | K2: ='Occupied & No. of Guest'!B3 -> 400 | L2: ='Occupied & No. of Guest'!C3 -> 576
A3: Park Rotana and Park Arjaan Abu Dhabi | B3: =B2+1 -> 2 | C3: 2 | D3: 2019 | E3: 30967 | F3: 0.2 | G3: =LPG!C5 -> 1896.9268 | H3: 1.2900069 | I3: 330.258 | J3: 7.84 | K3: ='Occupied & No. of Guest'!B4 -> 365 | L3: ='Occupied & No. of Guest'!C4 -> 475
A4: Park Rotana and Park Arjaan Abu Dhabi | B4: =B3+1 -> 3 | C4: 2 | D4: 2019 | E4: 33358 | F4: 0.2 | G4: =LPG!C6 -> 1896.9268 | H4: 1.2900069 | I4: 301.99 | J4: 7.84 | K4: ='Occupied & No. of Guest'!B5 -> 439 | L4: ='Occupied & No. of Guest'!C5 -> 589
A5: Park Rotana and Park Arjaan Abu Dhabi | B5: =B4+1 -> 4 | C5: 2 | D5: 2019 | E5: 31582 | F5: 0.2 | G5: =LPG!C7 -> 1896.9268 | H5: 1.2900069 | I5: 319.414 | J5: 7.84 | K5: ='Occupied & No. of Guest'!B6 -> 481 | L5: ='Occupied & No. of Guest'!C6 -> 662
A6: Park Rotana and Park Arjaan Abu Dhabi | B6: =B5+1 -> 5 | C6: 2 | D6: 2019 | E6: 30790 | F6: 0.2 | G6: =LPG!C8 -> 1896.9268 | H6: 1.2900069 | I6: 253.204 | J6: 7.84 | K6: ='Occupied & No. of Guest'!B7 -> 468 | L6: ='Occupied & No. of Guest'!C7 -> 623
A7: Park Rotana and Park Arjaan Abu Dhabi | B7: =B6+1 -> 6 | C7: 2 | D7: 2019 | E7: 30793 | F7: 0.2 | G7: =LPG!C9 -> 1896.9268 | H7: 1.2900069 | I7: 246.548 | J7: 7.84 | K7: ='Occupied & No. of Guest'!B8 -> 453 | L7: ='Occupied & No. of Guest'!C8 -> 594
A8: Park Rotana and Park Arjaan Abu Dhabi | B8: =B7+1 -> 7 | C8: 2 | D8: 2019 | E8: 29397 | F8: 0.2 | G8: =LPG!C10 -> 1896.9268 | H8: 1.2900069 | I8: 304.545 | J8: 7.84 | K8: ='Occupied & No. of Guest'!B9 -> 403 | L8: ='Occupied & No. of Guest'!C9 -> 564
A9: Park Rotana and Park Arjaan Abu Dhabi | B9: =B8+1 -> 8 | C9: 2 | D9: 2019 | E9: 30774 | F9: 0.2 | G9: =LPG!C11 -> 1896.9268 | H9: 1.2900069 | I9: 267.769 | J9: 7.84 | K9: ='Occupied & No. of Guest'!B10 -> 457 | L9: ='Occupied & No. of Guest'!C10 -> 635
A10: Park Rotana and Park Arjaan Abu Dhabi | B10: =B9+1 -> 9 | C10: 2 | D10: 2019 | E10: 31774 | F10: 0.2 | G10: =LPG!C12 -> 1896.9268 | H10: 1.2900069 | I10: 283.243 | J10: 7.84 | K10: ='Occupied & No. of Guest'!B11 -> 412 | L10: ='Occupied & No. of Guest'!C11 -> 578
A11: Park Rotana and Park Arjaan Abu Dhabi | B11: =B10+1 -> 10 | C11: 2 | D11: 2019 | E11: 30158 | F11: 0.2 | G11: =LPG!C13 -> 1896.9268 | H11: 1.2900069 | I11: 278.715 | J11: 7.84 | K11: ='Occupied & No. of Guest'!B12 -> 432 | L11: ='Occupied & No. of Guest'!C12 -> 607
A12: Park Rotana and Park Arjaan Abu Dhabi | B12: =B11+1 -> 11 | C12: 2 | D12: 2019 | E12: 31591 | F12: 0.2 | G12: =LPG!C14 -> 1896.9268 | H12: 1.2900069 | I12: 262.043 | J12: 7.84 | K12: ='Occupied & No. of Guest'!B13 -> 426 | L12: ='Occupied & No. of Guest'!C13 -> 590
A13: Park Rotana and Park Arjaan Abu Dhabi | B13: =B12+1 -> 12 | C13: 2 | D13: 2019 | E13: 31563 | F13: 0.2 | G13: =LPG!C15 -> 1896.9268 | H13: 1.2900069 | I13: 242.761 | J13: 7.84 | K13: ='Occupied & No. of Guest'!B14 -> 415 | L13: ='Occupied & No. of Guest'!C14 -> 584
A14: Park Rotana and Park Arjaan Abu Dhabi | B14: =B13+1 -> 13 | C14: 2 | D14: 2019 | E14: 32597 | F14: 0.2 | G14: =LPG!C16 -> 1896.9268 | H14: 1.2900069 | I14: 874.573 | J14: 7.84 | K14: ='Occupied & No. of Guest'!B15 -> 404 | L14: ='Occupied & No. of Guest'!C15 -> 553
... A30: Park Rotana and Park Arjaan Abu Dhabi | B30: =B29+1 -> 29 | C30: 2 | D30: 2019 | E30: 0 | F30: 0.2 | G30: =LPG!C32 -> 0 | H30: 1.2900069 | I30: 0 | J30: 7.84 | K30: ='Occupied & No. of Guest'!B31 -> 0 | L30: ='Occupied & No. of Guest'!C31 -> 0
A31: Park Rotana and Park Arjaan Abu Dhabi | B31: =B30+1 -> 30 | C31: 2 | D31: 2019 | F31: 0.2 | G31: =LPG!C33 -> 0 | H31: 1.2900069 | J31: 7.84 | K31: ='Occupied & No. of Guest'!B32 -> 0 | L31: ='Occupied & No. of Guest'!C32 -> 0
A32: Park Rotana and Park Arjaan Abu Dhabi | B32: =B31+1 -> 31 | C32: 2 | D32: 2019 | F32: 0.2 | G32: =LPG!C34 -> 0 | H32: 1.2900069 | J32: 7.84 | K32: ='Occupied & No. of Guest'!B33 -> 0 | L32: ='Occupied & No. of Guest'!C33 -> 0

Sheet Electricity
A2: DAILY ELECTRICITY METER READINGS & CONSUMPTION FEBRUARY 2019
A4: S/N | B4: METER NUMBER &LOCATION | C4: AREA SERVED | D4: Last Month Final Readings | E4: 1 | F4: 2 | G4: 3 | H4: 4 | I4: 5 | J4: 6 | K4: 7 | L4: 8 | M4: 9 | N4: 10 | O4: 11 | P4: 12 | Q4: 13 | R4: 14 | S4: 15 | T4: 16 | U4: 17 | V4: 18 | W4: 19 | X4: 20 | Y4: 21 | Z4: 22 | AA4: 23 | AB4: 24 | AC4: 25 | AD4: 26 | AE4: 27 | AF4: 28
A5: 1 | B5: I5T18D002265/ No. 72039516 | C5: Hotel & Arjaan incomer 1 (Kilowatt) | D5: 66424 | E5: 66424 | F5: 66424 | G5: 66424 | H5: 66424 | I5: 66424 | J5: 66424 | K5: 66424 | L5: 66424 | M5: 66424 | N5: 66424 | O5: 66424 | P5: 66424 | Q5: 66424 | R5: 66424 | S5: 66424 | T5: 66424 | U5: 66424 | V5: 66424 | W5: 66424 | X5: 66424 | Y5: 66424 | Z5: 66424 | AA5: 66424 | AB5: 66424 | AC5: 66424 | AD5: 66424 | AE5: 66424 | AF5: 66424
E6: =(E5-D5)*1000 -> 0 | F6: =(F5-E5)*1000 -> 0 | G6: =(G5-F5)*1000 -> 0 | H6: =(H5-G5)*1000 -> 0 | I6: =(I5-H5)*1000 -> 0 | J6: =(J5-I5)*1000 -> 0 | K6: =(K5-J5)*1000 -> 0 | L6: =(L5-K5)*1000 -> 0 | ... AF6: =(AF5-AE5)*1000 -> 0
A7: 2 | B7: I5T18D002266/ No. 72039517 | C7: Hotel & Arjaan incomer 2 (Kilowatt) | D7: 24354 | E7: 24378 | F7: 24401 | G7: 24426 | H7: 24450 | I7: 24474 | J7: 24498 | K7: 24521 | L7: 24545 | M7: 24570 | N7: 24593 | O7: 24617 | P7: 24641 | Q7: 24666 | R7: 24691 | S7: 24716 | T7: 24739 | U7: 24763 | V7: 24787 | W7: 24810 | X7: 24833 | Y7: 24857 | Z7: 24880 | AA7: 24904 | AB7: 24927 | AC7: 24949 | AD7: 24972 | AE7: 24996 | AF7: 25020
E8: =(E7-D7)*1000 -> 24000 | F8: =(F7-E7)*1000 -> 23000 | G8: =(G7-F7)*1000 -> 25000 | H8: =(H7-G7)*1000 -> 24000 | I8: =(I7-H7)*1000 -> 24000 | J8: =(J7-I7)*1000 -> 24000 | K8: =(K7-J7)*1000 -> 23000 | L8: =(L7-K7)*1000 -> 24000 | ... AF8: =(AF7-AE7)*1000 -> 24000
A9: 3 | B9: I5T18D002318 / 72039569 | C9: Chillers (SMDB CH 1) (Kilowatt) | D9: 77939 | E9: 77955 | F9: 77971 | G9: 77983 | H9: 77986 | I9: 77989 | J9: 77993 | K9: 77997 | L9: 78001 | M9: 78004 | N9: 78007 | O9: 78010 | P9: 78012 | Q9: 78015 | R9: 78018 | S9: 78020 | T9: 78023 | U9: 78026 | V9: 78029 | W9: 78031 | X9: 78034 | Y9: 78036 | Z9: 78039 | AA9: 78045 | AB9: 78061 | AC9: 78078 | AD9: 78093 | AE9: 78109 | AF9: 78127
E10: =(E9-D9)*1000 -> 16000 | F10: =(F9-E9)*1000 -> 16000 | G10: =(G9-F9)*1000 -> 12000 | H10: =(H9-G9)*1000 -> 3000 | I10: =(I9-H9)*1000 -> 3000 | J10: =(J9-I9)*1000 -> 4000 | K10: =(K9-J9)*1000 -> 4000 | L10: =(L9-K9)*1000 -> 4000 | ... AF10: =(AF9-AE9)*1000 -> 18000
A11: 4 | B11: I5T18D002317 / 72039568 | C11: Chillers (SMDB CH 2) (Kilowatt) | D11: 65316 | E11: 65319 | F11: 65322 | G11: 65330 | H11: 65345 | I11: 65358 | J11: 65370 | K11: 65381 | L11: 65393 | M11: 65406 | N11: 65420 | O11: 65435 | P11: 65451 | Q11: 65466 | R11: 65482 | S11: 65496 | T11: 65512 | U11: 65527 | V11: 65543 | W11: 65558 | X11: 65572 | Y11: 65585 | Z11: 65600 | AA11: 65611 | AB11: 65613 | AC11: 65615 | AD11: 65616 | AE11: 65618 | AF11: 65619
E12: =(E11-D11)*1000 -> 3000 | F12: =(F11-E11)*1000 -> 3000 | G12: =(G11-F11)*1000 -> 8000 | H12: =(H11-G11)*1000 -> 15000 | I12: =(I11-H11)*1000 -> 13000 | J12: =(J11-I11)*1000 -> 12000 | K12: =(K11-J11)*1000 -> 11000 | L12: =(L11-K11)*1000 -> 12000 | ... AF12: =(AF11-AE11)*1000 -> 1000
A13: 7 | B13: E5T09D035490 | C13: Fire Pump 2 S (Kwh) | D13: 2854 | E13: 2854 | F13: 2854 | G13: 2854 | H13: 2854 | I13: 2854 | J13: 2854 | K13: 2854 | L13: 2854 | M13: 2854 | N13: 2854 | O13: 2854 | P13: 2854 | Q13: 2855 | R13: 2855 | S13: 2855 | T13: 2855 | U13: 2855 | V13: 2855 | W13: 2855 | X13: 2855 | Y13: 2855 | Z13: 2855 | AA13: 2855 | AB13: 2855 | AC13: 2855 | AD13: 2855 | AE13: 2855 | AF13: 2855
E14: =E13-D13 -> 0 | F14: =F13-E13 -> 0 | G14: =G13-F13 -> 0 | H14: =H13-G13 -> 0 | I14: =I13-H13 -> 0 | J14: =J13-I13 -> 0 | K14: =K13-J13 -> 0 | L14: =L13-K13 -> 0 | ... AF14: =AF13-AE13 -> 0
A15: 8 | B15: E5TO9D035489 | C15: Fire Pump 1 S (Kwh) | D15: 252 | E15: 252 | F15: 252 | G15: 252 | H15: 252 | I15: 253 | J15: 253 | K15: 253 | L15: 253 | M15: 253 | N15: 253 | O15: 253 | P15: 253 | Q15: 253 | R15: 253 | S15: 253 | T15: 253 | U15: 253 | V15: 253 | W15: 254 | X15: 254 | Y15: 254 | Z15: 254 | AA15: 254 | AB15: 254 | AC15: 254 | AD15: 254 | AE15: 254 | AF15: 254
E16: =E15-D15 -> 0 | F16: =F15-E15 -> 0 | G16: =G15-F15 -> 0 | H16: =H15-G15 -> 0 | I16: =I15-H15 -> 1 | J16: =J15-I15 -> 0 | K16: =K15-J15 -> 0 | L16: =L15-K15 -> 0 | ... AF16: =AF15-AE15 -> 0
A17: 13 | B17: E5T09D034337 | C17: SMDB Spa S (Kwh) | D17: 959536 | E17: 959865 | F17: 960177 | G17: 960482 | H17: 960802 | I17: 961127 | J17: 961461 | K17: 961800 | L17: 962115 | M17: 962428 | N17: 962725 | O17: 963053 | P17: 963356 | Q17: 963689 | R17: 963993 | S17: 964301 | T17: 964620 | U17: 964925 | V17: 965228 | W17: 965538 | X17: 965871 | Y17: 966183 | Z17: 966479 | AA17: 966806 | AB17: 967098 | AC17: 967411 | AD17: 967707 | AE17: 967999 | AF17: 968312
E18: =E17-D17 -> 329 | F18: =F17-E17 -> 312 | G18: =G17-F17 -> 305 | H18: =H17-G17 -> 320 | I18: =I17-H17 -> 325 | J18: =J17-I17 -> 334 | K18: =K17-J17 -> 339 | L18: =L17-K17 -> 315 | ... AF18: =AF17-AE17 -> 313
A19: 14 | B19: E5T09D034327 | C19: Hotel Gym S (Kwh) | D19: 290980 | E19: 291041 | F19: 291096 | G19: 291149 | H19: 291211 | I19: 291275 | J19: 291334 | K19: 291392 | L19: 291451 | M19: 291512 | N19: 291573 | O19: 291636 | P19: 291696 | Q19: 291759 | R19: 291816 | S19: 291881 | T19: 291938 | U19: 291998 | V19: 292060 | W19: 292119 | X19: 292178 | Y19: 292237 | Z19: 292293 | AA19: 292348 | AB19: 292404 | AC19: 292462 | AD19: 292517 | AE19: 292578 | AF19: 292634
E20: =E19-D19 -> 61 | F20: =F19-E19 -> 55 | G20: =G19-F19 -> 53 | H20: =H19-G19 -> 62 | I20: =I19-H19 -> 64 | J20: =J19-I19 -> 59 | K20: =K19-J19 -> 58 | L20: =L19-K19 -> 59 | ... AF20: =AF19-AE19 -> 56
B21: Total Daily Consumption (kw) | E21: =((E6+E8)+((E10+E12)*40%)+(E14+E16+E18+E20)) -> 31990 | F21: =((F6+F8)+((F10+F12)*40%)+(F14+F16+F18+F20)) -> 30967 | G21: =((G6+G8)+((G10+G12)*40%)+(G14+G16+G18+G20)) -> 33358 | H21: =((H6+H8)+((H10+H12)*40%)+(H14+H16+H18+H20)) -> 31582 | I21: =((I6+I8)+((I10+I12)*40%)+(I14+I16+I18+I20)) -> 30790 | J21: =((J6+J8)+((J10+J12)*40%)+(J14+J16+J18+J20)) -> 30793 | K21: =((K6+K8)+((K10+K12)*40%)+(K14+K16+K18+K20)) -> 29397 | L21: =((L6+L8)+((L10+L12)*40%)+(L14+L16+L18+L20)) -> 30774 | ... AF21: =((AF6+AF8)+((AF10+AF12)*40%)+(AF14+AF16+AF18+AF20)) -> 31969
B22: Total Monthly Consumption (kw) | E22: =SUM(E21:AG21) -> 872833

Sheet Water
B2: DAILY WATER METER READINGS & CONSUMPTION (m3) FEBRUARY 2019
A4: S/N | B4: METER NUMBER & LOCATION | C4: AREA SERVED | D4: LAST MONTH'S FINAL READING | E4: 1 | F4: 2 | G4: 3 | H4: 4 | I4: 5 | J4: 6 | K4: 7 | L4: 8 | M4: 9 | N4: 10 | O4: 11 | P4: 12 | Q4: 13 | R4: 14 | S4: 15 | T4: 16 | U4: 17 | V4: 18 | W4: 19 | X4: 20 | Y4: 21 | Z4: 22 | AA4: 23 | AB4: 24 | AC4: 25 | AD4: 26 | AE4: 27 | AF4: 28
A5: 1 | B5: 48242051 (Hotel & Arjaan Main Meter) | C5: Hotel & Arjaan / Raw Water Tank for Hotel,Arjaan,Kitchen,Laundry,Staff Locker,Hotel Swimming Pool | D5: 52116.9 | E5: 52346 | F5: 52561.2 | G5: 52777.8 | H5: 53038.1 | I5: 53280.1 | J5: 53523.4 | K5: 53794.1 | L5: 54055.5 | M5: 54298.8 | N5: 54561.6 | O5: 54801.5 | P5: 55039.1 | Q5: 55330 | R5: 55549.7 | S5: 55849.2 | T5: 56080.9 | U5: 56299.6 | V5: 56570.3 | W5: 56774.6 | X5: 57027 | Y5: 57274.1 | Z5: 57481.03 | AA5: 57694.4 | AB5: 57896.9 | AC5: 58092.2 | AD5: 58280.7 | AE5: 58484.8 | AF5: 58698.8
E6: =E5-D5 -> 229.1 | F6: =F5-E5 -> 215.2 | G6: =G5-F5 -> 216.6 | H6: =H5-G5 -> 260.3 | I6: =I5-H5 -> 242 | J6: =J5-I5 -> 243.3 | K6: =K5-J5 -> 270.7 | L6: =L5-K5 -> 261.4 | ... AF6: =AF5-AE5 -> 214
A7: 3 | B7: EMK17100DA17081056 (Cooling Tower Meter) | C7: Cooling Towers, Irrigation Tank,CHW Make up Line,Residence Pool, Cooling Tower Blow Down | D7: 57662.2 | E7: 58919 | F7: 59076.1 | G7: 59233.2 | H7: 59352.4 | I7: 59352.4 | J7: 59352.4 | K7: 59352.4 | L7: 59352.4 | M7: 59352.4 | N7: 59352.4 | O7: 59352.4 | P7: 59352.4 | Q7: 60540.1 | R7: 60719.4 | S7: 60806.3 | T7: 61042.2 | U7: 61201 | V7: 61335.8 | W7: 61543 | X7: 61634.9 | Y7: 61831.5 | Z7: 61937 | AA7: 62152.2 | AB7: 62273.5 | AC7: 62502.1 | AD7: 62556.6 | AE7: 62774.1 | AF7: 62996.5
E8: =E7-D7 -> 1256.8 | F8: =F7-E7 -> 157.1 | G8: =G7-F7 -> 157.1 | H8: =H7-G7 -> 119.2 | I8: =I7-H7 -> 0 | J8: =J7-I7 -> 0 | K8: =K7-J7 -> 0 | L8: =L7-K7 -> 0 | ... AF8: =AF7-AE7 -> 222.4
A9: 4 | B9: 2045000686(Sub Meter) | C9: Irrigation water Tank | D9: 11734 | E9: 11734 | F9: 11802 | G9: 11824 | H9: 11824 | I9: 11841 | J9: 11841 | K9: 11906 | L9: 11906 | M9: 11984 | N9: 12011 | O9: 12054 | P9: 12054 | Q9: 12158 | R9: 12251 | S9: 12251 | T9: 12387 | U9: 12438 | V9: 12438 | W9: 12550 | X9: 12550 | Y9: 12661 | Z9: 12661 | AA9: 12781 | AB9: 12781 | AC9: 12889 | AD9: 12889 | AE9: 13001 | AF9: 13111
E10: =E9-D9 -> 0 | F10: =F9-E9 -> 68 | G10: =G9-F9 -> 22 | H10: =H9-G9 -> 0 | I10: =I9-H9 -> 17 | J10: =J9-I9 -> 0 | K10: =K9-J9 -> 65 | L10: =L9-K9 -> 0 | ... AF10: =AF9-AE9 -> 110
A11: 5 | B11: 68864837 | C11: Hotel & Arjaan Spa | D11: 3744.042 | E11: 3746.559 | F11: 3749.481 | G11: 3751.438 | H11: 3753.076 | I11: 3755.014 | J11: 3757.583 | K11: 3759.787 | L11: 3764.491 | M11: 3766.331 | N11: 3768.192 | O11: 3769.848 | P11: 3772.394 | Q11: 3773.608 | R11: 3775.722 | S11: 3778.351 | T11: 3779.643 | U11: 3782.493 | V11: 3784.389 | W11: 3785.682 | X11: 3787.12 | Y11: 3789.738 | Z11: 3792.131 | AA11: 3794.185 | AB11: 3795.857 | AC11: 3797.68 | AD11: 3800.506 | AE11: 3801.837 | AF11: 3803.517
E12: =E11-D11 -> 2.517 | F12: =F11-E11 -> 2.922 | G12: =G11-F11 -> 1.957 | H12: =H11-G11 -> 1.638 | I12: =I11-H11 -> 1.938 | J12: =J11-I11 -> 2.569 | K12: =K11-J11 -> 2.204 | L12: =L11-K11 -> 4.704 | ... AF12: =AF11-AE11 -> 1.68
A13: 6 | B13: 65296485 | C13: Hotel & Arjaan Gym | D13: 6574.126 | E13: 6575.865 | F13: 6586.706 | G13: 6589.544 | H13: 6593.38 | I13: 6594.996 | J13: 6595.675 | K13: 6598.066 | L13: 6599.731 | M13: 6602.734 | N13: 6604.638 | O13: 6605.775 | P13: 6608.39 | Q13: 6609.584 | R13: 6611.953 | S13: 6614.084 | T13: 6617.411 | U13: 6618.765 | V13: 6621.097 | W13: 6624.58 | X13: 6631.836 | Y13: 6639.616 | Z13: 6642.562 | AA13: 6643.729 | AB13: 6645.279 | AC13: 6646.708 | AD13: 6647.984 | AE13: 6649.048 | AF13: 6653.144
E14: =E13-D13 -> 1.739 | F14: =F13-E13 -> 10.841 | G14: =G13-F13 -> 2.838 | H14: =H13-G13 -> 3.836 | I14: =I13-H13 -> 1.616 | J14: =J13-I13 -> 0.679 | K14: =K13-J13 -> 2.391 | L14: =L13-K13 -> 1.665 | ... AF14: =AF13-AE13 -> 4.096
B15: Total Daily Consumption (m3) | E15: =E6+((E8*45%)+(E10*45%)+(E12+E14)) -> 798.916 | F15: =F6+((F8*45%)+(F10*45%)+(F12+F14)) -> 330.258 | G15: =G6+((G8*45%)+(G10*45%)+(G12+G14)) -> 301.99 | H15: =H6+((H8*45%)+(H10*45%)+(H12+H14)) -> 319.414 | I15: =I6+((I8*45%)+(I10*45%)+(I12+I14)) -> 253.204 | J15: =J6+((J8*45%)+(J10*45%)+(J12+J14)) -> 246.548 | K15: =K6+((K8*45%)+(K10*45%)+(K12+K14)) -> 304.545 | L15: =L6+((L8*45%)+(L10*45%)+(L12+L14)) -> 267.769 | ... AF15: =AF6+((AF8*45%)+(AF10*45%)+(AF12+AF14)) -> 369.356
B16: Total Monthly Consumption (m3) | E16: =SUM(E15:AG15) -> 9740.478

Sheet LPG
A1: DAILY GAS METER READINGS & CONSUMPTION (Liters) February 2019
A3: LAST MONTH'S FINAL READING | B3: 53113.95
A4: 1 | C4: =B3/28 -> 1896.9268
A5: 2 | C5: 1896.9268
A6: 3 | C6: 1896.9268
A7: 4 | C7: 1896.9268
A8: 5 | C8: 1896.9268
A9: 6 | C9: 1896.9268
A10: 7 | C10: 1896.9268
A11: 8 | C11: 1896.9268
A12: 9 | C12: 1896.9268
A13: 10 | C13: 1896.9268
A14: 11 | C14: 1896.9268
A15: 12 | C15: 1896.9268
A16: 13 | C16: 1896.9268
... A31: 28 | C31: 1896.9268
A35: TOTAL Consumption | C35: =SUM(C4:C34) -> 53113.95

Sheet Occupied & No. of Guest
A1: Occupied Room & Number of Guest - Februray 2019
A2: Date | B2: Occupied | C2: # Guest
A3: 43497 | B3: 400 | C3: 576
A4: 43498 | B4: 365 | C4: 475
A5: 43499 | B5: 439 | C5: 589
A6: 43500 | B6: 481 | C6: 662
A7: 43501 | B7: 468 | C7: 623
A8: 43502 | B8: 453 | C8: 594
A9: 43503 | B9: 403 | C9: 564
A10: 43504 | B10: 457 | C10: 635
A11: 43505 | B11: 412 | C11: 578
A12: 43506 | B12: 432 | C12: 607
A13: 43507 | B13: 426 | C13: 590
A14: 43508 | B14: 415 | C14: 584
... A30: 43524 | B30: 391 | C30: 553
A34: TOTAL MTD | B34: =SUM(B3:B33) -> 11278 | C34: =SUM(C3:C33) -> 15446
