Workbook

Sheet Total
A1: Site Name | B1: Day | C1: Month | D1: Year | E1: Total Electricity Kwh | F1: Electricity Tariff ($/Kwh) | G1: LPG (Liters) | H1: LPG $/Liters | I1: Water Utility Supply (m3) m3 | J1: Water Utility Supply (m3) $/m3 | K1: Room Nights | L1: Total Guests
A2: Al Rawda Arjaan | B2: 1 | C2: 3 | D2: 2025 | E2: =Sheet2!G8 -> 3998 | F2: 0.2 | I2: =Sheet2!K8 -> 25.804 | J2: 7.84 | K2: 93 | L2: 128
A3: Al Rawda Arjaan | B3: =B2+1 -> 2 | C3: 3 | D3: 2025 | E3: =Sheet2!G9 -> 4062 | F3: 0.2 | I3: =Sheet2!K9 -> 34.083 | J3: 7.84 | K3: 90 | L3: 119
A4: Al Rawda Arjaan | B4: =B3+1 -> 3 | C4: 3 | D4: 2025 | E4: =Sheet2!G10 -> 4095 | F4: 0.2 | I4: =Sheet2!K10 -> 26.642 | J4: 7.84 | K4: 88 | L4: 115
A5: Al Rawda Arjaan | B5: =B4+1 -> 4 | C5: 3 | D5: 2025 | E5: =Sheet2!G11 -> 3954 | F5: 0.2 | I5: =Sheet2!K11 -> 64.395 | J5: 7.84 | K5: 89 | L5: 115
A6: Al Rawda Arjaan | B6: =B5+1 -> 5 | C6: 3 | D6: 2025 | E6: =Sheet2!G12 -> 4084 | F6: 0.2 | I6: =Sheet2!K12 -> 28.732 | J6: 7.84 | K6: 90 | L6: 114
A7: Al Rawda Arjaan | B7: =B6+1 -> 6 | C7: 3 | D7: 2025 | E7: =Sheet2!G13 -> 4188 | F7: 0.2 | I7: =Sheet2!K13 -> 20.839 | J7: 7.84 | K7: 94 | L7: 121
A8: Al Rawda Arjaan | B8: =B7+1 -> 7 | C8: 3 | D8: 2025 | E8: =Sheet2!G14 -> 4235 | F8: 0.2 | I8: =Sheet2!K14 -> 27.169 | J8: 7.84 | K8: 100 | L8: 140
A9: Al Rawda Arjaan | B9: =B8+1 -> 8 | C9: 3 | D9: 2025 | E9: =Sheet2!G15 -> 4489 | F9: 0.2 | I9: =Sheet2!K15 -> 25.236 | J9: 7.84 | K9: 92 | L9: 123
A10: Al Rawda Arjaan | B10: =B9+1 -> 9 | C10: 3 | D10: 2025 | E10: =Sheet2!G16 -> 4902 | F10: 0.2 | I10: =Sheet2!K16 -> 31.691 | J10: 7.84 | K10: 95 | L10: 125
A11: Al Rawda Arjaan | B11: =B10+1 -> 10 | C11: 3 | D11: 2025 | E11: =Sheet2!G17 -> 4705 | F11: 0.2 | I11: =Sheet2!K17 -> 21.707 | J11: 7.84 | K11: 94 | L11: 123
A12: Al Rawda Arjaan | B12: =B11+1 -> 11 | C12: 3 | D12: 2025 | E12: =Sheet2!G18 -> 4568 | F12: 0.2 | I12: =Sheet2!K18 -> 26.267 | J12: 7.84 | K12: 97 | L12: 125
A13: Al Rawda Arjaan | B13: =B12+1 -> 12 | C13: 3 | D13: 2025 | E13: =Sheet2!G19 -> 4566 | F13: 0.2 | I13: =Sheet2!K19 -> 34.094 | J13: 7.84 | K13: 99 | L13: 126
A14: Al Rawda Arjaan | B14: =B13+1 -> 13 | C14: 3 | D14: 2025 | E14: =Sheet2!G20 -> 4633 | F14: 0.2 | I14: =Sheet2!K20 -> 22.939 | J14: 7.84 | K14: 99 | L14: 132
... A32: Al Rawda Arjaan | B32: =B31+1 -> 31 | C32: 3 | D32: 2025 | E32: =Sheet2!G38 -> 4709 | F32: 0.2 | I32: =Sheet2!K38 -> 30.218 | J32: 7.84 | K32: 108 | L32: 150

Sheet Sheet2
A1: AL RAWDA
A2: Month : March-2025
A3: Date | B3: Occupancy | D3: Electricity (KW) | H3: Water (M³) | L3: L.P.G
L4: Refill | M4: TANK % | N4: Cons. %
B5: % | C5: Room | D5: ALT 11D100051 | E5: ALT 11D100053 | F5: Total | G5: Consum | H5: 4010D610084 | I5: 4010D610038 | J5: Total | K5: Consum | L5: Lit
A7: 28 | D7: 34068107 | F7: =(D7+E7) -> 34068107 | G7: =(F7-F6) -> 34068107 | H7: 77192.048 | I7: 578.591 | J7: =H7+I7 -> 77770.639 | K7: =(J7-J6) -> 77770.639
A8: 1 | C8: =(229/100*B8) -> 0 | D8: 34072105 | E8: 0 | F8: =(D8+E8) -> 34072105 | G8: =(F8-F7) -> 3998 | H8: 77217.852 | I8: 578.591 | J8: =H8+I8 -> 77796.443 | K8: =(J8-J7) -> 25.804
A9: 2 | C9: =(229/100*B9) -> 0 | D9: 34076167 | E9: 0 | F9: =(D9+E9) -> 34076167 | G9: =(F9-F8) -> 4062 | H9: 77251.935 | I9: 578.591 | J9: =H9+I9 -> 77830.526 | K9: =(J9-J8) -> 34.083
A10: 3 | C10: =(229/100*B10) -> 0 | D10: 34080262 | E10: 0 | F10: =(D10+E10) -> 34080262 | G10: =(F10-F9) -> 4095 | H10: 77278.577 | I10: 578.591 | J10: =H10+I10 -> 77857.168 | K10: =(J10-J9) -> 26.642
A11: 4 | C11: =(229/100*B11) -> 0 | D11: 34084216 | E11: 0 | F11: =(D11+E11) -> 34084216 | G11: =(F11-F10) -> 3954 | H11: 77306.297 | I11: 615.266 | J11: =H11+I11 -> 77921.563 | K11: =(J11-J10) -> 64.395
A12: 5 | C12: =(229/100*B12) -> 0 | D12: 34088300 | E12: 0 | F12: =(D12+E12) -> 34088300 | G12: =(F12-F11) -> 4084 | H12: 77335.029 | I12: 615.266 | J12: =H12+I12 -> 77950.295 | K12: =(J12-J11) -> 28.732
A13: 6 | C13: =(229/100*B13) -> 0 | D13: 34092488 | E13: 0 | F13: =(D13+E13) -> 34092488 | G13: =(F13-F12) -> 4188 | H13: 77355.868 | I13: 615.266 | J13: =H13+I13 -> 77971.134 | K13: =(J13-J12) -> 20.839
A14: 7 | C14: =(229/100*B14) -> 0 | D14: 34096723 | E14: 0 | F14: =(D14+E14) -> 34096723 | G14: =(F14-F13) -> 4235 | H14: 77383.037 | I14: 615.266 | J14: =H14+I14 -> 77998.303 | K14: =(J14-J13) -> 27.169
A15: 8 | C15: =(229/100*B15) -> 0 | D15: 34101212 | E15: 0 | F15: =(D15+E15) -> 34101212 | G15: =(F15-F14) -> 4489 | H15: 77408.273 | I15: 615.266 | J15: =H15+I15 -> 78023.539 | K15: =(J15-J14) -> 25.236
A16: 9 | C16: =(229/100*B16) -> 0 | D16: 34106114 | E16: 0 | F16: =(D16+E16) -> 34106114 | G16: =(F16-F15) -> 4902 | H16: 77439.964 | I16: 615.266 | J16: =H16+I16 -> 78055.23 | K16: =(J16-J15) -> 31.691
A17: 10 | C17: =(229/100*B17) -> 0 | D17: 34110819 | E17: 0 | F17: =(D17+E17) -> 34110819 | G17: =(F17-F16) -> 4705 | H17: 77461.671 | I17: 615.266 | J17: =H17+I17 -> 78076.937 | K17: =(J17-J16) -> 21.707
A18: 11 | C18: =(229/100*B18) -> 0 | D18: 34115387 | E18: 0 | F18: =(D18+E18) -> 34115387 | G18: =(F18-F17) -> 4568 | H18: 77487.938 | I18: 615.266 | J18: =H18+I18 -> 78103.204 | K18: =(J18-J17) -> 26.267
A19: 12 | C19: =(229/100*B19) -> 0 | D19: 34119953 | E19: 0 | F19: =(D19+E19) -> 34119953 | G19: =(F19-F18) -> 4566 | H19: 77522.032 | I19: 615.266 | J19: =H19+I19 -> 78137.298 | K19: =(J19-J18) -> 34.094
... A33: 26 | C33: =(229/100*B33) -> 0 | D33: 34182656 | E33: 0 | F33: =(D33+E33) -> 34182656 | G33: =(F33-F32) -> 4083 | H33: 77908.246 | I33: 615.266 | J33: =H33+I33 -> 78523.512 | K33: =(J33-J32) -> 27.404
A34: 27 | D34: 34186725 | E34: 0 | F34: =(D34+E34) -> 34186725 | G34: =(F34-F33) -> 4069 | H34: 77927.196 | I34: 615.266 | J34: =H34+I34 -> 78542.462 | K34: =(J34-J33) -> 18.95
A35: 28 | D35: 34190850 | E35: 0 | F35: =(D35+E35) -> 34190850 | G35: =(F35-F34) -> 4125 | H35: 77952.905 | I35: 615.266 | J35: =H35+I35 -> 78568.171 | K35: =(J35-J34) -> 25.709
A36: 29 | D36: 34195213 | E36: 0 | F36: =(D36+E36) -> 34195213 | G36: =(F36-F35) -> 4363 | H36: 77981.491 | I36: 615.266 | J36: =H36+I36 -> 78596.757 | K36: =(J36-J35) -> 28.586
A37: 30 | D37: 34199686 | E37: 0 | F37: =(D37+E37) -> 34199686 | G37: =(F37-F36) -> 4473 | H37: 78008.553 | I37: 615.266 | J37: =H37+I37 -> 78623.819 | K37: =(J37-J36) -> 27.062
A38: 31 | D38: 34204395 | E38: 0 | F38: =(D38+E38) -> 34204395 | G38: =(F38-F37) -> 4709 | H38: 78038.771 | I38: 615.266 | J38: =H38+I38 -> 78654.037 | K38: =(J38-J37) -> 30.218
A39: 1 | D39: 34209544 | E39: 0 | F39: =(D39+E39) -> 34209544 | G39: =(F39-F38) -> 5149 | H39: 78075.645 | I39: 615.266 | J39: =H39+I39 -> 78690.911 | K39: =(J39-J38) -> 36.874
