Workbook

Sheet Total
A1: Site Name | B1: Day | C1: Month | D1: Year | E1: Total Electricity Kwh | F1: Electricity Tariff ($/Kwh) | G1: LPG (Liters) | H1: LPG $/Liters | I1: Water Utility Supply (m3) m3 | J1: Water Utility Supply (m3) $/m3 | K1: Room Nights | L1: Total Guests
A2: Centro Barsha by Rotana Dubai | B2: 1 | C2: 4 | D2: 2025 | E2: ='April-25'!C5 -> 10080 | F2: ='April-25'!D5/'April-25'!C5 -> 0.44 | G2: ='April-25'!P5 -> 629 | H2: ='April-25'!Q5/'April-25'!P5 -> 1.78 | I2: ='April-25'!I5*0.00454609 -> 124.44921 | J2: ='April-25'!J5/Total!I2 -> 13.198155
A3: Centro Barsha by Rotana Dubai | B3: =B2+1 -> 2 | C3: 4 | D3: 2025 | E3: ='April-25'!C6 -> 9600 | F3: ='April-25'!D6/'April-25'!C6 -> 0.44 | G3: ='April-25'!P6 -> 638 | H3: ='April-25'!Q6/'April-25'!P6 -> 1.78 | I3: ='April-25'!I6*0.00454609 -> 91.594621 | J3: ='April-25'!J6/Total!I3 -> 13.198155
A4: Centro Barsha by Rotana Dubai | B4: =B3+1 -> 3 | C4: 4 | D4: 2025 | E4: ='April-25'!C7 -> 10080 | F4: ='April-25'!D7/'April-25'!C7 -> 0.44 | G4: ='April-25'!P7 -> 644 | H4: ='April-25'!Q7/'April-25'!P7 -> 1.78 | I4: ='April-25'!I7*0.00454609 -> 121.46243 | J4: ='April-25'!J7/Total!I4 -> 13.198155
A5: Centro Barsha by Rotana Dubai | B5: =B4+1 -> 4 | C5: 4 | D5: 2025 | E5: ='April-25'!C8 -> 10560 | F5: ='April-25'!D8/'April-25'!C8 -> 0.44 | G5: ='April-25'!P8 -> 659 | H5: ='April-25'!Q8/'April-25'!P8 -> 1.78 | I5: ='April-25'!I8*0.00454609 -> 85.621059 | J5: ='April-25'!J8/Total!I5 -> 13.198155
A6: Centro Barsha by Rotana Dubai | B6: =B5+1 -> 5 | C6: 4 | D6: 2025 | E6: ='April-25'!C9 -> 11040 | F6: ='April-25'!D9/'April-25'!C9 -> 0.44 | G6: ='April-25'!P9 -> 714 | H6: ='April-25'!Q9/'April-25'!P9 -> 1.78 | I6: ='April-25'!I9*0.00454609 -> 130.42278 | J6: ='April-25'!J9/Total!I6 -> 13.198155
A7: Centro Barsha by Rotana Dubai | B7: =B6+1 -> 6 | C7: 4 | D7: 2025 | E7: ='April-25'!C10 -> 10080 | F7: ='April-25'!D10/'April-25'!C10 -> 0.44 | G7: ='April-25'!P10 -> 685 | H7: ='April-25'!Q10/'April-25'!P10 -> 1.78 | I7: ='April-25'!I10*0.00454609 -> 84.580004 | J7: ='April-25'!J10/Total!I7 -> 13.198155
A8: Centro Barsha by Rotana Dubai | B8: =B7+1 -> 7 | C8: 4 | D8: 2025 | E8: ='April-25'!C11 -> 10560 | F8: ='April-25'!D11/'April-25'!C11 -> 0.44 | G8: ='April-25'!P11 -> 604 | H8: ='April-25'!Q11/'April-25'!P11 -> 1.78 | I8: ='April-25'!I11*0.00454609 -> 121.46243 | J8: ='April-25'!J11/Total!I8 -> 13.198155
A9: Centro Barsha by Rotana Dubai | B9: =B8+1 -> 8 | C9: 4 | D9: 2025 | E9: ='April-25'!C12 -> 10560 | F9: ='April-25'!D12/'April-25'!C12 -> 0.44 | G9: ='April-25'!P12 -> 654 | H9: ='April-25'!Q12/'April-25'!P12 -> 1.78 | I9: ='April-25'!I12*0.00454609 -> 77.656309 | J9: ='April-25'!J12/Total!I9 -> 13.198155
A10: Centro Barsha by Rotana Dubai | B10: =B9+1 -> 9 | C10: 4 | D10: 2025 | E10: ='April-25'!C13 -> 10080 | F10: ='April-25'!D13/'April-25'!C13 -> 0.44 | G10: ='April-25'!P13 -> 628 | H10: ='April-25'!Q13/'April-25'!P13 -> 1.78 | I10: ='April-25'!I13*0.00454609 -> 82.634278 | J10: ='April-25'!J13/Total!I10 -> 13.198155
A11: Centro Barsha by Rotana Dubai | B11: =B10+1 -> 10 | C11: 4 | D11: 2025 | E11: ='April-25'!C14 -> 9600 | F11: ='April-25'!D14/'April-25'!C14 -> 0.44 | G11: ='April-25'!P14 -> 652 | H11: ='April-25'!Q14/'April-25'!P14 -> 1.78 | I11: ='April-25'!I14*0.00454609 -> 89.603434 | J11: ='April-25'!J14/Total!I11 -> 13.198155
A12: Centro Barsha by Rotana Dubai | B12: =B11+1 -> 11 | C12: 4 | D12: 2025 | E12: ='April-25'!C15 -> 10560 | F12: ='April-25'!D15/'April-25'!C15 -> 0.44 | G12: ='April-25'!P15 -> 628 | H12: ='April-25'!Q15/'April-25'!P15 -> 1.78 | I12: ='April-25'!I15*0.00454609 -> 82.634278 | J12: ='April-25'!J15/Total!I12 -> 13.198155
A13: Centro Barsha by Rotana Dubai | B13: =B12+1 -> 12 | C13: 4 | D13: 2025 | E13: ='April-25'!C16 -> 11040 | F13: ='April-25'!D16/'April-25'!C16 -> 0.44 | G13: ='April-25'!P16 -> 628 | H13: ='April-25'!Q16/'April-25'!P16 -> 1.78 | I13: ='April-25'!I16*0.00454609 -> 84.625465 | J13: ='April-25'!J16/Total!I13 -> 13.198155
A14: Centro Barsha by Rotana Dubai | B14: =B13+1 -> 13 | C14: 4 | D14: 2025 | E14: ='April-25'!C17 -> 10560 | F14: ='April-25'!D17/'April-25'!C17 -> 0.44 | G14: ='April-25'!P17 -> 614 | H14: ='April-25'!Q17/'April-25'!P17 -> 1.78 | I14: ='April-25'!I17*0.00454609 -> 127.43599 | J14: ='April-25'!J17/Total!I14 -> 13.198155
... A31: Centro Barsha by Rotana Dubai | B31: =B30+1 -> 30 | C31: 4 | D31: 2025 | E31: ='April-25'!C34 -> 11520 | F31: ='April-25'!D34/'April-25'!C34 -> 0.44 | G31: ='April-25'!P34 -> 447 | H31: ='April-25'!Q34/'April-25'!P34 -> 1.78 | I31: ='April-25'!I34*0.00454609 -> 78.651903 | J31: ='April-25'!J34/Total!I31 -> 13.198155
A32: Centro Barsha by Rotana Dubai | B32: =B31+1 -> 31 | C32: 4 | D32: 2025 | E32: ='April-25'!#REF! -> #REF! | F32: ='April-25'!#REF!/'April-25'!#REF! -> #REF! | G32: ='April-25'!#REF! -> #REF! | H32: ='April-25'!#REF!/'April-25'!#REF! -> #REF! | I32: ='April-25'!#REF!*0.00454609 -> #REF! | J32: ='April-25'!#REF!/Total!I32 -> #REF!

Sheet April-25
A1: APRIL 2025 HOTEL UTILITIES MONTHLY SAVINGS
A2: Date | B2: ELECTRICITY | H2: WATER | N2: LPG
B4: Daily forecast budget DHS | C4: Daily reading Kwh | D4: Daily consumption DHS | E4: Daily Variance DHS Forecast | F4: Daily variance DHS Budget | G4: 2024 Daily reading Kwh | H4: Daily forecast budget DHS | I4: Daily reading gallon | J4: Daily consumption DHS | K4: Daily Variance DHS Forecast | L4: Daily variance DHS Budget | M4: 2024 Daily reading gallon | N4: Daily forecast budget DHS | O4: Daily forecast budget Litter | P4: Daily reading Litter | Q4: Daily consumption DHS | R4: Daily Variance DHS Forecast | S4: Daily variance DHS Budget | T4: 2024 Daily reading Litter
A5: 45748 | B5: 4774.33 | C5: 10080 | D5: =C5*0.44 -> 4435.2 | E5: =B5-D5 -> 339.13 | F5: =4468.66-D5 -> 33.46 | G5: 9120 | H5: 1438.83 | I5: 27375 | J5: =I5*0.06 -> 1642.5 | K5: =H5-J5 -> -203.67 | L5: =1392.23-J5 -> -250.27 | M5: 16584 | N5: 1246 | P5: 629 | Q5: =P5*1.78 -> 1119.62 | R5: =N5-Q5 -> 126.38 | S5: =1268.76-Q5 -> 149.14 | T5: 601
A6: 45749 | B6: 4774.33 | C6: 9600 | D6: =C6*0.44 -> 4224 | E6: =B6-D6 -> 550.33 | F6: =4468.66-D6 -> 244.66 | G6: 9600 | H6: 1438.83 | I6: 20148 | J6: =I6*0.06 -> 1208.88 | K6: =H6-J6 -> 229.95 | L6: =1392.23-J6 -> 183.35 | M6: 16485 | N6: 1246 | P6: 638 | Q6: =P6*1.78 -> 1135.64 | R6: =N6-Q6 -> 110.36 | S6: =1268.76-Q6 -> 133.12 | T6: 649
A7: 45750 | B7: 4774.33 | C7: 10080 | D7: =C7*0.44 -> 4435.2 | E7: =B7-D7 -> 339.13 | F7: =4468.66-D7 -> 33.46 | G7: 8640 | H7: 1438.83 | I7: 26718 | J7: =I7*0.06 -> 1603.08 | K7: =H7-J7 -> -164.25 | L7: =1392.23-J7 -> -210.85 | M7: 16206 | N7: 1246 | P7: 644 | Q7: =P7*1.78 -> 1146.32 | R7: =N7-Q7 -> 99.68 | S7: =1268.76-Q7 -> 122.44 | T7: 682
A8: 45751 | B8: 4774.33 | C8: 10560 | D8: =C8*0.44 -> 4646.4 | E8: =B8-D8 -> 127.93 | F8: =4468.66-D8 -> -177.74 | G8: 10560 | H8: 1438.83 | I8: 18834 | J8: =I8*0.06 -> 1130.04 | K8: =H8-J8 -> 308.79 | L8: =1392.23-J8 -> 262.19 | M8: 23871 | N8: 1246 | P8: 659 | Q8: =P8*1.78 -> 1173.02 | R8: =N8-Q8 -> 72.98 | S8: =1268.76-Q8 -> 95.74 | T8: 715
A9: 45752 | B9: 4774.33 | C9: 11040 | D9: =C9*0.44 -> 4857.6 | E9: =B9-D9 -> -83.27 | F9: =4468.66-D9 -> -388.94 | G9: 8640 | H9: 1438.83 | I9: 28689 | J9: =I9*0.06 -> 1721.34 | K9: =H9-J9 -> -282.51 | L9: =1392.23-J9 -> -329.11 | M9: 18177 | N9: 1246 | P9: 714 | Q9: =P9*1.78 -> 1270.92 | R9: =N9-Q9 -> -24.92 | S9: =1268.76-Q9 -> -2.16 | T9: 693
A10: 45753 | B10: 4774.33 | C10: 10080 | D10: =C10*0.44 -> 4435.2 | E10: =B10-D10 -> 339.13 | F10: =4468.66-D10 -> 33.46 | G10: 10080 | H10: 1438.83 | I10: 18605 | J10: =I10*0.06 -> 1116.3 | K10: =H10-J10 -> 322.53 | L10: =1392.23-J10 -> 275.93 | M10: 31755 | N10: 1246 | P10: 685 | Q10: =P10*1.78 -> 1219.3 | R10: =N10-Q10 -> 26.7 | S10: =1268.76-Q10 -> 49.46 | T10: 752.9
A11: 45754 | B11: 4774.33 | C11: 10560 | D11: =C11*0.44 -> 4646.4 | E11: =B11-D11 -> 127.93 | F11: =4468.66-D11 -> -177.74 | G11: 8640 | H11: 1438.83 | I11: 26718 | J11: =I11*0.06 -> 1603.08 | K11: =H11-J11 -> -164.25 | L11: =1392.23-J11 -> -210.85 | M11: 16863 | N11: 1246 | P11: 604 | Q11: =P11*1.78 -> 1075.12 | R11: =N11-Q11 -> 170.88 | S11: =1268.76-Q11 -> 193.64 | T11: 589
A12: 45755 | B12: 4774.33 | C12: 10560 | D12: =C12*0.44 -> 4646.4 | E12: =B12-D12 -> 127.93 | F12: =4468.66-D12 -> -177.74 | G12: 10080 | H12: 1438.83 | I12: 17082 | J12: =I12*0.06 -> 1024.92 | K12: =H12-J12 -> 413.91 | L12: =1392.23-J12 -> 367.31 | M12: 18615 | N12: 1246 | P12: 654 | Q12: =P12*1.78 -> 1164.12 | R12: =N12-Q12 -> 81.88 | S12: =1268.76-Q12 -> 104.64 | T12: 607
A13: 45756 | B13: 4774.33 | C13: 10080 | D13: =C13*0.44 -> 4435.2 | E13: =B13-D13 -> 339.13 | F13: =4468.66-D13 -> 33.46 | G13: 9600 | H13: 1438.83 | I13: 18177 | J13: =I13*0.06 -> 1090.62 | K13: =H13-J13 -> 348.21 | L13: =1392.23-J13 -> 301.61 | M13: 23652 | N13: 1246 | P13: 628 | Q13: =P13*1.78 -> 1117.84 | R13: =N13-Q13 -> 128.16 | S13: =1268.76-Q13 -> 150.92 | T13: 562
A14: 45757 | B14: 4774.33 | C14: 9600 | D14: =C14*0.44 -> 4224 | E14: =B14-D14 -> 550.33 | F14: =4468.66-D14 -> 244.66 | G14: 10080 | H14: 1438.83 | I14: 19710 | J14: =I14*0.06 -> 1182.6 | K14: =H14-J14 -> 256.23 | L14: =1392.23-J14 -> 209.63 | M14: 17301 | N14: 1246 | P14: 652 | Q14: =P14*1.78 -> 1160.56 | R14: =N14-Q14 -> 85.44 | S14: =1268.76-Q14 -> 108.2 | T14: 623
A15: 45758 | B15: 4774.33 | C15: 10560 | D15: =C15*0.44 -> 4646.4 | E15: =B15-D15 -> 127.93 | F15: =4468.66-D15 -> -177.74 | G15: 11520 | H15: 1438.83 | I15: 18177 | J15: =I15*0.06 -> 1090.62 | K15: =H15-J15 -> 348.21 | L15: =1392.23-J15 -> 301.61 | M15: 27813 | N15: 1246 | P15: 628 | Q15: =P15*1.78 -> 1117.84 | R15: =N15-Q15 -> 128.16 | S15: =1268.76-Q15 -> 150.92 | T15: 623
A16: 45759 | B16: 4774.33 | C16: 11040 | D16: =C16*0.44 -> 4857.6 | E16: =B16-D16 -> -83.27 | F16: =4468.66-D16 -> -388.94 | G16: 10560 | H16: 1438.83 | I16: 18615 | J16: =I16*0.06 -> 1116.9 | K16: =H16-J16 -> 321.93 | L16: =1392.23-J16 -> 275.33 | M16: 16863 | N16: 1246 | P16: 628 | Q16: =P16*1.78 -> 1117.84 | R16: =N16-Q16 -> 128.16 | S16: =1268.76-Q16 -> 150.92 | T16: 627
... A34: 45777 | B34: 4774.33 | C34: 11520 | D34: =C34*0.44 -> 5068.8 | E34: =B34-D34 -> -294.47 | F34: =4468.66-D34 -> -600.14 | G34: 11040 | H34: 1438.83 | I34: 17301 | J34: =I34*0.06 -> 1038.06 | K34: =H34-J34 -> 400.77 | L34: =1392.23-J34 -> 354.17 | M34: 15768 | N34: 1246 | P34: 447 | Q34: =P34*1.78 -> 795.66 | R34: =N34-Q34 -> 450.34 | S34: =1268.76-Q34 -> 473.1 | T34: 608
C35: =SUM(C5:C34) -> 312000 | D35: =C35*0.44 -> 137280 | G35: =SUM(G5:G34) -> 305280 | I35: =SUM(I5:I34) -> 592388 | J35: =I35*0.06 -> 35543.28 | M35: =SUM(M5:M34) -> 622398 | P35: =SUM(P5:P34) -> 16252 | Q35: =P35*1.84 -> 29903.68 | T35: =SUM(T5:T34) -> 18764.9
B36: Electricity saved in dhs | E36: =SUM(E5:E34) -> 5949.9 | F36: =SUM(F5:F34) -> -3220.2 | H36: Water saved in dhs | K36: =SUM(K5:K34) -> 7621.62 | L36: =SUM(L5:L34) -> 6223.62 | N36: LPG saved in dhs | R36: =SUM(R5:R34) -> 8451.44 | S36: =SUM(S5:S34) -> 9134.24
C37: 136578 | D37: =SUM(D5:D34) -> 137280 | I37: =SUM(I5:I34) -> 592388 | J37: =SUM(J5:J34) -> 35543.28 | P37: =SUM(P5:P34) -> 16252 | Q37: =SUM(Q5:Q34) -> 28928.56
C38: Occu | D38: Budget/ | I38: =I37/220 -> 2692.6727
D39: Acutal/ | H39: M3*220
A40: Electricity | I40: Water | P40: LPG | Q40: Column1
A41: Con MTD | B41: =SUM(C5:C34) -> 312000 | I41: Con MTD | J41: =SUM(I5:I34) -> 592388 | K41: Utility Readings( MTD) savings | P41: Con MTD | Q41: =SUM(P5:P33) -> 15805
A42: Budget/day | B42: 10333.33 | I42: Budget/day | J42: 22000 | L42: Budget | M42: Forecast | P42: Budget/day | Q42: 725
A43: Budget(MTD) | B43: =B42*30 -> 309999.9 | I43: Budget(MTD) | J43: =J42*30 -> 660000 | K43: Occupancy | L43: 0.754 | M43: 0.83 | P43: Budget(MTD) | Q43: =Q42*30 -> 21750
A44: Saving | B44: =B43-B41 -> -2000.1 | I44: Saving | J44: =J43-J41 -> 67612 | K44: Actual | L44: 0.822 | P44: Saving | Q44: =Q43-Q41 -> 5945
K45: Electricity | L45: =F36 -> -3220.2 | M45: =E36 -> 5949.9
K46: Water | L46: =L36 -> 6223.62 | M46: =K36 -> 7621.62
K47: LPG | L47: =S36 -> 9134.24 | M47: =R36 -> 8451.44
K48: Total | L48: =SUM(L45:L47) -> 12137.66 | M48: =SUM(M45:M47) -> 22022.96
