Workbook
Name شت8: #REF!

Sheet Total
A1: Site Name | B1: Day | C1: Month | D1: Year | E1: Total Electricity Kwh | F1: Electricity Tariff ($/Kwh) | G1: LPG (Liters) | H1: LPG $/Liters | I1: Water Utility Supply (m3) m3 | J1: Water Utility Supply (m3) $/m3 | K1: Room Nights | L1: Total Guests
A2: Riviera Rayhaan Doha | B2: 1 | C2: 4 | D2: 2025 | E2: =IF(April25!G13>0,April25!G13,0) -> 7798 | F2: 0.22 | H2: 0.7 | I2: =IF(April25!K13>0,April25!K13,0) -> 66 | J2: 8.6
A3: Riviera Rayhaan Doha | B3: =B2+1 -> 2 | C3: 4 | D3: 2025 | E3: =IF(April25!G14>0,April25!G14,0) -> 8172 | F3: 0.22 | H3: 0.7 | I3: =IF(April25!K14>0,April25!K14,0) -> 71 | J3: 8.6
A4: Riviera Rayhaan Doha | B4: =B3+1 -> 3 | C4: 4 | D4: 2025 | E4: =IF(April25!G15>0,April25!G15,0) -> 9056 | F4: 0.22 | G4: =April25!Q15 -> 2300 | H4: 0.7 | I4: =IF(April25!K15>0,April25!K15,0) -> 58 | J4: 8.6
A5: Riviera Rayhaan Doha | B5: =B4+1 -> 4 | C5: 4 | D5: 2025 | E5: =IF(April25!G16>0,April25!G16,0) -> 9835 | F5: 0.22 | H5: 0.7 | I5: =IF(April25!K16>0,April25!K16,0) -> 77 | J5: 8.6
A6: Riviera Rayhaan Doha | B6: =B5+1 -> 5 | C6: 4 | D6: 2025 | E6: =IF(April25!G17>0,April25!G17,0) -> 9151 | F6: 0.22 | H6: 0.7 | I6: =IF(April25!K17>0,April25!K17,0) -> 52 | J6: 8.6
A7: Riviera Rayhaan Doha | B7: =B6+1 -> 6 | C7: 4 | D7: 2025 | E7: =IF(April25!G18>0,April25!G18,0) -> 9226 | F7: 0.22 | H7: 0.7 | I7: =IF(April25!K18>0,April25!K18,0) -> 68 | J7: 8.6
A8: Riviera Rayhaan Doha | B8: =B7+1 -> 7 | C8: 4 | D8: 2025 | E8: =IF(April25!G19>0,April25!G19,0) -> 9373 | F8: 0.22 | H8: 0.7 | I8: =IF(April25!K19>0,April25!K19,0) -> 56 | J8: 8.6
A9: Riviera Rayhaan Doha | B9: =B8+1 -> 8 | C9: 4 | D9: 2025 | E9: =IF(April25!G20>0,April25!G20,0) -> 9417 | F9: 0.22 | H9: 0.7 | I9: =IF(April25!K20>0,April25!K20,0) -> 54 | J9: 8.6
A10: Riviera Rayhaan Doha | B10: =B9+1 -> 9 | C10: 4 | D10: 2025 | E10: =IF(April25!G21>0,April25!G21,0) -> 9751 | F10: 0.22 | G10: =April25!Q21 -> 2150 | H10: 0.7 | I10: =IF(April25!K21>0,April25!K21,0) -> 29 | J10: 8.6
A11: Riviera Rayhaan Doha | B11: =B10+1 -> 10 | C11: 4 | D11: 2025 | E11: =IF(April25!G22>0,April25!G22,0) -> 9801 | F11: 0.22 | H11: 0.7 | I11: =IF(April25!K22>0,April25!K22,0) -> 31 | J11: 8.6
A12: Riviera Rayhaan Doha | B12: =B11+1 -> 11 | C12: 4 | D12: 2025 | E12: =IF(April25!G23>0,April25!G23,0) -> 9874 | F12: 0.22 | H12: 0.7 | I12: =IF(April25!K23>0,April25!K23,0) -> 20 | J12: 8.6
A13: Riviera Rayhaan Doha | B13: =B12+1 -> 12 | C13: 4 | D13: 2025 | E13: =IF(April25!G24>0,April25!G24,0) -> 9784 | F13: 0.22 | H13: 0.7 | I13: =IF(April25!K24>0,April25!K24,0) -> 58 | J13: 8.6
A14: Riviera Rayhaan Doha | B14: =B13+1 -> 13 | C14: 4 | D14: 2025 | E14: =IF(April25!G25>0,April25!G25,0) -> 9720 | F14: 0.22 | H14: 0.7 | I14: =IF(April25!K25>0,April25!K25,0) -> 74 | J14: 8.6
A15: Riviera Rayhaan Doha | B15: =B14+1 -> 14 | C15: 4 | D15: 2025 | E15: =IF(April25!G26>0,April25!G26,0) -> 10146 | F15: 0.22 | H15: 0.7 | I15: =IF(April25!K26>0,April25!K26,0) -> 74 | J15: 8.6
A16: Riviera Rayhaan Doha | B16: =B15+1 -> 15 | C16: 4 | D16: 2025 | E16: =IF(April25!G27>0,April25!G27,0) -> 9298 | F16: 0.22 | G16: =April25!Q27 -> 2100 | H16: 0.7 | I16: =IF(April25!K27>0,April25!K27,0) -> 61 | J16: 8.6
A17: Riviera Rayhaan Doha | B17: =B16+1 -> 16 | C17: 4 | D17: 2025 | E17: =IF(April25!G28>0,April25!G28,0) -> 8899 | F17: 0.22 | H17: 0.7 | I17: =IF(April25!K28>0,April25!K28,0) -> 64 | J17: 8.6
A18: Riviera Rayhaan Doha | B18: =B17+1 -> 17 | C18: 4 | D18: 2025 | E18: =IF(April25!G29>0,April25!G29,0) -> 8941 | F18: 0.22 | H18: 0.7 | I18: =IF(April25!K29>0,April25!K29,0) -> 82 | J18: 8.6
A19: Riviera Rayhaan Doha | B19: =B18+1 -> 18 | C19: 4 | D19: 2025 | E19: =IF(April25!G30>0,April25!G30,0) -> 8484 | F19: 0.22 | H19: 0.7 | I19: =IF(April25!K30>0,April25!K30,0) -> 6 | J19: 8.6
A20: Riviera Rayhaan Doha | B20: =B19+1 -> 19 | C20: 4 | D20: 2025 | E20: =IF(April25!G31>0,April25!G31,0) -> 8619 | F20: 0.22 | H20: 0.7 | I20: =IF(April25!K31>0,April25!K31,0) -> 5 | J20: 8.6
A21: Riviera Rayhaan Doha | B21: =B20+1 -> 20 | C21: 4 | D21: 2025 | E21: =IF(April25!G32>0,April25!G32,0) -> 8869 | F21: 0.22 | H21: 0.7 | I21: =IF(April25!K32>0,April25!K32,0) -> 15 | J21: 8.6
A22: Riviera Rayhaan Doha | B22: =B21+1 -> 21 | C22: 4 | D22: 2025 | E22: =IF(April25!G33>0,April25!G33,0) -> 8716 | F22: 0.22 | G22: =April25!Q33 -> 2000 | H22: 0.7 | I22: =IF(April25!K33>0,April25!K33,0) -> 13 | J22: 8.6
A23: Riviera Rayhaan Doha | B23: =B22+1 -> 22 | C23: 4 | D23: 2025 | E23: =IF(April25!G34>0,April25!G34,0) -> 9927 | F23: 0.22 | H23: 0.7 | I23: =IF(April25!K34>0,April25!K34,0) -> 6 | J23: 8.6
A24: Riviera Rayhaan Doha | B24: =B23+1 -> 23 | C24: 4 | D24: 2025 | E24: =IF(April25!G35>0,April25!G35,0) -> 9454 | F24: 0.22 | H24: 0.7 | I24: =IF(April25!K35>0,April25!K35,0) -> 15 | J24: 8.6
A25: Riviera Rayhaan Doha | B25: =B24+1 -> 24 | C25: 4 | D25: 2025 | E25: =IF(April25!G36>0,April25!G36,0) -> 10101 | F25: 0.22 | H25: 0.7 | I25: =IF(April25!K36>0,April25!K36,0) -> 20 | J25: 8.6
A26: Riviera Rayhaan Doha | B26: =B25+1 -> 25 | C26: 4 | D26: 2025 | E26: =IF(April25!G37>0,April25!G37,0) -> 7685 | F26: 0.22 | H26: 0.7 | I26: =IF(April25!K37>0,April25!K37,0) -> 2 | J26: 8.6
A27: Riviera Rayhaan Doha | B27: =B26+1 -> 26 | C27: 4 | D27: 2025 | E27: =IF(April25!G38>0,April25!G38,0) -> 8934 | F27: 0.22 | H27: 0.7 | I27: =IF(April25!K38>0,April25!K38,0) -> 3 | J27: 8.6
A28: Riviera Rayhaan Doha | B28: =B27+1 -> 27 | C28: 4 | D28: 2025 | E28: =IF(April25!G39>0,April25!G39,0) -> 9169 | F28: 0.22 | H28: 0.7 | I28: =IF(April25!K39>0,April25!K39,0) -> 12 | J28: 8.6
A29: Riviera Rayhaan Doha | B29: =B28+1 -> 28 | C29: 4 | D29: 2025 | E29: =IF(April25!G40>0,April25!G40,0) -> 9432 | F29: 0.22 | H29: 0.7 | I29: =IF(April25!K40>0,April25!K40,0) -> 9 | J29: 8.6
A30: Riviera Rayhaan Doha | B30: =B29+1 -> 29 | C30: 4 | D30: 2025 | E30: =IF(April25!G41>0,April25!G41,0) -> 8527 | F30: 0.22 | H30: 0.7 | I30: =IF(April25!K41>0,April25!K41,0) -> 6 | J30: 8.6
A31: Riviera Rayhaan Doha | B31: =B30+1 -> 30 | C31: 4 | D31: 2025 | E31: =IF(April25!G42>0,April25!G42,0) -> 10234 | F31: 0.22 | H31: 0.7 | I31: =IF(April25!K42>0,April25!K42,0) -> 5 | J31: 8.6
A32: Riviera Rayhaan Doha | B32: =B31+1 -> 31 | C32: 4 | D32: 2025 | E32: =IF(April25!G43>0,April25!G43,0) -> 0 | H32: 0.7 | I32: =IF(April25!K43>0,April25!K43,0) -> 0 | J32: 8.6

Sheet April25
A9: ELECTRICITY (KWhr) | I9: SUB WATER METER | M9: LPG | R9: LPG CONSUMPTION
M10: LPG TANK CAPACITY 5000 LTRS | R10: KITCHEN | S10: LAUNDRY
A11: DATE | B11: (MDB 5) Meter N0 1032486 | C11: (MDB 6) Meter N0 1032488 | D11: (MDB 7) Meter N0 1032489 | E11: LAUNDRY Meter | F11: TOTAL | G11: DAILY CONSUMPTION | I11: DATE | J11: Water Reading | K11: CONSUMPTION M3 | M11: DATE | N11: Reading % | O11: CONSUMPTION % | P11: LPG FILLED % | T11: LTRS
A12: 31 | B12: 4931335 | C12: 1068790 | D12: 2209601 | E12: 328144 | F12: =SUM(B12:E12) -> 8537870 | I12: 31 | J12: 19512 | M12: IN HAND 52% =2600 LTRS FROM LAST MONTH | R12: =R11*0.7 -> 0 | S12: =S11*0.7 -> 0 | T12: QTR
A13: 1 | B13: 4935895 | C13: 1070344 | D13: 2210645 | E13: 328784 | F13: =SUM(B13:E13) -> 8545668 | G13: =F13-F12 -> 7798 | I13: 1 | J13: 19578 | K13: =+J13-J12 -> 66 | M13: 1 | N13: 45 | O13: 7
A14: 2 | B14: 4940699 | C14: 1071910 | D14: 2211727 | E14: 329504 | F14: =SUM(B14:E14) -> 8553840 | G14: =F14-F13 -> 8172 | I14: 2 | J14: 19649 | K14: =J14-J13 -> 71 | M14: 2 | N14: 35 | O14: =+N13-N14 -> 10
A15: 3 | B15: 4945540 | C15: 1073175 | D15: 2213933 | E15: 330248 | F15: =SUM(B15:E15) -> 8562896 | G15: =F15-F14 -> 9056 | I15: 3 | J15: 19707 | K15: =J15-J14 -> 58 | M15: 3 | N15: 75 | O15: 6 | P15: 46 | Q15: 2300 | R15: LTR
A16: 4 | B16: 4950534 | C16: 1074094 | D16: 2217135 | E16: 330968 | F16: =SUM(B16:E16) -> 8572731 | G16: =F16-F15 -> 9835 | I16: 4 | J16: 19784 | K16: =J16-J15 -> 77 | M16: 4 | N16: 70 | O16: =+N15-N16 -> 5
A17: 5 | B17: 4955082 | C17: 1075093 | D17: 2219920 | E17: 331787 | F17: =SUM(B17:E17) -> 8581882 | G17: =F17-F16 -> 9151 | I17: 5 | J17: 19836 | K17: =J17-J16 -> 52 | M17: 5 | N17: 65 | O17: =+N16-N17 -> 5
A18: 6 | B18: 4959822 | C18: 1075986 | D18: 2222719 | E18: 332581 | F18: =SUM(B18:E18) -> 8591108 | G18: =F18-F17 -> 9226 | I18: 6 | J18: 19904 | K18: =J18-J17 -> 68 | M18: 6 | N18: 55 | O18: =+N17-N18 -> 10
A19: 7 | B19: 4964595 | C19: 1076922 | D19: 2225581 | E19: 333383 | F19: =SUM(B19:E19) -> 8600481 | G19: =F19-F18 -> 9373 | I19: 7 | J19: 19960 | K19: =J19-J18 -> 56 | M19: 7 | N19: 45 | O19: =+N18-N19 -> 10
A20: 8 | B20: 4969402 | C20: 1077850 | D20: 2228487 | E20: 334159 | F20: =SUM(B20:E20) -> 8609898 | G20: =F20-F19 -> 9417 | I20: 8 | J20: 20014 | K20: =J20-J19 -> 54 | M20: 8 | N20: 40 | O20: =+N19-N20 -> 5
A21: 9 | B21: 4974343 | C21: 1078778 | D21: 2231611 | E21: 334917 | F21: =SUM(B21:E21) -> 8619649 | G21: =F21-F20 -> 9751 | I21: 9 | J21: 20043 | K21: =J21-J20 -> 29 | M21: 9 | N21: 78 | O21: 5 | P21: 43 | Q21: 2150 | R21: LTR
A22: 10 | B22: 4979129 | C22: 1079712 | D22: 2234985 | E22: 335624 | F22: =SUM(B22:E22) -> 8629450 | G22: =F22-F21 -> 9801 | I22: 10 | J22: 20074 | K22: =J22-J21 -> 31 | M22: 10 | N22: 70 | O22: =+N21-N22 -> 8
A23: 11 | B23: 4984121 | C23: 1080760 | D23: 2238160 | E23: 336283 | F23: =SUM(B23:E23) -> 8639324 | G23: =F23-F22 -> 9874 | I23: 11 | J23: 20094 | K23: =J23-J22 -> 20 | M23: 11 | N23: 62 | O23: =+N22-N23 -> 8
A24: 12 | B24: 4989115 | C24: 1081675 | D24: 2241339 | E24: 336979 | F24: =SUM(B24:E24) -> 8649108 | G24: =F24-F23 -> 9784 | I24: 12 | J24: 20152 | K24: =J24-J23 -> 58 | M24: 12 | N24: 56 | O24: =+N23-N24 -> 6
A25: 13 | B25: 4994084 | C25: 1082595 | D25: 2244484 | E25: 337665 | F25: =SUM(B25:E25) -> 8658828 | G25: =F25-F24 -> 9720 | I25: 13 | J25: 20226 | K25: =J25-J24 -> 74 | M25: 13 | N25: 45 | O25: =+N24-N25 -> 11
A26: 14 | B26: 4999157 | C26: 1083533 | D26: 2247908 | E26: 338376 | F26: =SUM(B26:E26) -> 8668974 | G26: =F26-F25 -> 10146 | I26: 14 | J26: 20300 | K26: =J26-J25 -> 74 | M26: 14 | N26: 40 | O26: =+N25-N26 -> 5
A27: 15 | B27: 5003961 | C27: 1084426 | D27: 2250793 | E27: 339092 | F27: =SUM(B27:E27) -> 8678272 | G27: =F27-F26 -> 9298 | I27: 15 | J27: 20361 | K27: =J27-J26 -> 61 | M27: 15 | N27: 75 | O27: 7 | P27: 42 | Q27: 2100 | R27: LTR
A28: 16 | B28: 5008743 | C28: 1085326 | D28: 2253296 | E28: 339806 | F28: =SUM(B28:E28) -> 8687171 | G28: =+F28-F27 -> 8899 | I28: 16 | J28: 20425 | K28: =J28-J27 -> 64 | M28: 16 | N28: 68 | O28: =+N27-N28 -> 7
A29: 17 | B29: 5013616 | C29: 1086224 | D29: 2255754 | E29: 340518 | F29: =SUM(B29:E29) -> 8696112 | G29: =+F29-F28 -> 8941 | I29: 17 | J29: 20507 | K29: =J29-J28 -> 82 | M29: 17 | N29: 60 | O29: =+N28-N29 -> 8
A30: 18 | B30: 5018402 | C30: 1087075 | D30: 2258031 | E30: 341088 | F30: =SUM(B30:E30) -> 8704596 | G30: =+F30-F29 -> 8484 | I30: 18 | J30: 20513 | K30: =+J30-J29 -> 6 | M30: 18 | N30: 55 | O30: =+N29-N30 -> 5
A31: 19 | B31: 5023024 | C31: 1087934 | D31: 2260515 | E31: 341742 | F31: =SUM(B31:E31) -> 8713215 | G31: =+F31-F30 -> 8619 | I31: 19 | J31: 20518 | K31: =+J31-J30 -> 5 | M31: 19 | N31: 45 | O31: =+N30-N31 -> 10
A32: 20 | B32: 5027758 | C32: 1088801 | D32: 2263058 | E32: 342467 | F32: =SUM(B32:E32) -> 8722084 | G32: =+F32-F31 -> 8869 | I32: 20 | J32: 20533 | K32: =+J32-J31 -> 15 | M32: 20 | N32: 40 | O32: =+N31-N32 -> 5
A33: 21 | B33: 5032407 | C33: 1089644 | D33: 2265616 | E33: 343133 | F33: =SUM(B33:E33) -> 8730800 | G33: =+F33-F32 -> 8716 | I33: 21 | J33: 20546 | K33: =+J33-J32 -> 13 | M33: 21 | N33: 75 | O33: 5 | P33: 40 | Q33: 2000 | R33: LTR
A34: 22 | B34: 5037565 | C34: 1090566 | D34: 2268751 | E34: 343845 | F34: =SUM(B34:E34) -> 8740727 | G34: =+F34-F33 -> 9927 | I34: 22 | J34: 20552 | K34: =+J34-J33 -> 6 | M34: 22 | N34: 65 | O34: =+N33-N34 -> 10
A35: 23 | B35: 5042910 | C35: 1092090 | D35: 2270526 | E35: 344655 | F35: =SUM(B35:E35) -> 8750181 | G35: =+F35-F34 -> 9454 | I35: 23 | J35: 20567 | K35: =+J35-J34 -> 15 | M35: 23 | N35: 60 | O35: =+N34-N35 -> 5
A36: 24 | B36: 5048913 | C36: 1094064 | D36: 2271783 | E36: 345522 | F36: =SUM(B36:E36) -> 8760282 | G36: =+F36-F35 -> 10101 | I36: 24 | J36: 20587 | K36: =+J36-J35 -> 20 | M36: 24 | N36: 50 | O36: =+N35-N36 -> 10
A37: 25 | B37: 5053498 | C37: 1095681 | D37: 2272608 | E37: 346180 | F37: =SUM(B37:E37) -> 8767967 | G37: =+F37-F36 -> 7685 | I37: 25 | J37: 20589 | K37: =+J37-J36 -> 2 | M37: 25 | N37: 40 | O37: 0
A38: 26 | B38: 5058779 | C38: 1097470 | D38: 2273725 | E38: 346927 | F38: =SUM(B38:E38) -> 8776901 | G38: =+F38-F37 -> 8934 | I38: 26 | J38: 20592 | K38: =+J38-J37 -> 3 | M38: 26 | N38: 35 | O38: 0
A39: 27 | B39: 5064094 | C39: 1099398 | D39: 2274872 | E39: 347706 | F39: =SUM(B39:E39) -> 8786070 | G39: =+F39-F38 -> 9169 | I39: 27 | J39: 20604 | K39: =+J39-J38 -> 12 | M39: 27 | N39: 28 | O39: =+N38-N39 -> 7
A40: 28 | B40: 5069593 | C40: 1101398 | D40: 2276003 | E40: 348508 | F40: =SUM(B40:E40) -> 8795502 | G40: =+F40-F39 -> 9432 | I40: 28 | J40: 20613 | K40: =+J40-J39 -> 9 | M40: 28 | N40: 75 | O40: 8 | P40: 50
A41: 29 | B41: 5075113 | C41: 1102377 | D41: 2277200 | E41: 349339 | F41: =SUM(B41:E41) -> 8804029 | G41: =+F41-F40 -> 8527 | I41: 29 | J41: 20619 | K41: =+J41-J40 -> 6 | M41: 29 | N41: 68 | O41: =+N40-N41 -> 7
A42: 30 | B42: 5080503 | C42: 1105230 | D42: 2278341 | E42: 350189 | F42: =SUM(B42:E42) -> 8814263 | G42: =+F42-F41 -> 10234 | I42: 30 | J42: 20624 | K42: =+J42-J41 -> 5 | M42: 30 | N42: 60 | O42: =+N41-N42 -> 8
F43: =SUM(B43:E43) -> 0
O44: =SUM(O13:O43) -> 203 | P44: =SUM(P13:P43) -> 221
B46: Total Consumption KWHr | D46: =SUM(G13:G43) -> 276393 | I46: Total Consumption M3 | K46: =SUM(K13:K43) -> 1112 | N46: Total in hands LTRS | O46: 3000 | P46: =O46*0.7 -> 2100 | Q46: QTR
B47: Total QTR | D47: =D46*0.22 -> 60806.46 | I47: Consumption QTR | K47: =K46*8.6 -> 9563.2 | N47: Consumption LTRS | O47: =O44*50 -> 10150 | P47: =O47*0.7 -> 7105 | Q47: QTR
I48: Sewerage charges QTR | K48: =K47*0.2 -> 1912.64 | N48: Total filled LTRS | O48: 7106 | P48: =O48*0.7 -> 4974.2 | Q48: QTR
I49: Total QTR | K49: =SUM(K47:K48) -> 11475.84
