Workbook

Sheet Total
A1: Site Name | B1: Day | C1: Month | D1: Year | E1: Total Electricity Kwh | F1: Electricity Tariff ($/Kwh) | G1: LPG (Liters) | H1: LPG $/Liters | I1: Water Utility Supply (m3) m3 | J1: Water Utility Supply (m3) $/m3 | K1: Room Nights | L1: Total Guests
A2: Centro Al Manhal | B2: 1 | C2: 6 | D2: 2025 | E2: ='Consum.'!G8 -> 13765 | F2: 0.2 | G2: 1650 | H2: 1.82 | I2: ='Consum.'!K8 -> 67 | J2: 7.84 | K2: 192 | L2: 247
A3: Centro Al Manhal | B3: =B2+1 -> 2 | C3: 6 | D3: 2025 | E3: ='Consum.'!G9 -> -28697752 | F3: 0.2 | I3: ='Consum.'!K9 -> -75291 | J3: 7.84 | K3: 194 | L3: 237
A4: Centro Al Manhal | B4: =B3+1 -> 3 | C4: 6 | D4: 2025 | E4: ='Consum.'!G10 -> 0 | F4: 0.2 | I4: ='Consum.'!K10 -> 0 | J4: 7.84 | K4: 207 | L4: 247
A5: Centro Al Manhal | B5: =B4+1 -> 4 | C5: 6 | D5: 2025 | E5: ='Consum.'!G11 -> 0 | F5: 0.2 | I5: ='Consum.'!K11 -> 0 | J5: 7.84 | K5: 200 | L5: 238
A6: Centro Al Manhal | B6: =B5+1 -> 5 | C6: 6 | D6: 2025 | E6: ='Consum.'!G12 -> 0 | F6: 0.2 | I6: ='Consum.'!K12 -> 0 | J6: 7.84 | K6: 209 | L6: 256
A7: Centro Al Manhal | B7: =B6+1 -> 6 | C7: 6 | D7: 2025 | E7: ='Consum.'!G13 -> 0 | F7: 0.2 | I7: ='Consum.'!K13 -> 0 | J7: 7.84 | K7: 200 | L7: 247
A8: Centro Al Manhal | B8: =B7+1 -> 7 | C8: 6 | D8: 2025 | E8: ='Consum.'!G14 -> 0 | F8: 0.2 | I8: ='Consum.'!K14 -> 0 | J8: 7.84 | K8: 198 | L8: 256
A9: Centro Al Manhal | B9: =B8+1 -> 8 | C9: 6 | D9: 2025 | E9: ='Consum.'!G15 -> 0 | F9: 0.2 | I9: ='Consum.'!K15 -> 0 | J9: 7.84 | K9: 191 | L9: 245
A10: Centro Al Manhal | B10: =B9+1 -> 9 | C10: 6 | D10: 2025 | E10: ='Consum.'!G16 -> 0 | F10: 0.2 | I10: ='Consum.'!K16 -> 0 | J10: 7.84 | K10: 171 | L10: 204
A11: Centro Al Manhal | B11: =B10+1 -> 10 | C11: 6 | D11: 2025 | E11: ='Consum.'!G17 -> 0 | F11: 0.2 | I11: ='Consum.'!K17 -> 0 | J11: 7.84 | K11: 205 | L11: 271
A12: Centro Al Manhal | B12: =B11+1 -> 11 | C12: 6 | D12: 2025 | E12: ='Consum.'!G18 -> 0 | F12: 0.2 | I12: ='Consum.'!K18 -> 0 | J12: 7.84 | K12: 202 | L12: 260
A13: Centro Al Manhal | B13: =B12+1 -> 12 | C13: 6 | D13: 2025 | E13: ='Consum.'!G19 -> 0 | F13: 0.2 | I13: ='Consum.'!K19 -> 0 | J13: 7.84 | K13: 198 | L13: 249
A14: Centro Al Manhal | B14: =B13+1 -> 13 | C14: 6 | D14: 2025 | E14: ='Consum.'!G20 -> 0 | F14: 0.2 | I14: ='Consum.'!K20 -> 0 | J14: 7.84 | K14: 184 | L14: 233
... A31: Centro Al Manhal | B31: =B30+1 -> 30 | C31: 6 | D31: 2025 | E31: ='Consum.'!G37 -> 0 | F31: 0.2 | I31: ='Consum.'!K37 -> 0 | J31: 7.84 | K31: 226 | L31: 355
K32: 205 | L32: 259

Sheet Consum.
A1: CENTRO AL MANHAL
A2: Month : June-2025
A3: Date | B3: Occupancy | D3: Electricity (KW) | H3: Water (M³) | L3: L.P.G | M3: L.P.G
L4: Refill | M4: Cost
B5: % | C5: Room | D5: ALT 11D100051 | E5: ALT 11D100053 | F5: Total | G5: Consum | H5: 4010D610084 | I5: 4010D610038 | J5: Total | K5: Consum | L5: Lit | M5: Lit
A7: 31 | D7: 22584499 | E7: 6099488 | F7: =(D7+E7) -> 28683987 | G7: =(F7-F6) -> 28683987 | H7: 27799 | I7: 47424 | J7: =H7+I7 -> 75223 | K7: =(J7-J6) -> 75223 | L7: 47 | M7: 85
A8: 1 | C8: =(229/100*B8) -> 0 | D8: 22595713 | E8: 6102039 | F8: =(D8+E8) -> 28697752 | G8: =(F8-F7) -> 13765 | H8: 27840 | I8: 47451 | J8: =H8+I8 -> 75291 | K8: 67 | L8: 1650 | M8: 1.82
A9: 2 | C9: =(229/100*B9) -> 0 | F9: =(D9+E9) -> 0 | G9: =(F9-F8) -> -28697752 | J9: =H9+I9 -> 0 | K9: =(J9-J8) -> -75291
A10: 3 | C10: =(229/100*B10) -> 0 | F10: =(D10+E10) -> 0 | G10: =(F10-F9) -> 0 | J10: =H10+I10 -> 0 | K10: =(J10-J9) -> 0
A11: 4 | C11: =(229/100*B11) -> 0 | F11: =(D11+E11) -> 0 | G11: =(F11-F10) -> 0 | J11: =H11+I11 -> 0 | K11: =(J11-J10) -> 0
A12: 5 | C12: =(229/100*B12) -> 0 | F12: =(D12+E12) -> 0 | G12: =(F12-F11) -> 0 | J12: =H12+I12 -> 0 | K12: =(J12-J11) -> 0
A13: 6 | C13: =(229/100*B13) -> 0 | F13: =(D13+E13) -> 0 | G13: =(F13-F12) -> 0 | J13: =H13+I13 -> 0 | K13: =(J13-J12) -> 0
A14: 7 | C14: =(229/100*B14) -> 0 | F14: =(D14+E14) -> 0 | G14: =(F14-F13) -> 0 | J14: =H14+I14 -> 0 | K14: =(J14-J13) -> 0
A15: 8 | C15: =(229/100*B15) -> 0 | F15: =(D15+E15) -> 0 | G15: =(F15-F14) -> 0 | J15: =H15+I15 -> 0 | K15: =(J15-J14) -> 0
A16: 9 | C16: =(229/100*B16) -> 0 | F16: =(D16+E16) -> 0 | G16: =(F16-F15) -> 0 | J16: =H16+I16 -> 0 | K16: =(J16-J15) -> 0
A17: 10 | C17: =(229/100*B17) -> 0 | F17: =(D17+E17) -> 0 | G17: =(F17-F16) -> 0 | J17: =H17+I17 -> 0 | K17: =(J17-J16) -> 0
A18: 11 | C18: =(229/100*B18) -> 0 | F18: =(D18+E18) -> 0 | G18: =(F18-F17) -> 0 | J18: =H18+I18 -> 0 | K18: =(J18-J17) -> 0
A19: 12 | C19: =(229/100*B19) -> 0 | F19: =(D19+E19) -> 0 | G19: =(F19-F18) -> 0 | J19: =H19+I19 -> 0 | K19: =(J19-J18) -> 0
A20: 13 | C20: =(229/100*B20) -> 0 | F20: =(D20+E20) -> 0 | G20: =(F20-F19) -> 0 | J20: =H20+I20 -> 0 | K20: =(J20-J19) -> 0
... A33: 26 | C33: =(229/100*B33) -> 0 | F33: =(D33+E33) -> 0 | G33: =(F33-F32) -> 0 | J33: =H33+I33 -> 0 | K33: =(J33-J32) -> 0
A34: 27 | F34: =(D34+E34) -> 0 | G34: =(F34-F33) -> 0 | J34: =H34+I34 -> 0 | K34: =(J34-J33) -> 0
A35: 28 | F35: =(D35+E35) -> 0 | G35: =(F35-F34) -> 0 | J35: =H35+I35 -> 0 | K35: =(J35-J34) -> 0
A36: 29 | F36: =(D36+E36) -> 0 | G36: =(F36-F35) -> 0 | J36: =H36+I36 -> 0 | K36: =(J36-J35) -> 0
A37: 30 | F37: =(D37+E37) -> 0 | G37: =(F37-F36) -> 0 | J37: =H37+I37 -> 0 | K37: =(J37-J36) -> 0
