Workbook

Sheet Total
A1: Site Name | B1: Day | C1: Month | D1: Year | E1: Total Electricity Kwh | F1: Electricity Tariff ($/Kwh) | G1: Water Utility Supply (m3) m3 | H1: Water Utility Supply (m3) $/m3 | I1: District Energy Cooling RTH | J1: District Energy Cooling $/RTH | K1: Room Nights | L1: Total Guests
A2: Centro Capital Centre Abu Dhabi | B2: 1 | C2: 3 | D2: 2025 | E2: =IF('Mar-2025'!J5>=0,'Mar-2025'!J5,0) -> 10865 | F2: ='Mar-2025'!K5/'Mar-2025'!J5 -> 0.2 | G2: =IF('Mar-2025'!V5>=0,'Mar-2025'!V5,0) -> 77.16 | H2: ='Mar-2025'!W5/'Mar-2025'!V5 -> 7.84 | I2: =IF('Mar-2025'!AA5>=0,'Mar-2025'!AA5,0) -> 2615.9753 | J2: ='Mar-2025'!AB5/'Mar-2025'!AA5 -> 1.2129625 | K2: ='Mar-2025'!AI5 -> 245.9988 | L2: ='Mar-2025'!AH5 -> 323
A3: Centro Capital Centre Abu Dhabi | B3: =B2+1 -> 2 | C3: 3 | D3: 2025 | E3: =IF('Mar-2025'!J6>=0,'Mar-2025'!J6,0) -> 10805 | F3: ='Mar-2025'!K6/'Mar-2025'!J6 -> 0.2 | G3: =IF('Mar-2025'!V6>=0,'Mar-2025'!V6,0) -> 68 | H3: ='Mar-2025'!W6/'Mar-2025'!V6 -> 7.84 | I3: =IF('Mar-2025'!AA6>=0,'Mar-2025'!AA6,0) -> 2672.8443 | J3: ='Mar-2025'!AB6/'Mar-2025'!AA6 -> 1.2129625 | K3: ='Mar-2025'!AI6 -> 235.98 | L3: ='Mar-2025'!AH6 -> 286
A4: Centro Capital Centre Abu Dhabi | B4: =B3+1 -> 3 | C4: 3 | D4: 2025 | E4: =IF('Mar-2025'!J7>=0,'Mar-2025'!J7,0) -> 11324 | F4: ='Mar-2025'!K7/'Mar-2025'!J7 -> 0.2 | G4: =IF('Mar-2025'!V7>=0,'Mar-2025'!V7,0) -> 78 | H4: ='Mar-2025'!W7/'Mar-2025'!V7 -> 7.84 | I4: =IF('Mar-2025'!AA7>=0,'Mar-2025'!AA7,0) -> 2331.6301 | J4: ='Mar-2025'!AB7/'Mar-2025'!AA7 -> 1.2129625 | K4: ='Mar-2025'!AI7 -> 252.0018 | L4: ='Mar-2025'!AH7 -> 317
A5: Centro Capital Centre Abu Dhabi | B5: =B4+1 -> 4 | C5: 3 | D5: 2025 | E5: =IF('Mar-2025'!J8>=0,'Mar-2025'!J8,0) -> 10909 | F5: ='Mar-2025'!K8/'Mar-2025'!J8 -> 0.2 | G5: =IF('Mar-2025'!V8>=0,'Mar-2025'!V8,0) -> 77 | H5: ='Mar-2025'!W8/'Mar-2025'!V8 -> 7.84 | I5: =IF('Mar-2025'!AA8>=0,'Mar-2025'!AA8,0) -> 2672.8443 | J5: ='Mar-2025'!AB8/'Mar-2025'!AA8 -> 1.2129625 | K5: ='Mar-2025'!AI8 -> 251.0082 | L5: ='Mar-2025'!AH8 -> 310
A6: Centro Capital Centre Abu Dhabi | B6: =B5+1 -> 5 | C6: 3 | D6: 2025 | E6: =IF('Mar-2025'!J9>=0,'Mar-2025'!J9,0) -> 11232 | F6: ='Mar-2025'!K9/'Mar-2025'!J9 -> 0.2 | G6: =IF('Mar-2025'!V9>=0,'Mar-2025'!V9,0) -> 89 | H6: ='Mar-2025'!W9/'Mar-2025'!V9 -> 7.84 | I6: =IF('Mar-2025'!AA9>=0,'Mar-2025'!AA9,0) -> 2957.1894 | J6: ='Mar-2025'!AB9/'Mar-2025'!AA9 -> 1.2129625 | K6: ='Mar-2025'!AI9 -> 245.0052 | L6: ='Mar-2025'!AH9 -> 286
A7: Centro Capital Centre Abu Dhabi | B7: =B6+1 -> 6 | C7: 3 | D7: 2025 | E7: =IF('Mar-2025'!J10>=0,'Mar-2025'!J10,0) -> 11159 | F7: ='Mar-2025'!K10/'Mar-2025'!J10 -> 0.2 | G7: =IF('Mar-2025'!V10>=0,'Mar-2025'!V10,0) -> 81 | H7: ='Mar-2025'!W10/'Mar-2025'!V10 -> 7.84 | I7: =IF('Mar-2025'!AA10>=0,'Mar-2025'!AA10,0) -> 3269.9691 | J7: ='Mar-2025'!AB10/'Mar-2025'!AA10 -> 1.2129625 | K7: ='Mar-2025'!AI10 -> 245.0052 | L7: ='Mar-2025'!AH10 -> 300
A8: Centro Capital Centre Abu Dhabi | B8: =B7+1 -> 7 | C8: 3 | D8: 2025 | E8: =IF('Mar-2025'!J11>=0,'Mar-2025'!J11,0) -> 10930 | F8: ='Mar-2025'!K11/'Mar-2025'!J11 -> 0.2 | G8: =IF('Mar-2025'!V11>=0,'Mar-2025'!V11,0) -> 87 | H8: ='Mar-2025'!W11/'Mar-2025'!V11 -> 7.84 | I8: =IF('Mar-2025'!AA11>=0,'Mar-2025'!AA11,0) -> 3639.6177 | J8: ='Mar-2025'!AB11/'Mar-2025'!AA11 -> 1.2129625 | K8: ='Mar-2025'!AI11 -> 240.9894 | L8: ='Mar-2025'!AH11 -> 298
A9: Centro Capital Centre Abu Dhabi | B9: =B8+1 -> 8 | C9: 3 | D9: 2025 | E9: =IF('Mar-2025'!J12>=0,'Mar-2025'!J12,0) -> 11059 | F9: ='Mar-2025'!K12/'Mar-2025'!J12 -> 0.2 | G9: =IF('Mar-2025'!V12>=0,'Mar-2025'!V12,0) -> 77 | H9: ='Mar-2025'!W12/'Mar-2025'!V12 -> 7.84 | I9: =IF('Mar-2025'!AA12>=0,'Mar-2025'!AA12,0) -> 3611.1832 | J9: ='Mar-2025'!AB12/'Mar-2025'!AA12 -> 1.2129625 | K9: ='Mar-2025'!AI12 -> 252.0018 | L9: ='Mar-2025'!AH12 -> 308
A10: Centro Capital Centre Abu Dhabi | B10: =B9+1 -> 9 | C10: 3 | D10: 2025 | E10: =IF('Mar-2025'!J13>=0,'Mar-2025'!J13,0) -> 10976 | F10: ='Mar-2025'!K13/'Mar-2025'!J13 -> 0.2 | G10: =IF('Mar-2025'!V13>=0,'Mar-2025'!V13,0) -> 94 | H10: ='Mar-2025'!W13/'Mar-2025'!V13 -> 7.84 | I10: =IF('Mar-2025'!AA13>=0,'Mar-2025'!AA13,0) -> 3810.2248 | J10: ='Mar-2025'!AB13/'Mar-2025'!AA13 -> 1.2129625 | K10: ='Mar-2025'!AI13 -> 248.9796 | L10: ='Mar-2025'!AH13 -> 301
A11: Centro Capital Centre Abu Dhabi | B11: =B10+1 -> 10 | C11: 3 | D11: 2025 | E11: =IF('Mar-2025'!J14>=0,'Mar-2025'!J14,0) -> 11273 | F11: ='Mar-2025'!K14/'Mar-2025'!J14 -> 0.2 | G11: =IF('Mar-2025'!V14>=0,'Mar-2025'!V14,0) -> 73 | H11: ='Mar-2025'!W14/'Mar-2025'!V14 -> 7.84 | I11: =IF('Mar-2025'!AA14>=0,'Mar-2025'!AA14,0) -> 3810.2248 | J11: ='Mar-2025'!AB14/'Mar-2025'!AA14 -> 1.2129625 | K11: ='Mar-2025'!AI14 -> 303.0066 | L11: ='Mar-2025'!AH14 -> 380
A12: Centro Capital Centre Abu Dhabi | B12: =B11+1 -> 11 | C12: 3 | D12: 2025 | E12: =IF('Mar-2025'!J15>=0,'Mar-2025'!J15,0) -> 10973 | F12: ='Mar-2025'!K15/'Mar-2025'!J15 -> 0.2 | G12: =IF('Mar-2025'!V15>=0,'Mar-2025'!V15,0) -> 93.07 | H12: ='Mar-2025'!W15/'Mar-2025'!V15 -> 7.84 | I12: =IF('Mar-2025'!AA15>=0,'Mar-2025'!AA15,0) -> 3753.3558 | J12: ='Mar-2025'!AB15/'Mar-2025'!AA15 -> 1.2129625 | K12: ='Mar-2025'!AI15 -> 328.0122 | L12: ='Mar-2025'!AH15 -> 416
A13: Centro Capital Centre Abu Dhabi | B13: =B12+1 -> 12 | C13: 3 | D13: 2025 | E13: =IF('Mar-2025'!J16>=0,'Mar-2025'!J16,0) -> 11572 | F13: ='Mar-2025'!K16/'Mar-2025'!J16 -> 0.2 | G13: =IF('Mar-2025'!V16>=0,'Mar-2025'!V16,0) -> 110.92 | H13: ='Mar-2025'!W16/'Mar-2025'!V16 -> 7.84 | I13: =IF('Mar-2025'!AA16>=0,'Mar-2025'!AA16,0) -> 4293.6116 | J13: ='Mar-2025'!AB16/'Mar-2025'!AA16 -> 1.2129625 | K13: ='Mar-2025'!AI16 -> 328.0122 | L13: ='Mar-2025'!AH16 -> 423
A14: Centro Capital Centre Abu Dhabi | B14: =B13+1 -> 13 | C14: 3 | D14: 2025 | E14: =IF('Mar-2025'!J17>=0,'Mar-2025'!J17,0) -> 11315 | F14: ='Mar-2025'!K17/'Mar-2025'!J17 -> 0.2 | G14: =IF('Mar-2025'!V17>=0,'Mar-2025'!V17,0) -> 103.01 | H14: ='Mar-2025'!W17/'Mar-2025'!V17 -> 7.84 | I14: =IF('Mar-2025'!AA17>=0,'Mar-2025'!AA17,0) -> 3184.6655 | J14: ='Mar-2025'!AB17/'Mar-2025'!AA17 -> 1.2129625 | K14: ='Mar-2025'!AI17 -> 315.0126 | L14: ='Mar-2025'!AH17 -> 401
... A32: Centro Capital Centre Abu Dhabi | B32: =B31+1 -> 31 | C32: 3 | D32: 2025 | E32: =IF('Mar-2025'!J35>=0,'Mar-2025'!J35,0) -> 11275 | F32: ='Mar-2025'!K35/'Mar-2025'!J35 -> 0.2 | G32: =IF('Mar-2025'!V35>=0,'Mar-2025'!V35,0) -> 125 | H32: ='Mar-2025'!W35/'Mar-2025'!V35 -> 7.84 | I32: =IF('Mar-2025'!AA35>=0,'Mar-2025'!AA35,0) -> 4009.2664 | J32: ='Mar-2025'!AB35/'Mar-2025'!AA35 -> 1.2129625 | K32: ='Mar-2025'!AI35 -> 312.984 | L32: ='Mar-2025'!AH35 -> 446

Sheet Mar-2025
A1: ELECTRICITY | M1: WATER | Y1: DISTRICT COOLING | AD1: LAST YEAR | AG1: Additional Info
M2: Office-GF | P2: Technical-2 | R2: Roof (Back wash) | T2: Roof (Irrigation) | AD2: Electricity | AE2: Water | AF2: District Cooling | AG2: Hotel Occupancy % | AH2: Adl. & Chl. | AI2: Room Nights
A3: DAY | B3: (MDB 2) 7688590628 | C3: CONS. | D3: (MDB 3) 3757543605 | E3: CONS. | F3: (EMDB) 4242355719 | G3: CONS. | H3: MDB ROOF TOP 7432903998 | I3: CONS. | J3: Total CONS. | K3: Ele AED | M3: DAY | N3: Reading | O3: Cons M3 | P3: Reading | Q3: Cons M3 | R3: Reading | S3: Cons M3 | T3: Reading | U3: Cons M3 | V3: Total M3 | W3: Total AED | Y3: DAY | Z3: ENERGY KWH | AB3: Cons Ton-Hour*AED
A4: 28 | B4: 21108932 | C4: =IF(ISBLANK(B4),"0",B4-B3) -> #VALUE! | D4: 25368317 | E4: =IF(ISBLANK(D4),"0",D4-D3) -> #VALUE! | F4: 17196110 | G4: =IF(ISBLANK(F4),"0",F4-F3) -> #VALUE! | H4: 363722 | I4: =IF(ISBLANK(H4),"0",H4-H3) -> #VALUE! | J4: =SUM(C4+E4+G4+I4) -> #VALUE! | K4: =J4*0.2 -> #VALUE! | M4: 28 | N4: 711.21 | O4: =IF(ISBLANK(N4),"0",N4-N3) -> #VALUE! | P4: 261550 | Q4: =IF(ISBLANK(P4),"0",P4-P3) -> #VALUE! | R4: 1458.23 | S4: =IF(ISBLANK(R4),"0",R4-R3) -> #VALUE! | T4: 2118.4 | U4: =IF(ISBLANK(T4),"0",T4-T3) -> #VALUE! | V4: =O4+Q4+S4+U4 -> #VALUE! | W4: =V4*7.84 -> #VALUE! | Y4: 28 | Z4: 78241300 | AB4: =IF(ISBLANK(Z4),"0",(Z4-Z3)*(0.2843451361)*(0.3449)+(4108.31)) -> #VALUE!
A5: 1 | B5: 21113080 | C5: =IF(ISBLANK(B5),"0",B5-B4) -> 4148 | D5: 25372505 | E5: =IF(ISBLANK(D5),"0",D5-D4) -> 4188 | F5: 17198590 | G5: =IF(ISBLANK(F5),"0",F5-F4) -> 2480 | H5: 363771 | I5: =IF(ISBLANK(H5),"0",H5-H4) -> 49 | J5: =SUM(C5+E5+G5+I5) -> 10865 | K5: =J5*0.2 -> 2173 | M5: 1 | N5: 711 | O5: =IF(ISBLANK(N5),"0",N5-N4) -> -0.21 | P5: 261628 | Q5: =IF(ISBLANK(P5),"0",P5-P4) -> 78 | R5: 1458 | S5: =IF(ISBLANK(R5),"0",R5-R4) -> -0.23 | T5: 2118 | U5: =IF(ISBLANK(T5),"0",T5-T4) -> -0.4 | V5: =O5+Q5+S5+U5 -> 77.16 | W5: =V5*7.84 -> 604.9344 | Y5: 1 | Z5: 78250500 | AA5: =(Z5-Z4)*(0.2843451361) -> 2615.9753 | AB5: =IF(ISBLANK(Z5),"0",(Z5-Z4)*(0.3449)) -> 3173.08 | AD5: 2483.4 | AE5: 972.16 | AF5: 4732.9728 | AG5: 0.5942 | AH5: 323 | AI5: =AG5*414 -> 245.9988
A6: 2 | B6: 21117352 | C6: =IF(ISBLANK(B6),"0",B6-B5) -> 4272 | D6: 25376597 | E6: =IF(ISBLANK(D6),"0",D6-D5) -> 4092 | F6: 17200988 | G6: =IF(ISBLANK(F6),"0",F6-F5) -> 2398 | H6: 363814 | I6: =IF(ISBLANK(H6),"0",H6-H5) -> 43 | J6: =SUM(C6+E6+G6+I6) -> 10805 | K6: =J6*0.2 -> 2161 | M6: 2 | N6: 714 | O6: =IF(ISBLANK(N6),"0",N6-N5) -> 3 | P6: 261693 | Q6: =IF(ISBLANK(P6),"0",P6-P5) -> 65 | R6: 1458 | S6: =IF(ISBLANK(R6),"0",R6-R5) -> 0 | T6: 2118 | U6: =IF(ISBLANK(T6),"0",T6-T5) -> 0 | V6: =O6+Q6+S6+U6 -> 68 | W6: =V6*7.84 -> 533.12 | Y6: 2 | Z6: 78259900 | AA6: =(Z6-Z5)*(0.2843451361) -> 2672.8443 | AB6: =IF(ISBLANK(Z6),"0",(Z6-Z5)*(0.3449)) -> 3242.06 | AD6: 2225.8 | AE6: 885.92 | AF6: 4742.7599 | AG6: 0.57 | AH6: 286 | AI6: =AG6*414 -> 235.98
A7: 3 | B7: 21121964 | C7: =IF(ISBLANK(B7),"0",B7-B6) -> 4612 | D7: 25380784 | E7: =IF(ISBLANK(D7),"0",D7-D6) -> 4187 | F7: 17203460 | G7: =IF(ISBLANK(F7),"0",F7-F6) -> 2472 | H7: 363867 | I7: =IF(ISBLANK(H7),"0",H7-H6) -> 53 | J7: =SUM(C7+E7+G7+I7) -> 11324 | K7: =J7*0.2 -> 2264.8 | M7: 3 | N7: 714 | O7: =IF(ISBLANK(N7),"0",N7-N6) -> 0 | P7: 261771 | Q7: =IF(ISBLANK(P7),"0",P7-P6) -> 78 | R7: 1458 | S7: =IF(ISBLANK(R7),"0",R7-R6) -> 0 | T7: 2118 | U7: =IF(ISBLANK(T7),"0",T7-T6) -> 0 | V7: =O7+Q7+S7+U7 -> 78 | W7: =V7*7.84 -> 611.52 | Y7: 3 | Z7: 78268100 | AA7: =(Z7-Z6)*(0.2843451361) -> 2331.6301 | AB7: =IF(ISBLANK(Z7),"0",(Z7-Z6)*(0.3449)) -> 2828.18 | AD7: 2306.8 | AE7: 972.16 | AF7: 4781.9086 | AG7: 0.6087 | AH7: 317 | AI7: =AG7*414 -> 252.0018
A8: 4 | B8: 21126123 | C8: =IF(ISBLANK(B8),"0",B8-B7) -> 4159 | D8: 25385009 | E8: =IF(ISBLANK(D8),"0",D8-D7) -> 4225 | F8: 17205930 | G8: =IF(ISBLANK(F8),"0",F8-F7) -> 2470 | H8: 363922 | I8: =IF(ISBLANK(H8),"0",H8-H7) -> 55 | J8: =SUM(C8+E8+G8+I8) -> 10909 | K8: =J8*0.2 -> 2181.8 | M8: 4 | N8: 714 | O8: =IF(ISBLANK(N8),"0",N8-N7) -> 0 | P8: 261848 | Q8: =IF(ISBLANK(P8),"0",P8-P7) -> 77 | R8: 1458 | S8: =IF(ISBLANK(R8),"0",R8-R7) -> 0 | T8: 2118 | U8: =IF(ISBLANK(T8),"0",T8-T7) -> 0 | V8: =O8+Q8+S8+U8 -> 77 | W8: =V8*7.84 -> 603.68 | Y8: 4 | Z8: 78277500 | AA8: =(Z8-Z7)*(0.2843451361) -> 2672.8443 | AB8: =IF(ISBLANK(Z8),"0",(Z8-Z7)*(0.3449)) -> 3242.06 | AD8: 2310 | AE8: 932.96 | AF8: 4889.5673 | AG8: 0.6063 | AH8: 310 | AI8: =AG8*414 -> 251.0082
A9: 5 | B9: 21130431 | C9: =IF(ISBLANK(B9),"0",B9-B8) -> 4308 | D9: 25389370 | E9: =IF(ISBLANK(D9),"0",D9-D8) -> 4361 | F9: 17208433 | G9: =IF(ISBLANK(F9),"0",F9-F8) -> 2503 | H9: 363982 | I9: =IF(ISBLANK(H9),"0",H9-H8) -> 60 | J9: =SUM(C9+E9+G9+I9) -> 11232 | K9: =J9*0.2 -> 2246.4 | M9: 5 | N9: 714 | O9: =IF(ISBLANK(N9),"0",N9-N8) -> 0 | P9: 261937 | Q9: =IF(ISBLANK(P9),"0",P9-P8) -> 89 | R9: 1458 | S9: =IF(ISBLANK(R9),"0",R9-R8) -> 0 | T9: 2118 | U9: =IF(ISBLANK(T9),"0",T9-T8) -> 0 | V9: =O9+Q9+S9+U9 -> 89 | W9: =V9*7.84 -> 697.76 | Y9: 5 | Z9: 78287900 | AA9: =(Z9-Z8)*(0.2843451361) -> 2957.1894 | AB9: =IF(ISBLANK(Z9),"0",(Z9-Z8)*(0.3449)) -> 3586.96 | AD9: 2298.8 | AE9: 885.92 | AF9: 5144.0335 | AG9: 0.5918 | AH9: 286 | AI9: =AG9*414 -> 245.0052
A10: 6 | B10: 21134647 | C10: =IF(ISBLANK(B10),"0",B10-B9) -> 4216 | D10: 25393758 | E10: =IF(ISBLANK(D10),"0",D10-D9) -> 4388 | F10: 17210929 | G10: =IF(ISBLANK(F10),"0",F10-F9) -> 2496 | H10: 364041 | I10: =IF(ISBLANK(H10),"0",H10-H9) -> 59 | J10: =SUM(C10+E10+G10+I10) -> 11159 | K10: =J10*0.2 -> 2231.8 | M10: 6 | N10: 715 | O10: =IF(ISBLANK(N10),"0",N10-N9) -> 1 | P10: 262014 | Q10: =IF(ISBLANK(P10),"0",P10-P9) -> 77 | R10: 1458 | S10: =IF(ISBLANK(R10),"0",R10-R9) -> 0 | T10: 2121 | U10: =IF(ISBLANK(T10),"0",T10-T9) -> 3 | V10: =O10+Q10+S10+U10 -> 81 | W10: =V10*7.84 -> 635.04 | Y10: 6 | Z10: 78299400 | AA10: =(Z10-Z9)*(0.2843451361) -> 3269.9691 | AB10: =IF(ISBLANK(Z10),"0",(Z10-Z9)*(0.3449)) -> 3966.35 | AD10: 2360.4 | AE10: 870.24 | AF10: 5036.3747 | AG10: 0.5918 | AH10: 300 | AI10: =AG10*414 -> 245.0052
A11: 7 | B11: 21138704 | C11: =IF(ISBLANK(B11),"0",B11-B10) -> 4057 | D11: 25398130 | E11: =IF(ISBLANK(D11),"0",D11-D10) -> 4372 | F11: 17213374 | G11: =IF(ISBLANK(F11),"0",F11-F10) -> 2445 | H11: 364097 | I11: =IF(ISBLANK(H11),"0",H11-H10) -> 56 | J11: =SUM(C11+E11+G11+I11) -> 10930 | K11: =J11*0.2 -> 2186 | M11: 7 | N11: 715 | O11: =IF(ISBLANK(N11),"0",N11-N10) -> 0 | P11: 262101 | Q11: =IF(ISBLANK(P11),"0",P11-P10) -> 87 | R11: 1458 | S11: =IF(ISBLANK(R11),"0",R11-R10) -> 0 | T11: 2121 | U11: =IF(ISBLANK(T11),"0",T11-T10) -> 0 | V11: =O11+Q11+S11+U11 -> 87 | W11: =V11*7.84 -> 682.08 | Y11: 7 | Z11: 78312200 | AA11: =(Z11-Z10)*(0.2843451361) -> 3639.6177 | AB11: =IF(ISBLANK(Z11),"0",(Z11-Z10)*(0.3449)) -> 4414.72 | AD11: 2315.8 | AE11: 956.48 | AF11: 5065.7362 | AG11: 0.5821 | AH11: 298 | AI11: =AG11*414 -> 240.9894
A12: 8 | B12: 21143030 | C12: =IF(ISBLANK(B12),"0",B12-B11) -> 4326 | D12: 25402401 | E12: =IF(ISBLANK(D12),"0",D12-D11) -> 4271 | F12: 17215782 | G12: =IF(ISBLANK(F12),"0",F12-F11) -> 2408 | H12: 364151 | I12: =IF(ISBLANK(H12),"0",H12-H11) -> 54 | J12: =SUM(C12+E12+G12+I12) -> 11059 | K12: =J12*0.2 -> 2211.8 | M12: 8 | N12: 715 | O12: =IF(ISBLANK(N12),"0",N12-N11) -> 0 | P12: 262178 | Q12: =IF(ISBLANK(P12),"0",P12-P11) -> 77 | R12: 1458 | S12: =IF(ISBLANK(R12),"0",R12-R11) -> 0 | T12: 2121 | U12: =IF(ISBLANK(T12),"0",T12-T11) -> 0 | V12: =O12+Q12+S12+U12 -> 77 | W12: =V12*7.84 -> 603.68 | Y12: 8 | Z12: 78324900 | AA12: =(Z12-Z11)*(0.2843451361) -> 3611.1832 | AB12: =IF(ISBLANK(Z12),"0",(Z12-Z11)*(0.3449)) -> 4380.23 | AD12: 2268.6 | AE12: 721.28 | AF12: 5320.2023 | AG12: 0.6087 | AH12: 308 | AI12: =AG12*414 -> 252.0018
A13: 9 | B13: 21147292 | C13: =IF(ISBLANK(B13),"0",B13-B12) -> 4262 | D13: 25406683 | E13: =IF(ISBLANK(D13),"0",D13-D12) -> 4282 | F13: 17218155 | G13: =IF(ISBLANK(F13),"0",F13-F12) -> 2373 | H13: 364210 | I13: =IF(ISBLANK(H13),"0",H13-H12) -> 59 | J13: =SUM(C13+E13+G13+I13) -> 10976 | K13: =J13*0.2 -> 2195.2 | M13: 9 | N13: 720 | O13: =IF(ISBLANK(N13),"0",N13-N12) -> 5 | P13: 262263 | Q13: =IF(ISBLANK(P13),"0",P13-P12) -> 85 | R13: 1459 | S13: =IF(ISBLANK(R13),"0",R13-R12) -> 1 | T13: 2124 | U13: =IF(ISBLANK(T13),"0",T13-T12) -> 3 | V13: =O13+Q13+S13+U13 -> 94 | W13: =V13*7.84 -> 736.96 | Y13: 9 | Z13: 78338300 | AA13: =(Z13-Z12)*(0.2843451361) -> 3810.2248 | AB13: =IF(ISBLANK(Z13),"0",(Z13-Z12)*(0.3449)) -> 4621.66 | AD13: 2254.2 | AE13: 1121.12 | AF13: 5075.5234 | AG13: 0.6014 | AH13: 301 | AI13: =AG13*414 -> 248.9796
A14: 10 | B14: 21151516 | C14: =IF(ISBLANK(B14),"0",B14-B13) -> 4224 | D14: 25411166 | E14: =IF(ISBLANK(D14),"0",D14-D13) -> 4483 | F14: 17220659 | G14: =IF(ISBLANK(F14),"0",F14-F13) -> 2504 | H14: 364272 | I14: =IF(ISBLANK(H14),"0",H14-H13) -> 62 | J14: =SUM(C14+E14+G14+I14) -> 11273 | K14: =J14*0.2 -> 2254.6 | M14: 10 | N14: 720 | O14: =IF(ISBLANK(N14),"0",N14-N13) -> 0 | P14: 262336 | Q14: =IF(ISBLANK(P14),"0",P14-P13) -> 73 | R14: 1459 | S14: =IF(ISBLANK(R14),"0",R14-R13) -> 0 | T14: 2124 | U14: =IF(ISBLANK(T14),"0",T14-T13) -> 0 | V14: =O14+Q14+S14+U14 -> 73 | W14: =V14*7.84 -> 572.32 | Y14: 10 | Z14: 78351700 | AA14: =(Z14-Z13)*(0.2843451361) -> 3810.2248 | AB14: =IF(ISBLANK(Z14),"0",(Z14-Z13)*(0.3449)) -> 4621.66 | AD14: 2166.2 | AE14: 870.24 | AF14: 5134.2463 | AG14: 0.7319 | AH14: 380 | AI14: =AG14*414 -> 303.0066
A15: 11 | B15: 21155539 | C15: =IF(ISBLANK(B15),"0",B15-B14) -> 4023 | D15: 25415567 | E15: =IF(ISBLANK(D15),"0",D15-D14) -> 4401 | F15: 17223144 | G15: =IF(ISBLANK(F15),"0",F15-F14) -> 2485 | H15: 364336 | I15: =IF(ISBLANK(H15),"0",H15-H14) -> 64 | J15: =SUM(C15+E15+G15+I15) -> 10973 | K15: =J15*0.2 -> 2194.6 | M15: 11 | N15: 721.47 | O15: =IF(ISBLANK(N15),"0",N15-N14) -> 1.47 | P15: 262427 | Q15: =IF(ISBLANK(P15),"0",P15-P14) -> 91 | R15: 1459.01 | S15: =IF(ISBLANK(R15),"0",R15-R14) -> 0.01 | T15: 2124.59 | U15: =IF(ISBLANK(T15),"0",T15-T14) -> 0.59 | V15: =O15+Q15+S15+U15 -> 93.07 | W15: =V15*7.84 -> 729.6688 | Y15: 11 | Z15: 78364900 | AA15: =(Z15-Z14)*(0.2843451361) -> 3753.3558 | AB15: =IF(ISBLANK(Z15),"0",(Z15-Z14)*(0.3449)) -> 4552.68 | AD15: 2225.6 | AE15: 823.2 | AF15: 5134.2463 | AG15: 0.7923 | AH15: 416 | AI15: =AG15*414 -> 328.0122
A16: 12 | B16: 21159805 | C16: =IF(ISBLANK(B16),"0",B16-B15) -> 4266 | D16: 25420215 | E16: =IF(ISBLANK(D16),"0",D16-D15) -> 4648 | F16: 17225733 | G16: =IF(ISBLANK(F16),"0",F16-F15) -> 2589 | H16: 364405 | I16: =IF(ISBLANK(H16),"0",H16-H15) -> 69 | J16: =SUM(C16+E16+G16+I16) -> 11572 | K16: =J16*0.2 -> 2314.4 | M16: 12 | N16: 722.07 | O16: =IF(ISBLANK(N16),"0",N16-N15) -> 0.6 | P16: 262537 | Q16: =IF(ISBLANK(P16),"0",P16-P15) -> 110 | R16: 1459.31 | S16: =IF(ISBLANK(R16),"0",R16-R15) -> 0.3 | T16: 2124.61 | U16: =IF(ISBLANK(T16),"0",T16-T15) -> 0.02 | V16: =O16+Q16+S16+U16 -> 110.92 | W16: =V16*7.84 -> 869.6128 | Y16: 12 | Z16: 78380000 | AA16: =(Z16-Z15)*(0.2843451361) -> 4293.6116 | AB16: =IF(ISBLANK(Z16),"0",(Z16-Z15)*(0.3449)) -> 5207.99 | AD16: 2296.4 | AE16: 721.28 | AF16: 5075.5234 | AG16: 0.7923 | AH16: 423 | AI16: =AG16*414 -> 328.0122
... A35: 31 | B35: 21239472 | C35: =IF(ISBLANK(B35),"0",B35-B34) -> 4280 | D35: 25503767 | E35: =IF(ISBLANK(D35),"0",D35-D34) -> 4472 | F35: 17272740 | G35: =IF(ISBLANK(F35),"0",F35-F34) -> 2461 | H35: 365508 | I35: =IF(ISBLANK(H35),"0",H35-H34) -> 62 | J35: =SUM(C35+E35+G35+I35) -> 11275 | K35: =J35*0.2 -> 2255 | M35: 31 | N35: 727 | O35: =IF(ISBLANK(N35),"0",N35-N34) -> 0 | P35: 264259 | Q35: =IF(ISBLANK(P35),"0",P35-P34) -> 124 | R35: 1461 | S35: =IF(ISBLANK(R35),"0",R35-R34) -> 0 | T35: 2131 | U35: =IF(ISBLANK(T35),"0",T35-T34) -> 1 | V35: =O35+Q35+S35+U35 -> 125 | W35: =V35*7.84 -> 980 | Y35: 31 | Z35: 78624000 | AA35: =(Z35-Z34)*(0.2843451361) -> 4009.2664 | AB35: =IF(ISBLANK(Z35),"0",(Z35-Z34)*(0.3449)) -> 4863.09 | AD35: 2393.8 | AE35: 893.76 | AF35: 5251.6922 | AG35: 0.756 | AH35: 446 | AI35: =AG35*414 -> 312.984
N36: TOTAL M3 | O36: TOTAL AED | P36: TOTAL M3 | Q36: TOTAL AED | R36: TOTAL M3 | S36: TOTAL AED | T36: TOTAL M3 | U36: TOTAL AED | V36: Total M3 MTD | W36: Total AED MTD | Z36: TOTAL KWH | AB36: TOTAL AED MTD | AG36: =AVERAGE(AG5:AG35) -> 0.66533871 | AH36: =SUM(AH5:AH35) -> 10775 | AI36: =SUM(AI5:AI35) -> 8538.957
N37: =SUM(O5:O35) -> 15.79 | O37: =N37*7.84 -> 123.7936 | P37: =SUM(Q5:Q35) -> 2709 | Q37: =P37*7.84 -> 21238.56 | R37: =SUM(S5:S35) -> 2.77 | S37: =R37*7.84 -> 21.7168 | T37: =SUM(U5:U35) -> 12.6 | U37: =T37*7.84 -> 98.784 | V37: =SUM(V5:V35) -> 2740.16 | W37: =SUM(W5:W35) -> 21482.854 | Z37: =SUM(Z5:Z35) -> 2431352200 | AB37: =SUM(AB5:AB35) -> 131993.23
B38: Total electricity consumption for hotel tower
B40: ELECTRICITY (KWh) | F40: TOTAL KWh
B41: =SUM(C5:C35) -> 130540 | C41: =SUM(E5:E35) -> 135450 | D41: =SUM(G5:G35) -> 76630 | E41: =SUM(I5:I35) -> 1786 | F41: =SUM(B41:E41) -> 344406
B42: AED | F42: TOTAL AED
B43: =B41*0.2 -> 26108 | C43: =C41*0.2 -> 27090 | D43: =D41*0.2 -> 15326 | E43: =E41*0.2 -> 357.2 | F43: =SUM(B43:E43) -> 68881.2
B44: 45717 | D44: =TODAY() -> 45824 | E44: 31
C47: Monthly Budget | D47: Daily Budget | E47: MTD Average | F47: MTD Budget | G47: MTD Actual
A48: Electricity | C48: 73350 | D48: =C48/31 -> 2366.129 | E48: =F43/E44 -> 2221.9742 | F48: =D48*E44 -> 73350 | G48: =F43 -> 68881.2
A49: Water | C49: 22396 | D49: =C49/31 -> 722.45161 | E49: =W37/E44 -> 692.9953 | F49: =D49*E44 -> 22396 | G49: =W37 -> 21482.854
A50: Chilled Water | C50: 165282 | D50: =C50/31 -> 5331.6774 | E50: =AB37/E44 -> 4257.8461 | F50: =D50*E44 -> 165282 | G50: =AB37 -> 131993.23
