Workbook

Sheet Total
A1: Site Name | B1: Day | C1: Month | D1: Year | E1: Total Electricity Kwh | F1: Electricity Tariff ($/Kwh) | G1: LPG (Liters) | H1: LPG $/Liters | I1: Water Utility Supply (m3) m3 | J1: Water Utility Supply (m3) $/m3 | K1: Room Nights | L1: Total Guests
A2: Park Rotana and Park Arjaan Abu Dhabi | B2: 1 | C2: 1 | D2: 2024 | E2: =Electricity!E23/31 -> 29070.187 | F2: 0.2 | G2: =LPG!C36/31 -> 2369.6348 | H2: 1.63 | I2: =Water!E17/31 -> 285.3871 | J2: 7.84 | K2: ='Occupied & No. of Guest'!B3 -> 349 | L2: ='Occupied & No. of Guest'!C3 -> 657
A3: Park Rotana and Park Arjaan Abu Dhabi | B3: =B2+1 -> 2 | C3: 1 | D3: 2024 | E3: 29070.187 | F3: 0.2 | G3: 2369.6348 | H3: 1.63 | I3: 285.3871 | J3: 7.84 | K3: ='Occupied & No. of Guest'!B4 -> 367 | L3: ='Occupied & No. of Guest'!C4 -> 668
A4: Park Rotana and Park Arjaan Abu Dhabi | B4: =B3+1 -> 3 | C4: 1 | D4: 2024 | E4: 29070.187 | F4: 0.2 | G4: 2369.6348 | H4: 1.63 | I4: 285.3871 | J4: 7.84 | K4: ='Occupied & No. of Guest'!B5 -> 337 | L4: ='Occupied & No. of Guest'!C5 -> 601
A5: Park Rotana and Park Arjaan Abu Dhabi | B5: =B4+1 -> 4 | C5: 1 | D5: 2024 | E5: 29070.187 | F5: 0.2 | G5: 2369.6348 | H5: 1.63 | I5: 285.3871 | J5: 7.84 | K5: ='Occupied & No. of Guest'!B6 -> 330 | L5: ='Occupied & No. of Guest'!C6 -> 570
A6: Park Rotana and Park Arjaan Abu Dhabi | B6: =B5+1 -> 5 | C6: 1 | D6: 2024 | E6: 29070.187 | F6: 0.2 | G6: 2369.6348 | H6: 1.63 | I6: 285.3871 | J6: 7.84 | K6: ='Occupied & No. of Guest'!B7 -> 312 | L6: ='Occupied & No. of Guest'!C7 -> 556
A7: Park Rotana and Park Arjaan Abu Dhabi | B7: =B6+1 -> 6 | C7: 1 | D7: 2024 | E7: 29070.187 | F7: 0.2 | G7: 2369.6348 | H7: 1.63 | I7: 285.3871 | J7: 7.84 | K7: ='Occupied & No. of Guest'!B8 -> 304 | L7: ='Occupied & No. of Guest'!C8 -> 548
A8: Park Rotana and Park Arjaan Abu Dhabi | B8: =B7+1 -> 7 | C8: 1 | D8: 2024 | E8: 29070.187 | F8: 0.2 | G8: 2369.6348 | H8: 1.63 | I8: 285.3871 | J8: 7.84 | K8: ='Occupied & No. of Guest'!B9 -> 322 | L8: ='Occupied & No. of Guest'!C9 -> 508
A9: Park Rotana and Park Arjaan Abu Dhabi | B9: =B8+1 -> 8 | C9: 1 | D9: 2024 | E9: 29070.187 | F9: 0.2 | G9: 2369.6348 | H9: 1.63 | I9: 285.3871 | J9: 7.84 | K9: ='Occupied & No. of Guest'!B10 -> 348 | L9: ='Occupied & No. of Guest'!C10 -> 527
A10: Park Rotana and Park Arjaan Abu Dhabi | B10: =B9+1 -> 9 | C10: 1 | D10: 2024 | E10: 29070.187 | F10: 0.2 | G10: 2369.6348 | H10: 1.63 | I10: 285.3871 | J10: 7.84 | K10: ='Occupied & No. of Guest'!B11 -> 389 | L10: ='Occupied & No. of Guest'!C11 -> 605
A11: Park Rotana and Park Arjaan Abu Dhabi | B11: =B10+1 -> 10 | C11: 1 | D11: 2024 | E11: 29070.187 | F11: 0.2 | G11: 2369.6348 | H11: 1.63 | I11: 285.3871 | J11: 7.84 | K11: ='Occupied & No. of Guest'!B12 -> 372 | L11: ='Occupied & No. of Guest'!C12 -> 585
A12: Park Rotana and Park Arjaan Abu Dhabi | B12: =B11+1 -> 11 | C12: 1 | D12: 2024 | E12: 29070.187 | F12: 0.2 | G12: 2369.6348 | H12: 1.63 | I12: 285.3871 | J12: 7.84 | K12: ='Occupied & No. of Guest'!B13 -> 424 | L12: ='Occupied & No. of Guest'!C13 -> 709
A13: Park Rotana and Park Arjaan Abu Dhabi | B13: =B12+1 -> 12 | C13: 1 | D13: 2024 | E13: 29070.187 | F13: 0.2 | G13: 2369.6348 | H13: 1.63 | I13: 285.3871 | J13: 7.84 | K13: ='Occupied & No. of Guest'!B14 -> 323 | L13: ='Occupied & No. of Guest'!C14 -> 526
A14: Park Rotana and Park Arjaan Abu Dhabi | B14: =B13+1 -> 13 | C14: 1 | D14: 2024 | E14: 29070.187 | F14: 0.2 | G14: 2369.6348 | H14: 1.63 | I14: 285.3871 | J14: 7.84 | K14: ='Occupied & No. of Guest'!B15 -> 310 | L14: ='Occupied & No. of Guest'!C15 -> 478
... A32: Park Rotana and Park Arjaan Abu Dhabi | B32: =B31+1 -> 31 | C32: 1 | D32: 2024 | E32: 29070.187 | F32: 0.2 | G32: 2369.6348 | H32: 1.63 | I32: 285.3871 | J32: 7.84 | K32: ='Occupied & No. of Guest'!B33 -> 454 | L32: ='Occupied & No. of Guest'!C33 -> 725

Sheet Electricity
A2: DAILY ELECTRICITY METER READINGS & CONSUMPTION JANUARY 2024
A4: S/N | B4: METER NUMBER &LOCATION | C4: AREA SERVED | D4: Last Month Final Readings | E4: 1 | F4: 2 | G4: 3 | H4: 4 | I4: 5 | J4: 6 | K4: 7 | L4: 8 | M4: 9 | N4: 10 | O4: 11 | P4: 12 | Q4: 13 | R4: 14 | S4: 15 | T4: 16 | U4: 17 | V4: 18 | W4: 19 | X4: 20 | Y4: 21 | Z4: 22 | AA4: 23 | AB4: 24 | AC4: 25 | AD4: 26 | AE4: 27 | AF4: 28 | AG4: 29 | AH4: 30 | AI4: 31
A5: 1 | B5: I5T18D002265/ No. 72039516 | C5: Hotel & Arjaan incomer 1 (Kilowatt) | D5: 6819153 | E5: 6839735 | F5: 6860046 | G5: 6880825 | H5: 6902510 | I5: 6924184 | J5: 6946294 | K5: 6967650 | L5: 6989323 | M5: 7010566 | N5: 7031419 | O5: 7052548 | P5: 7071973 | Q5: 7092861 | R5: 7113754 | S5: 7134339 | T5: 7155217 | U5: 7177341 | V5: 7200128 | W5: 7221982 | X5: 7243485 | Y5: 7264410 | Z5: 7285775 | AA5: 7306760 | AB5: 7327397 | AC5: 7348574 | AD5: 7369187 | AE5: 7390397 | AF5: 7411691 | AG5: 7432753 | AH5: 7453630 | AI5: 7475347
E6: =E5-D5 -> 20582 | F6: =F5-E5 -> 20311 | G6: =G5-F5 -> 20779 | H6: =H5-G5 -> 21685 | I6: =I5-H5 -> 21674 | J6: =J5-I5 -> 22110 | K6: =K5-J5 -> 21356 | L6: =L5-K5 -> 21673 | ... AI6: =AI5-AH5 -> 21717
A7: 2 | B7: I5T18D002266/ No. 72039517 | C7: Hotel & Arjaan incomer 2 (Kilowatt) | D7: 620 | E7: 620 | F7: 620 | G7: 620 | H7: 620 | I7: 620 | J7: 620 | K7: 620 | L7: 620 | M7: 620 | N7: 620 | O7: 620 | P7: 620 | Q7: 620 | R7: 620 | S7: 620 | T7: 620 | U7: 620 | V7: 620 | W7: 620 | X7: 620 | Y7: 620 | Z7: 620 | AA7: 620 | AB7: 620 | AC7: 620 | AD7: 620 | AE7: 620 | AF7: 620 | AG7: 620 | AH7: 620 | AI7: 620
E8: =E7-D7 -> 0 | F8: 620 | G8: =G7-F7 -> 0 | H8: =H7-G7 -> 0 | I8: =I7-H7 -> 0 | J8: =J7-I7 -> 0 | K8: =K7-J7 -> 0 | L8: =L7-K7 -> 0 | M8: =M7-L7 -> 0 | N8: =N7-M7 -> 0 | ... AB8: =AB7-AA7 -> 0 | AC8: 0 | AD8: =AD7-AC7 -> 0 | AE8: =AE7-AD7 -> 0 | AF8: =AF7-AE7 -> 0 | AG8: =AG7-AF7 -> 0 | AH8: =AH7-AG7 -> 0 | AI8: =AI7-AH7 -> 0
A9: 3 | B9: I5T18D002318 / 72039569 | C9: Chillers (SMDB CH 1) (Kilowatt) | D9: 8560566 | E9: 8574767 | F9: 8586016 | G9: 8603190 | H9: 8620657 | I9: 8638563 | J9: 8657503 | K9: 8674708 | L9: 8690306 | M9: 8697485 | N9: 8708473 | O9: 8715292 | P9: 8729441 | Q9: 8742374 | R9: 8753741 | S9: 8770933 | T9: 8789293 | U9: 8799514 | V9: 8818723 | W9: 8836687 | X9: 8854022 | Y9: 8870609 | Z9: 8879788 | AA9: 8883054 | AB9: 8886259 | AC9: 8893316 | AD9: 8911799 | AE9: 8927053 | AF9: 8942822 | AG9: 8957293 | AH9: 8974121 | AI9: 8991675
E10: =E9-D9 -> 14201 | F10: =F9-E9 -> 11249 | G10: =G9-F9 -> 17174 | H10: =H9-G9 -> 17467 | I10: =I9-H9 -> 17906 | J10: =J9-I9 -> 18940 | K10: =K9-J9 -> 17205 | L10: =L9-K9 -> 15598 | ... AI10: =AI9-AH9 -> 17554
A11: 4 | B11: I5T18D002317 / 72039568 | C11: Chillers (SMDB CH 2) (Kilowatt) | D11: 4127991 | E11: 4140017 | F11: 4153317 | G11: 4160960 | H11: 4167059 | I11: 4170141 | J11: 4173192 | K11: 4177917 | L11: 4184120 | M11: 4196151 | N11: 4204643 | O11: 4217212 | P11: 4219157 | Q11: 4221152 | R11: 4227675 | S11: 4228747 | T11: 4230480 | U11: 4234201 | V11: 4238010 | W11: 4239794 | X11: 4240991 | Y11: 4242142 | Z11: 4251247 | AA11: 4266479 | AB11: 4281303 | AC11: 4286121 | AD11: 4289575 | AE11: 4293196 | AF11: 4296815 | AG11: 4300282 | AH11: 4303157 | AI11: 4305534
E12: =E11-D11 -> 12026 | F12: =F11-E11 -> 13300 | G12: =G11-F11 -> 7643 | H12: =H11-G11 -> 6099 | I12: =I11-H11 -> 3082 | J12: =J11-I11 -> 3051 | K12: =K11-J11 -> 4725 | L12: =L11-K11 -> 6203 | ... AI12: =AI11-AH11 -> 2377
A13: 7 | B13: E5T09D035490 | C13: Fire Pump 2 S (Kwh) | D13: 3188 | E13: 3188 | F13: 3188 | G13: 3188 | H13: 3192 | I13: 3192 | J13: 3192 | K13: 3192 | L13: 3192 | M13: 3192 | N13: 3192 | O13: 3202 | P13: 3202 | Q13: 3202 | R13: 3202 | S13: 3202 | T13: 3202 | U13: 3210 | V13: 3210 | W13: 3210 | X13: 3213 | Y13: 3213 | Z13: 3213 | AA13: 3213 | AB13: 3213 | AC13: 3213 | AD13: 3213 | AE13: 3213 | AF13: 3213 | AG13: 3213 | AH13: 3213 | AI13: 3213
E14: =E13-D13 -> 0 | F14: =F13-E13 -> 0 | G14: 0 | H14: =H13-G13 -> 4 | I14: =I13-H13 -> 0 | J14: =J13-I13 -> 0 | K14: =K13-J13 -> 0 | L14: =L13-K13 -> 0 | M14: =M13-L13 -> 0 | N14: =N13-M13 -> 0 | O14: =O13-N13 -> 10 | ... AI14: =AI13-AH13 -> 0
A15: 8 | B15: E5TO9D035489 | C15: Fire Pump 1 S (Kwh) | D15: 436 | E15: 437 | F15: 437 | G15: 437 | H15: 437 | I15: 437 | J15: 437 | K15: 437 | L15: 437 | M15: 437 | N15: 438 | O15: 444 | P15: 444 | Q15: 444 | R15: 444 | S15: 444 | T15: 444 | U15: 444 | V15: 444 | W15: 444 | X15: 444 | Y15: 444 | Z15: 444 | AA15: 444 | AB15: 445 | AC15: 445 | AD15: 445 | AE15: 445 | AF15: 445 | AG15: 445 | AH15: 445 | AI15: 445
E16: =E15-D15 -> 1 | F16: =F15-E15 -> 0 | G16: =G15-F15 -> 0 | H16: =H15-G15 -> 0 | I16: =I15-H15 -> 0 | J16: =J15-I15 -> 0 | K16: =K15-J15 -> 0 | L16: =L15-K15 -> 0 | ... AI16: =AI15-AH15 -> 0
A17: 13 | B17: E5T09D034337 | C17: SMDB Spa S (Kwh) | D17: 1367840 | E17: 1368126 | F17: 1368408 | G17: 1368678 | H17: 1368994 | I17: 1369282 | J17: 1369652 | K17: 1369853 | L17: 1370145 | M17: 1370464 | N17: 1370769 | O17: 1371040 | P17: 1371333 | Q17: 1371592 | R17: 1371874 | S17: 1372153 | T17: 1372436 | U17: 1372713 | V17: 1372998 | W17: 1373312 | X17: 1373583 | Y17: 1373920 | Z17: 1374207 | AA17: 1374495 | AB17: 1374785 | AC17: 1375060 | AD17: 1375339 | AE17: 1375630 | AF17: 1375929 | AG17: 1376217 | AH17: 1376508 | AI17: 1376789
E18: =E17-D17 -> 286 | F18: =F17-E17 -> 282 | G18: =G17-F17 -> 270 | H18: =H17-G17 -> 316 | I18: =I17-H17 -> 288 | J18: =J17-I17 -> 370 | K18: =K17-J17 -> 201 | L18: =L17-K17 -> 292 | ... AI18: =AI17-AH17 -> 281
A19: 14 | B19: E5T09D034327 | C19: Hotel Gym S (Kwh) | D19: 370199 | E19: 370245 | F19: 370292 | G19: 370341 | H19: 370388 | I19: 370435 | J19: 370484 | K19: 370530 | L19: 370580 | M19: 370629 | N19: 370678 | O19: 370724 | P19: 370775 | Q19: 370820 | R19: 370868 | S19: 370915 | T19: 370964 | U19: 371017 | V19: 371064 | W19: 371113 | X19: 371163 | Y19: 371211 | Z19: 371259 | AA19: 371308 | AB19: 371356 | AC19: 371402 | AD19: 371450 | AE19: 371492 | AF19: 371535 | AG19: 371579 | AH19: 371627 | AI19: 371674
E20: =E19-D19 -> 46 | F20: =F19-E19 -> 47 | G20: =G19-F19 -> 49 | H20: =H19-G19 -> 47 | I20: =I19-H19 -> 47 | J20: =J19-I19 -> 49 | K20: =K19-J19 -> 46 | L20: =L19-K19 -> 50 | ... AI20: =AI19-AH19 -> 47
B21: Total Daily Consumption (kw) | E21: =((E6+E8)+((E10+E12)*40%)+(E14+E16+E18+E20)) -> 31405.8 | F21: =((F6+F8)+((F10+F12)*40%)+(F14+F16+F18+F20)) -> 31079.6 | G21: =((G6+G8)+((G10+G12)*40%)+(G14+G16+G18+G20)) -> 31024.8 | H21: =((H6+H8)+((H10+H12)*40%)+(H14+H16+H18+H20)) -> 31478.4 | I21: =((I6+I8)+((I10+I12)*40%)+(I14+I16+I18+I20)) -> 30404.2 | J21: =((J6+J8)+((J10+J12)*40%)+(J14+J16+J18+J20)) -> 31325.4 | K21: =((K6+K8)+((K10+K12)*40%)+(K14+K16+K18+K20)) -> 30375 | L21: =((L6+L8)+((L10+L12)*40%)+(L14+L16+L18+L20)) -> 30735.4 | ... AI21: =((AI6+AI8)+((AI10+AI12)*40%)+(AI14+AI16+AI18+AI20)) -> 30017.4
B22: Total Monthly Consumption (kw) | E22: =SUM(E21:AI21) -> 910732.8
B23: From Technical Report | E23: 901175.8

Sheet Water
B2: DAILY WATER METER READINGS & CONSUMPTION (m3) JANUARY 2024
A4: S/N | B4: METER NUMBER & LOCATION | C4: AREA SERVED | D4: LAST MONTH'S FINAL READING | E4: 1 | F4: 2 | G4: 3 | H4: 4 | I4: 5 | J4: 6 | K4: 7 | L4: 8 | M4: 9 | N4: 10 | O4: 11 | P4: 12 | Q4: 13 | R4: 14 | S4: 15 | T4: 16 | U4: 17 | V4: 18 | W4: 19 | X4: 20 | Y4: 21 | Z4: 22 | AA4: 23 | AB4: 24 | AC4: 25 | AD4: 26 | AE4: 27 | AF4: 28 | AG4: 29 | AH4: 30 | AI4: 31
A5: 1 | B5: 48242051 (Hotel & Arjaan Main Meter) | C5: Hotel & Arjaan / Raw Water Tank for Hotel,Arjaan,Kitchen,Laundry,Staff Locker,Hotel Swimming Pool | D5: 75364 | E5: 75626 | F5: 75875 | G5: 76094 | H5: 76303 | I5: 76543 | J5: 76715 | K5: 76950 | L5: 77152 | M5: 77356 | N5: 77562 | O5: 77777 | P5: 78000 | Q5: 78213 | R5: 78415 | S5: 78604 | T5: 78815 | U5: 79042 | V5: 79265 | W5: 79513 | X5: 79754 | Y5: 79978 | Z5: 80214 | AA5: 80452 | AB5: 80722 | AC5: 80990 | AD5: 81265 | AE5: 81558 | AF5: 81832 | AG5: 82120 | AH5: 82393 | AI5: 82662
E6: =E5-D5 -> 262 | F6: =F5-E5 -> 249 | G6: =G5-F5 -> 219 | H6: =H5-G5 -> 209 | I6: =I5-H5 -> 240 | J6: =J5-I5 -> 172 | K6: =K5-J5 -> 235 | L6: =L5-K5 -> 202 | ... AI6: =AI5-AH5 -> 269
A7: 3 | B7: EMK17100DA17081056 (Cooling Tower Meter) | C7: Cooling Towers, Irrigation Tank,CHW Make up Line,Residence Pool, Cooling Tower Blow Down | D7: 399734.1 | E7: 399750.2 | F7: 399768.1 | G7: 399780.2 | H7: 399798.2 | I7: 399816.7 | J7: 399831.6 | K7: 399847.2 | L7: 399862.2 | M7: 399878.1 | N7: 399899.1 | O7: 399903.3 | P7: 399922.6 | Q7: 399935.2 | R7: 399952.1 | S7: 399964 | T7: 399984.1 | U7: 400003.2 | V7: 400024.1 | W7: 400045.2 | X7: 400058 | Y7: 400073.1 | Z7: 400087 | AA7: 400101.5 | AB7: 400109.5 | AC7: 400121.3 | AD7: 400135.4 | AE7: 400146.2 | AF7: 400164.3 | AG7: 400175.1 | AH7: 400187.6 | AI7: 400202.8
E8: =E7-D7 -> 16.1 | F8: =F7-E7 -> 17.9 | G8: =G7-F7 -> 12.1 | H8: =H7-G7 -> 18 | I8: =I7-H7 -> 18.5 | J8: =J7-I7 -> 14.9 | K8: =K7-J7 -> 15.6 | L8: =L7-K7 -> 15 | ... AI8: =AI7-AH7 -> 15.2
A9: 4 | B9: 2045000686(Sub Meter) | C9: Irrigation water Tank | D9: 71874 | E9: 71874 | F9: 71885 | G9: 71885 | H9: 71898 | I9: 71918 | J9: 71918 | K9: 71922 | L9: 71922 | M9: 71928 | N9: 71928 | O9: 71928 | P9: 71952 | Q9: 71952 | R9: 71988 | S9: 71988 | T9: 72037 | U9: 72037 | V9: 72039 | W9: 72039 | X9: 72039 | Y9: 72039 | Z9: 72039 | AA9: 72039 | AB9: 72039 | AC9: 72039 | AD9: 72039 | AE9: 72040 | AF9: 72043 | AG9: 72043 | AH9: 72043 | AI9: 72043
E10: =E9-D9 -> 0 | F10: =F9-E9 -> 11 | G10: =G9-F9 -> 0 | H10: =H9-G9 -> 13 | I10: =I9-H9 -> 20 | J10: =J9-I9 -> 0 | K10: =K9-J9 -> 4 | L10: =L9-K9 -> 0 | ... AI10: =AI9-AH9 -> 0
A11: 5 | B11: 68864837 | C11: Hotel & Arjaan Spa | D11: 1725.337 | E11: 1726.631 | F11: 1728.21 | G11: 1729.375 | H11: 1731.082 | I11: 1732.862 | J11: 1734.542 | K11: 1735.978 | L11: 1737.707 | M11: 1739.626 | N11: 1742.853 | O11: 1745.164 | P11: 1747.203 | Q11: 1749.254 | R11: 1750.967 | S11: 1752.49 | T11: 1753.245 | U11: 1754.471 | V11: 1755.522 | W11: 1757.105 | X11: 1758.404 | Y11: 1759.894 | Z11: 1760.943 | AA11: 1762.255 | AB11: 1763.377 | AC11: 1765.551 | AD11: 1767.423 | AE11: 1770.267 | AF11: 1770.989 | AG11: 1772.128 | AH11: 1772.991 | AI11: 1774.226
E12: =E11-D11 -> 1.294 | F12: =F11-E11 -> 1.579 | G12: =G11-F11 -> 1.165 | H12: =H11-G11 -> 1.707 | I12: =I11-H11 -> 1.78 | J12: =J11-I11 -> 1.68 | K12: =K11-J11 -> 1.436 | L12: =L11-K11 -> 1.729 | ... AI12: =AI11-AH11 -> 1.235
A13: 6 | B13: 65296485 | C13: Hotel & Arjaan Gym | D13: 2099.013 | E13: 2100.347 | F13: 2102.357 | G13: 2105.769 | H13: 2105.769 | I13: 2108.595 | J13: 2109.265 | K13: 2111.135 | L13: 2111.771 | M13: 2112.808 | N13: 2114.011 | O13: 2114.852 | P13: 2115.989 | Q13: 2121.067 | R13: 2123.626 | S13: 2124.615 | T13: 2127.1 | U13: 2128.144 | V13: 2129.304 | W13: 2132.125 | X13: 2133.186 | Y13: 2134.092 | Z13: 2137.829 | AA13: 2139.806 | AB13: 2140.659 | AC13: 2143.44 | AD13: 2145.236 | AE13: 2146.506 | AF13: 2147.851 | AG13: 2149.716 | AH13: 2151.935 | AI13: 2155.273
E14: =E13-D13 -> 1.334 | F14: =F13-E13 -> 2.01 | G14: =G13-F13 -> 3.412 | H14: =H13-G13 -> 0 | I14: =I13-H13 -> 2.826 | J14: =J13-I13 -> 0.67 | K14: =K13-J13 -> 1.87 | L14: =L13-K13 -> 0.636 | ... AI14: =AI13-AH13 -> 3.338
B15: Total Daily Consumption (m3) | E15: =E6+((E8*45%)+(E10*45%)+(E12+E14)) -> 271.873 | F15: =F6+((F8*45%)+(F10*45%)+(F12+F14)) -> 265.594 | G15: =G6+((G8*45%)+(G10*45%)+(G12+G14)) -> 229.022 | H15: =H6+((H8*45%)+(H10*45%)+(H12+H14)) -> 224.657 | I15: =I6+((I8*45%)+(I10*45%)+(I12+I14)) -> 261.931 | J15: =J6+((J8*45%)+(J10*45%)+(J12+J14)) -> 181.055 | K15: =K6+((K8*45%)+(K10*45%)+(K12+K14)) -> 247.126 | L15: =L6+((L8*45%)+(L10*45%)+(L12+L14)) -> 211.115 | ... AI15: =AI6+((AI8*45%)+(AI10*45%)+(AI12+AI14)) -> 280.413
B16: Total Monthly Consumption (m3) | E16: =SUM(E15:AI15) -> 7690.114
B17: From Technical Report | E17: 8847

Sheet LPG
A1: DAILY GAS METER READINGS & CONSUMPTION (Liters) January 2024
A3: LAST MONTH'S FINAL READING | B3: 73459
A4: 1 | C4: 2370
A5: 2 | C5: 2369
A6: 3 | C6: 2369
A7: 4 | C7: 2369
A8: 5 | C8: 2369
A9: 6 | C9: 2369
A10: 7 | C10: 2369
A11: 8 | C11: 2369
A12: 9 | C12: 2369
A13: 10 | C13: 2369
A14: 11 | C14: 2370
A15: 12 | C15: 2370
... A34: 31 | C34: 2370
A35: TOTAL Consumption | C35: =SUM(C4:C34) -> 73459
A36: From Technical Report | C36: 73458.68

Sheet Occupied & No. of Guest
A1: Occupied Room & Number of Guest - January 2024
A2: Date | B2: Occupied | C2: # Guest
A3: 45292 | B3: 349 | C3: 657
A4: 45293 | B4: 367 | C4: 668
A5: 45294 | B5: 337 | C5: 601
A6: 45295 | B6: 330 | C6: 570
A7: 45296 | B7: 312 | C7: 556
A8: 45297 | B8: 304 | C8: 548
A9: 45298 | B9: 322 | C9: 508
A10: 45299 | B10: 348 | C10: 527
A11: 45300 | B11: 389 | C11: 605
A12: 45301 | B12: 372 | C12: 585
A13: 45302 | B13: 424 | C13: 709
A14: 45303 | B14: 323 | C14: 526
... A33: 45322 | B33: 454 | C33: 725
A34: TOTAL MTD | B34: =SUM(B3:B33) -> 12362 | C34: =SUM(C3:C33) -> 19575
