Workbook

Sheet Total
A1: Site Name | B1: Day | C1: Month | D1: Year | E1: Total Electricity Kwh | F1: Electricity Tariff ($/Kwh) | G1: LPG (Liters) | H1: LPG $/Liters | I1: Water Utility Supply (m3) m3 | J1: Water Utility Supply (m3) $/m3 | K1: Room Nights | L1: Total Guests
A2: Park Rotana and Park Arjaan Abu Dhabi | B2: 1 | C2: 11 | D2: 2024 | E2: =Electricity!E23/30 -> 37289.537 | F2: 0.2 | G2: =LPG!C36/30 -> 2524.9393 | H2: 1.67 | I2: =Water!E17/30 -> 349.61233 | J2: 7.84 | K2: ='Occupied & No. of Guest'!B3 -> 489 | L2: ='Occupied & No. of Guest'!C3 -> 710
A3: Park Rotana and Park Arjaan Abu Dhabi | B3: =B2+1 -> 2 | C3: 11 | D3: 2024 | E3: 37289.537 | F3: 0.2 | G3: 2524.9393 | H3: 1.67 | I3: 349.61233 | J3: 7.84 | K3: ='Occupied & No. of Guest'!B4 -> 457 | L3: ='Occupied & No. of Guest'!C4 -> 633
A4: Park Rotana and Park Arjaan Abu Dhabi | B4: =B3+1 -> 3 | C4: 11 | D4: 2024 | E4: 37289.537 | F4: 0.2 | G4: 2524.9393 | H4: 1.67 | I4: 349.61233 | J4: 7.84 | K4: ='Occupied & No. of Guest'!B5 -> 471 | L4: ='Occupied & No. of Guest'!C5 -> 590
A5: Park Rotana and Park Arjaan Abu Dhabi | B5: =B4+1 -> 4 | C5: 11 | D5: 2024 | E5: 37289.537 | F5: 0.2 | G5: 2524.9393 | H5: 1.67 | I5: 349.61233 | J5: 7.84 | K5: ='Occupied & No. of Guest'!B6 -> 485 | L5: ='Occupied & No. of Guest'!C6 -> 616
A6: Park Rotana and Park Arjaan Abu Dhabi | B6: =B5+1 -> 5 | C6: 11 | D6: 2024 | E6: 37289.537 | F6: 0.2 | G6: 2524.9393 | H6: 1.67 | I6: 349.61233 | J6: 7.84 | K6: ='Occupied & No. of Guest'!B7 -> 489 | L6: ='Occupied & No. of Guest'!C7 -> 621
A7: Park Rotana and Park Arjaan Abu Dhabi | B7: =B6+1 -> 6 | C7: 11 | D7: 2024 | E7: 37289.537 | F7: 0.2 | G7: 2524.9393 | H7: 1.67 | I7: 349.61233 | J7: 7.84 | K7: ='Occupied & No. of Guest'!B8 -> 484 | L7: ='Occupied & No. of Guest'!C8 -> 621
A8: Park Rotana and Park Arjaan Abu Dhabi | B8: =B7+1 -> 7 | C8: 11 | D8: 2024 | E8: 37289.537 | F8: 0.2 | G8: 2524.9393 | H8: 1.67 | I8: 349.61233 | J8: 7.84 | K8: ='Occupied & No. of Guest'!B9 -> 465 | L8: ='Occupied & No. of Guest'!C9 -> 618
A9: Park Rotana and Park Arjaan Abu Dhabi | B9: =B8+1 -> 8 | C9: 11 | D9: 2024 | E9: 37289.537 | F9: 0.2 | G9: 2524.9393 | H9: 1.67 | I9: 349.61233 | J9: 7.84 | K9: ='Occupied & No. of Guest'!B10 -> 483 | L9: ='Occupied & No. of Guest'!C10 -> 704
A10: Park Rotana and Park Arjaan Abu Dhabi | B10: =B9+1 -> 9 | C10: 11 | D10: 2024 | E10: 37289.537 | F10: 0.2 | G10: 2524.9393 | H10: 1.67 | I10: 349.61233 | J10: 7.84 | K10: ='Occupied & No. of Guest'!B11 -> 486 | L10: ='Occupied & No. of Guest'!C11 -> 715
A11: Park Rotana and Park Arjaan Abu Dhabi | B11: =B10+1 -> 10 | C11: 11 | D11: 2024 | E11: 37289.537 | F11: 0.2 | G11: 2524.9393 | H11: 1.67 | I11: 349.61233 | J11: 7.84 | K11: ='Occupied & No. of Guest'!B12 -> 444 | L11: ='Occupied & No. of Guest'!C12 -> 592
A12: Park Rotana and Park Arjaan Abu Dhabi | B12: =B11+1 -> 11 | C12: 11 | D12: 2024 | E12: 37289.537 | F12: 0.2 | G12: 2524.9393 | H12: 1.67 | I12: 349.61233 | J12: 7.84 | K12: ='Occupied & No. of Guest'!B13 -> 475 | L12: ='Occupied & No. of Guest'!C13 -> 630
A13: Park Rotana and Park Arjaan Abu Dhabi | B13: =B12+1 -> 12 | C13: 11 | D13: 2024 | E13: 37289.537 | F13: 0.2 | G13: 2524.9393 | H13: 1.67 | I13: 349.61233 | J13: 7.84 | K13: ='Occupied & No. of Guest'!B14 -> 488 | L13: ='Occupied & No. of Guest'!C14 -> 649
A14: Park Rotana and Park Arjaan Abu Dhabi | B14: =B13+1 -> 13 | C14: 11 | D14: 2024 | E14: 37289.537 | F14: 0.2 | G14: 2524.9393 | H14: 1.67 | I14: 349.61233 | J14: 7.84 | K14: ='Occupied & No. of Guest'!B15 -> 483 | L14: ='Occupied & No. of Guest'!C15 -> 621
... A31: Park Rotana and Park Arjaan Abu Dhabi | B31: =B30+1 -> 30 | C31: 11 | D31: 2024 | E31: 37289.537 | F31: 0.2 | G31: 2524.9393 | H31: 1.67 | I31: 349.61233 | J31: 7.84 | K31: ='Occupied & No. of Guest'!B32 -> 414 | L31: ='Occupied & No. of Guest'!C32 -> 613
A32: Park Rotana and Park Arjaan Abu Dhabi | B32: =B31+1 -> 31 | C32: 11 | D32: 2024 | E32: 0 | F32: 0.2 | G32: =LPG!C34 -> 0 | H32: 1.67 | I32: 0 | J32: 7.84 | K32: ='Occupied & No. of Guest'!B33 -> 0 | L32: ='Occupied & No. of Guest'!C33 -> 0

Sheet Electricity
A2: DAILY ELECTRICITY METER READINGS & CONSUMPTION NOVEMBER 2024
A4: S/N | B4: METER NUMBER &LOCATION | C4: AREA SERVED | D4: Last Month Final Readings | E4: 1 | F4: 2 | G4: 3 | H4: 4 | I4: 5 | J4: 6 | K4: 7 | L4: 8 | M4: 9 | N4: 10 | O4: 11 | P4: 12 | Q4: 13 | R4: 14 | S4: 15 | T4: 16 | U4: 17 | V4: 18 | W4: 19 | X4: 20 | Y4: 21 | Z4: 22 | AA4: 23 | AB4: 24 | AC4: 25 | AD4: 26 | AE4: 27 | AF4: 28 | AG4: 29 | AH4: 30
A5: 1 | B5: I5T18D002265/ No. 72039516 | C5: Hotel & Arjaan incomer 1 (Kilowatt) | D5: 13453438 | E5: 13476349 | F5: 13498989 | G5: 13521717 | H5: 13544867 | I5: 13567850 | J5: 13590642 | K5: 13613298 | L5: 13635617 | M5: 13657221 | N5: 13678667 | O5: 13701574 | P5: 13724324 | Q5: 13747583 | R5: 13769761 | S5: 13791350 | T5: 13813213 | U5: 13834812 | V5: 13857048 | W5: 13880990 | X5: 13904296 | Y5: 13927742 | Z5: 13950746 | AA5: 13973283 | AB5: 13995409 | AC5: 14017816 | AD5: 14040783 | AE5: 14062550 | AF5: 14085055 | AG5: 14107372 | AH5: 14129896
E6: =E5-D5 -> 22911 | F6: =F5-E5 -> 22640 | G6: =G5-F5 -> 22728 | H6: =H5-G5 -> 23150 | I6: =I5-H5 -> 22983 | J6: =J5-I5 -> 22792 | K6: =K5-J5 -> 22656 | L6: =L5-K5 -> 22319 | ... AH6: =AH5-AG5 -> 22524
A7: 2 | B7: I5T18D002266/ No. 72039517 | C7: Hotel & Arjaan incomer 2 (Kilowatt) | D7: 620 | E7: 620 | F7: 620 | G7: 620 | H7: 620 | I7: 620 | J7: 620 | K7: 620 | L7: 620 | M7: 620 | N7: 620 | O7: 620 | P7: 620 | Q7: 620 | R7: 620 | S7: 620 | T7: 620 | U7: 620 | V7: 620 | W7: 620 | X7: 620 | Y7: 620 | Z7: 620 | AA7: 620 | AB7: 620 | AC7: 620 | AD7: 620 | AE7: 620 | AF7: 620 | AG7: 620 | AH7: 620
E8: =E7-D7 -> 0 | F8: =F7-E7 -> 0 | G8: =G7-F7 -> 0 | H8: =H7-G7 -> 0 | I8: =I7-H7 -> 0 | J8: =J7-I7 -> 0 | K8: =K7-J7 -> 0 | L8: =L7-K7 -> 0 | ... AH8: =AH7-AG7 -> 0
A9: 3 | B9: I5T18D002318 / 72039569 | C9: Chillers (SMDB CH 1) (Kilowatt) | D9: 14713184 | E9: 14749149 | F9: 14784268 | G9: 14818289 | H9: 14852448 | I9: 14886749 | J9: 14921696 | K9: 14957038 | L9: 14990407 | M9: 15022487 | N9: 15053145 | O9: 15086437 | P9: 15119797 | Q9: 15153690 | R9: 15187720 | S9: 15219841 | T9: 15248281 | U9: 15279335 | V9: 15313648 | W9: 15348701 | X9: 15380787 | Y9: 15411614 | Z9: 15444015 | AA9: 15477102 | AB9: 15509599 | AC9: 15539951 | AD9: 15568880 | AE9: 15590414 | AF9: 15611004 | AG9: 15630054 | AH9: 15654891
E10: =E9-D9 -> 35965 | F10: =F9-E9 -> 35119 | G10: =G9-F9 -> 34021 | H10: =H9-G9 -> 34159 | I10: =I9-H9 -> 34301 | J10: =J9-I9 -> 34947 | K10: =K9-J9 -> 35342 | L10: =L9-K9 -> 33369 | ... AH10: =AH9-AG9 -> 24837
A11: 4 | B11: I5T18D002317 / 72039568 | C11: Chillers (SMDB CH 2) (Kilowatt) | D11: 10408799 | E11: 10413933 | F11: 10418966 | G11: 10425059 | H11: 10432116 | I11: 10438781 | J11: 10445459 | K11: 10452103 | L11: 10458710 | M11: 10465286 | N11: 10471718 | O11: 10477568 | P11: 10482583 | Q11: 10487672 | R11: 10492746 | S11: 10497719 | T11: 10502399 | U11: 10507512 | V11: 10510153 | W11: 10511805 | X11: 10513385 | Y11: 10515040 | Z11: 10516781 | AA11: 10518515 | AB11: 10520227 | AC11: 10523557 | AD11: 10528940 | AE11: 10539999 | AF11: 10554216 | AG11: 10566032 | AH11: 10568341
E12: =E11-D11 -> 5134 | F12: =F11-E11 -> 5033 | G12: =G11-F11 -> 6093 | H12: =H11-G11 -> 7057 | I12: =I11-H11 -> 6665 | J12: =J11-I11 -> 6678 | K12: =K11-J11 -> 6644 | L12: =L11-K11 -> 6607 | ... AH12: =AH11-AG11 -> 2309
A13: 7 | B13: E5T09D035490 | C13: Fire Pump 2 S (Kwh) | D13: 3331 | E13: 3331 | F13: 3331 | G13: 3331 | H13: 3332 | I13: 3332 | J13: 3332 | K13: 3332 | L13: 3350 | M13: 3350 | N13: 3365 | O13: 3365 | P13: 3365 | Q13: 3365 | R13: 3365 | S13: 3365 | T13: 3365 | U13: 3365 | V13: 3365 | W13: 3365 | X13: 3365 | Y13: 3365 | Z13: 3365 | AA13: 3365 | AB13: 3373 | AC13: 3373 | AD13: 3373 | AE13: 3373 | AF13: 3373 | AG13: 3373 | AH13: 3373
E14: =E13-D13 -> 0 | F14: =F13-E13 -> 0 | G14: =G13-F13 -> 0 | H14: =H13-G13 -> 1 | I14: =I13-H13 -> 0 | J14: =J13-I13 -> 0 | K14: =K13-J13 -> 0 | L14: =L13-K13 -> 18 | ... AH14: =AH13-AG13 -> 0
A15: 8 | B15: E5TO9D035489 | C15: Fire Pump 1 S (Kwh) | D15: 482 | E15: 483 | F15: 483 | G15: 483 | H15: 483 | I15: 483 | J15: 483 | K15: 483 | L15: 483 | M15: 483 | N15: 484 | O15: 484 | P15: 484 | Q15: 484 | R15: 484 | S15: 484 | T15: 485 | U15: 485 | V15: 485 | W15: 485 | X15: 485 | Y15: 485 | Z15: 485 | AA15: 485 | AB15: 486 | AC15: 486 | AD15: 487 | AE15: 487 | AF15: 487 | AG15: 487 | AH15: 487
E16: =E15-D15 -> 1 | F16: =F15-E15 -> 0 | G16: =G15-F15 -> 0 | H16: =H15-G15 -> 0 | I16: =I15-H15 -> 0 | J16: =J15-I15 -> 0 | K16: =K15-J15 -> 0 | L16: =L15-K15 -> 0 | ... AH16: =AH15-AG15 -> 0
A17: 13 | B17: E5T09D034337 | C17: SMDB Spa S (Kwh) | D17: 1449721 | E17: 1449973 | F17: 1450253 | G17: 1450478 | H17: 1450702 | I17: 1450925 | J17: 1451158 | K17: 1451420 | L17: 1451690 | M17: 1451957 | N17: 1452239 | O17: 1452528 | P17: 1452827 | Q17: 1453107 | R17: 1453373 | S17: 1453652 | T17: 1453921 | U17: 1454187 | V17: 1454478 | W17: 1454754 | X17: 1455032 | Y17: 1455312 | Z17: 1455599 | AA17: 1455874 | AB17: 1456162 | AC17: 1456452 | AD17: 1456724 | AE17: 1457008 | AF17: 1457287 | AG17: 1457554 | AH17: 1457853
E18: =E17-D17 -> 252 | F18: =F17-E17 -> 280 | G18: =G17-F17 -> 225 | H18: =H17-G17 -> 224 | I18: =I17-H17 -> 223 | J18: =J17-I17 -> 233 | K18: =K17-J17 -> 262 | L18: =L17-K17 -> 270 | ... AH18: =AH17-AG17 -> 299
A19: 14 | B19: E5T09D034327 | C19: Hotel Gym S (Kwh) | D19: 384783 | E19: 384849 | F19: 384875 | G19: 384926 | H19: 384972 | I19: 385020 | J19: 385067 | K19: 385114 | L19: 385159 | M19: 385202 | N19: 385251 | O19: 385298 | P19: 385344 | Q19: 385391 | R19: 385438 | S19: 385484 | T19: 385528 | U19: 385578 | V19: 385628 | W19: 385675 | X19: 385720 | Y19: 385765 | Z19: 385812 | AA19: 385857 | AB19: 385902 | AC19: 385947 | AD19: 385991 | AE19: 386036 | AF19: 386079 | AG19: 386125 | AH19: 386169
E20: =E19-D19 -> 66 | F20: =F19-E19 -> 26 | G20: =G19-F19 -> 51 | H20: =H19-G19 -> 46 | I20: =I19-H19 -> 48 | J20: =J19-I19 -> 47 | K20: =K19-J19 -> 47 | L20: =L19-K19 -> 45 | ... AH20: =AH19-AG19 -> 44
B21: Total Daily Consumption (kw) | E21: =((E6+E8)+((E10+E12)*40%)+(E14+E16+E18+E20)) -> 39669.6 | F21: =((F6+F8)+((F10+F12)*40%)+(F14+F16+F18+F20)) -> 39006.8 | G21: =((G6+G8)+((G10+G12)*40%)+(G14+G16+G18+G20)) -> 39049.6 | H21: =((H6+H8)+((H10+H12)*40%)+(H14+H16+H18+H20)) -> 39907.4 | I21: =((I6+I8)+((I10+I12)*40%)+(I14+I16+I18+I20)) -> 39640.4 | J21: =((J6+J8)+((J10+J12)*40%)+(J14+J16+J18+J20)) -> 39722 | K21: =((K6+K8)+((K10+K12)*40%)+(K14+K16+K18+K20)) -> 39759.4 | L21: =((L6+L8)+((L10+L12)*40%)+(L14+L16+L18+L20)) -> 38642.4 | ... AH21: =((AH6+AH8)+((AH10+AH12)*40%)+(AH14+AH16+AH18+AH20)) -> 33725.4
B22: Total Monthly Consumption (kw) | E22: =SUM(E21:AI21) -> 1126522.6
B23: From Technical Report | E23: 1118686.1

Sheet LPG
A1: DAILY GAS METER READINGS & CONSUMPTION (Liters) NOVEMBER 2024
A3: LAST MONTH'S FINAL READING | B3: 75748
A4: 1 | C4: =B3/30 -> 2524.9333
A5: 2 | C5: 2524.9333
A6: 3 | C6: 2524.9333
A7: 4 | C7: 2524.9333
A8: 5 | C8: 2524.9333
A9: 6 | C9: 2524.9333
A10: 7 | C10: 2524.9333
A11: 8 | C11: 2524.9333
A12: 9 | C12: 2524.9333
A13: 10 | C13: 2524.9333
A14: 11 | C14: 2524.9333
A15: 12 | C15: 2524.9333
A16: 13 | C16: 2524.9333
... A33: 30 | C33: 2524.9333
A34: 31
A35: TOTAL Consumption | C35: =SUM(C4:C34) -> 75748
A36: From Technical Report | C36: 75748.18

Sheet Water
B2: DAILY WATER METER READINGS & CONSUMPTION (m3) NOVEMBER 2024
A4: S/N | B4: METER NUMBER & LOCATION | C4: AREA SERVED | D4: LAST MONTH'S FINAL READING | E4: 1 | F4: 2 | G4: 3 | H4: 4 | I4: 5 | J4: 6 | K4: 7 | L4: 8 | M4: 9 | N4: 10 | O4: 11 | P4: 12 | Q4: 13 | R4: 14 | S4: 15 | T4: 16 | U4: 17 | V4: 18 | W4: 19 | X4: 20 | Y4: 21 | Z4: 22 | AA4: 23 | AB4: 24 | AC4: 25 | AD4: 26 | AE4: 27 | AF4: 28 | AG4: 29 | AH4: 30
A5: 1 | B5: 48242051 (Hotel & Arjaan Main Meter) | C5: Hotel & Arjaan / Raw Water Tank for Hotel,Arjaan,Kitchen,Laundry,Staff Locker,Hotel Swimming Pool | D5: 163380 | E5: 163636 | F5: 163874 | G5: 164124 | H5: 164393 | I5: 164676 | J5: 164906 | K5: 165134 | L5: 165364 | M5: 165596 | N5: 165879 | O5: 166128 | P5: 166365 | Q5: 166579 | R5: 166798 | S5: 167055 | T5: 167286 | U5: 167548 | V5: 167805 | W5: 168028 | X5: 168256 | Y5: 168530 | Z5: 168762 | AA5: 168999 | AB5: 169220 | AC5: 169440 | AD5: 169650 | AE5: 169886 | AF5: 170163 | AG5: 170385 | AH5: 170611
E6: =E5-D5 -> 256 | F6: =F5-E5 -> 238 | G6: =G5-F5 -> 250 | H6: =H5-G5 -> 269 | I6: =I5-H5 -> 283 | J6: =J5-I5 -> 230 | K6: =K5-J5 -> 228 | L6: =L5-K5 -> 230 | ... AH6: =AH5-AG5 -> 226
A7: 3 | B7: EMK17100DA17081056 (Cooling Tower Meter) | C7: Cooling Towers, Irrigation Tank,CHW Make up Line,Residence Pool, Cooling Tower Blow Down | D7: 407967.5 | E7: 407994.2 | F7: 408013.5 | G7: 408043 | H7: 408069.4 | I7: 408093.1 | J7: 408119.2 | K7: 408145.7 | L7: 408171.5 | M7: 408189.8 | N7: 408215.9 | O7: 408240.2 | P7: 408267.1 | Q7: 408292.5 | R7: 408311.9 | S7: 408340 | T7: 408359 | U7: 408380 | V7: 408407 | W7: 408425.7 | X7: 408445.9 | Y7: 408468.7 | Z7: 408490.6 | AA7: 408507.5 | AB7: 408530.5 | AC7: 408555.9 | AD7: 408580.8 | AE7: 408603.9 | AF7: 408625.6 | AG7: 408647 | AH7: 408662.6
E8: =E7-D7 -> 26.7 | F8: =F7-E7 -> 19.3 | G8: =G7-F7 -> 29.5 | H8: =H7-G7 -> 26.4 | I8: =I7-H7 -> 23.7 | J8: =J7-I7 -> 26.1 | K8: =K7-J7 -> 26.5 | L8: =L7-K7 -> 25.8 | ... AH8: =AH7-AG7 -> 15.6
A9: 4 | B9: 2045000686(Sub Meter) | C9: Irrigation water Tank | D9: 24455 | E9: 24602 | F9: 24613 | G9: 24782 | H9: 24920 | I9: 25033 | J9: 25154 | K9: 25270 | L9: 25421 | M9: 25421 | N9: 25589 | O9: 25703 | P9: 25834 | Q9: 25956 | R9: 25956 | S9: 26127 | T9: 26201 | U9: 26286 | V9: 26447 | W9: 26476 | X9: 26564 | Y9: 26672 | Z9: 26793 | AA9: 26798 | AB9: 26922 | AC9: 27061 | AD9: 27181 | AE9: 27279 | AF9: 27383 | AG9: 27478 | AH9: 27483
E10: =E9-D9 -> 147 | F10: =F9-E9 -> 11 | G10: =G9-F9 -> 169 | H10: =H9-G9 -> 138 | I10: =I9-H9 -> 113 | J10: =J9-I9 -> 121 | K10: =K9-J9 -> 116 | L10: =L9-K9 -> 151 | ... AH10: =AH9-AG9 -> 5
A11: 5 | B11: 68864837 | C11: Hotel & Arjaan Spa | D11: 2298.821 | E11: 2301.252 | F11: 2303.832 | G11: 2306.005 | H11: 2307.93 | I11: 2309.874 | J11: 2311.765 | K11: 2312.944 | L11: 2314.621 | M11: 2314.621 | N11: 2318.536 | O11: 2320.231 | P11: 2321.914 | Q11: 2323.392 | R11: 2326.368 | S11: 2326.705 | T11: 2327.951 | U11: 2329.112 | V11: 2330.336 | W11: 2331.515 | X11: 2333.169 | Y11: 2334.497 | Z11: 2335.737 | AA11: 2336.839 | AB11: 2337.159 | AC11: 2339.902 | AD11: 2341.416 | AE11: 2342.644 | AF11: 2344.055 | AG11: 2347.729 | AH11: 2349.798
E12: =E11-D11 -> 2.431 | F12: =F11-E11 -> 2.58 | G12: =G11-F11 -> 2.173 | H12: =H11-G11 -> 1.925 | I12: =I11-H11 -> 1.944 | J12: =J11-I11 -> 1.891 | K12: =K11-J11 -> 1.179 | L12: =L11-K11 -> 1.677 | ... AH12: =AH11-AG11 -> 2.069
A13: 6 | B13: 65296485 | C13: Hotel & Arjaan Gym | D13: 2906.88 | E13: 2907.101 | F13: 2911.296 | G13: 2914.519 | H13: 2918.147 | I13: 2921.491 | J13: 2924.976 | K13: 2926.273 | L13: 2927.536 | M13: 2927.536 | N13: 2935.948 | O13: 2938.169 | P13: 2939.827 | Q13: 2941.96 | R13: 2945.586 | S13: 2946.466 | T13: 2950.224 | U13: 2954.205 | V13: 2956.888 | W13: 2958.474 | X13: 2959.8 | Y13: 2961.953 | Z13: 2964.255 | AA13: 2966.877 | AB13: 2969.468 | AC13: 2972.289 | AD13: 2975.147 | AE13: 2976.401 | AF13: 2977.501 | AG13: 2979.037 | AH13: 2980.313
E14: =E13-D13 -> 0.221 | F14: =F13-E13 -> 4.195 | G14: =G13-F13 -> 3.223 | H14: =H13-G13 -> 3.628 | I14: =I13-H13 -> 3.344 | J14: =J13-I13 -> 3.485 | K14: =K13-J13 -> 1.297 | L14: =L13-K13 -> 1.263 | ... AH14: =AH13-AG13 -> 1.276
B15: Total Daily Consumption (m3) | E15: =E6+((E8*45%)+(E10*45%)+(E12+E14)) -> 336.817 | F15: =F6+((F8*45%)+(F10*45%)+(F12+F14)) -> 258.41 | G15: =G6+((G8*45%)+(G10*45%)+(G12+G14)) -> 344.721 | H15: =H6+((H8*45%)+(H10*45%)+(H12+H14)) -> 348.533 | I15: =I6+((I8*45%)+(I10*45%)+(I12+I14)) -> 349.803 | J15: =J6+((J8*45%)+(J10*45%)+(J12+J14)) -> 301.571 | K15: =K6+((K8*45%)+(K10*45%)+(K12+K14)) -> 294.601 | L15: =L6+((L8*45%)+(L10*45%)+(L12+L14)) -> 312.5 | ... AI15: =AI6+((AI8*45%)+(AI10*45%)+(AI12+AI14)) -> 0
B16: Total Monthly Consumption (m3) | E16: =SUM(E15:AI15) -> 9030.805
B17: From Technical Report | E17: 10488.37

Sheet Occupied & No. of Guest
A1: Occupied Room & Number of Guest November 2024
A2: Date | B2: Occupied | C2: # Guest
A3: 45597 | B3: 489 | C3: 710
A4: 45598 | B4: 457 | C4: 633
A5: 45599 | B5: 471 | C5: 590
A6: 45600 | B6: 485 | C6: 616
A7: 45601 | B7: 489 | C7: 621
A8: 45602 | B8: 484 | C8: 621
A9: 45603 | B9: 465 | C9: 618
A10: 45604 | B10: 483 | C10: 704
A11: 45605 | B11: 486 | C11: 715
A12: 45606 | B12: 444 | C12: 592
A13: 45607 | B13: 475 | C13: 630
A14: 45608 | B14: 488 | C14: 649
... A32: 45626 | B32: 414 | C32: 613
A34: TOTAL MTD | B34: =SUM(B3:B33) -> 14016 | C34: =SUM(C3:C33) -> 18783
