Workbook

Sheet Total
A1: Site Name | B1: Day | C1: Month | D1: Year | E1: Total Electricity Kwh | F1: Electricity Tariff ($/Kwh) | G1: LPG (Liters) | H1: LPG $/Liters | I1: Water Utility Supply (m3) m3 | J1: Water Utility Supply (m3) $/m3 | K1: Room Nights | L1: Total Guests
A2: Park Rotana and Park Arjaan Abu Dhabi | B2: 1 | C2: 6 | D2: 2025 | E2: {=TRANSPOSE(Electricity!E21:AH21)} -> 38984.4 | F2: 0.2 | G2: {=TRANSPOSE(LPG!C8:AF8)} -> 2449.536 | H2: 1.564 | I2: {=TRANSPOSE(Water!E15:AH15)} -> 290.999 | J2: 7.84 | K2: ='Occupied & No. of Guest'!B3 -> 385 | L2: ='Occupied & No. of Guest'!C3 -> 505
A3: Park Rotana and Park Arjaan Abu Dhabi | B3: =B2+1 -> 2 | C3: 6 | D3: 2025 | E3: 41158.4 | F3: 0.2 | G3: 2302.464 | H3: 1.564 | I3: 311.667 | J3: 7.84 | K3: ='Occupied & No. of Guest'!B4 -> 386 | L3: ='Occupied & No. of Guest'!C4 -> 499
A4: Park Rotana and Park Arjaan Abu Dhabi | B4: =B3+1 -> 3 | C4: 6 | D4: 2025 | E4: 41755.2 | F4: 0.2 | G4: 2336.896 | H4: 1.564 | I4: 297.11 | J4: 7.84 | K4: ='Occupied & No. of Guest'!B5 -> 379 | L4: ='Occupied & No. of Guest'!C5 -> 501
A5: Park Rotana and Park Arjaan Abu Dhabi | B5: =B4+1 -> 4 | C5: 6 | D5: 2025 | E5: 40577 | F5: 0.2 | G5: 2236.544 | H5: 1.564 | I5: 309.733 | J5: 7.84 | K5: ='Occupied & No. of Guest'!B6 -> 382 | L5: ='Occupied & No. of Guest'!C6 -> 553
A6: Park Rotana and Park Arjaan Abu Dhabi | B6: =B5+1 -> 5 | C6: 6 | D6: 2025 | E6: 37073.8 | F6: 0.2 | G6: 2214.432 | H6: 1.564 | I6: 256.71 | J6: 7.84 | K6: ='Occupied & No. of Guest'!B7 -> 401 | L6: ='Occupied & No. of Guest'!C7 -> 674
A7: Park Rotana and Park Arjaan Abu Dhabi | B7: =B6+1 -> 6 | C7: 6 | D7: 2025 | E7: 36621.4 | F7: 0.2 | G7: 2002.976 | H7: 1.564 | I7: 274.37 | J7: 7.84 | K7: ='Occupied & No. of Guest'!B8 -> 422 | L7: ='Occupied & No. of Guest'!C8 -> 749
A8: Park Rotana and Park Arjaan Abu Dhabi | B8: =B7+1 -> 7 | C8: 6 | D8: 2025 | E8: 37580.6 | F8: 0.2 | G8: 2557.056 | H8: 1.564 | I8: 356.199 | J8: 7.84 | K8: ='Occupied & No. of Guest'!B9 -> 435 | L8: ='Occupied & No. of Guest'!C9 -> 740
A9: Park Rotana and Park Arjaan Abu Dhabi | B9: =B8+1 -> 8 | C9: 6 | D9: 2025 | E9: 39957.2 | F9: 0.2 | G9: 2535.776 | H9: 1.564 | I9: 247.158 | J9: 7.84 | K9: ='Occupied & No. of Guest'!B10 -> 394 | L9: ='Occupied & No. of Guest'!C10 -> 603
A10: Park Rotana and Park Arjaan Abu Dhabi | B10: =B9+1 -> 9 | C10: 6 | D10: 2025 | E10: 38590.8 | F10: 0.2 | G10: 2751.872 | H10: 1.564 | I10: 394.652 | J10: 7.84 | K10: 482 | L10: 580
A11: Park Rotana and Park Arjaan Abu Dhabi | B11: =B10+1 -> 10 | C11: 6 | D11: 2025 | E11: 40786 | F11: 0.2 | G11: 2217.28 | H11: 1.564 | I11: 312.083 | J11: 7.84 | K11: ='Occupied & No. of Guest'!B12 -> 432 | L11: ='Occupied & No. of Guest'!C12 -> 585
A12: Park Rotana and Park Arjaan Abu Dhabi | B12: =B11+1 -> 11 | C12: 6 | D12: 2025 | E12: 40411.2 | F12: 0.2 | G12: 2388.832 | H12: 1.564 | I12: 308.382 | J12: 7.84 | K12: ='Occupied & No. of Guest'!B13 -> 424 | L12: ='Occupied & No. of Guest'!C13 -> 559
A13: Park Rotana and Park Arjaan Abu Dhabi | B13: =B12+1 -> 12 | C13: 6 | D13: 2025 | E13: 41354.2 | F13: 0.2 | G13: 2641.824 | H13: 1.564 | I13: 346.713 | J13: 7.84 | K13: ='Occupied & No. of Guest'!B14 -> 408 | L13: ='Occupied & No. of Guest'!C14 -> 515
A14: Park Rotana and Park Arjaan Abu Dhabi | B14: =B13+1 -> 13 | C14: 6 | D14: 2025 | E14: 42815.2 | F14: 0.2 | G14: 2157.728 | H14: 1.564 | I14: 303.622 | J14: 7.84 | K14: ='Occupied & No. of Guest'!B15 -> 411 | L14: ='Occupied & No. of Guest'!C15 -> 527
A15: Park Rotana and Park Arjaan Abu Dhabi | B15: =B14+1 -> 14 | C15: 6 | D15: 2025 | E15: 39836.6 | F15: 0.2 | G15: 2321.376 | H15: 1.564 | I15: 238.422 | J15: 7.84 | K15: ='Occupied & No. of Guest'!B16 -> 460 | L15: ='Occupied & No. of Guest'!C16 -> 626
A16: Park Rotana and Park Arjaan Abu Dhabi | B16: =B15+1 -> 15 | C16: 6 | D16: 2025 | E16: 39050.2 | F16: 0.2 | G16: 2585.536 | H16: 1.564 | I16: 328.226 | J16: 7.84 | K16: ='Occupied & No. of Guest'!B17 -> 466 | L16: ='Occupied & No. of Guest'!C17 -> 586
A17: Park Rotana and Park Arjaan Abu Dhabi | B17: =B16+1 -> 16 | C17: 6 | D17: 2025 | E17: 44360.6 | F17: 0.2 | G17: 2383.264 | H17: 1.564 | I17: 360.848 | J17: 7.84 | K17: ='Occupied & No. of Guest'!B18 -> 459 | L17: ='Occupied & No. of Guest'!C18 -> 576
A18: Park Rotana and Park Arjaan Abu Dhabi | B18: =B17+1 -> 17 | C18: 6 | D18: 2025 | E18: 46256 | F18: 0.2 | G18: 3004.224 | H18: 1.564 | I18: 338.8727 | J18: 7.84 | K18: ='Occupied & No. of Guest'!B19 -> 469 | L18: ='Occupied & No. of Guest'!C19 -> 584
A19: Park Rotana and Park Arjaan Abu Dhabi | B19: =B18+1 -> 18 | C19: 6 | D19: 2025 | E19: 44245.6 | F19: 0.2 | G19: 3013.76 | H19: 1.564 | I19: 353.3073 | J19: 7.84 | K19: ='Occupied & No. of Guest'!B20 -> 442 | L19: ='Occupied & No. of Guest'!C20 -> 538
A20: Park Rotana and Park Arjaan Abu Dhabi | B20: =B19+1 -> 19 | C20: 6 | D20: 2025 | E20: 43803.4 | F20: 0.2 | G20: 1290.176 | H20: 1.564 | I20: 332.922 | J20: 7.84 | K20: ='Occupied & No. of Guest'!B21 -> 453 | L20: ='Occupied & No. of Guest'!C21 -> 564
A21: Park Rotana and Park Arjaan Abu Dhabi | B21: =B20+1 -> 20 | C21: 6 | D21: 2025 | E21: 44935.6 | F21: 0.2 | G21: 2704.96 | H21: 1.564 | I21: 329.218 | J21: 7.84 | K21: ='Occupied & No. of Guest'!B22 -> 377 | L21: ='Occupied & No. of Guest'!C22 -> 488
A22: Park Rotana and Park Arjaan Abu Dhabi | B22: =B21+1 -> 21 | C22: 6 | D22: 2025 | E22: 44220.8 | F22: 0.2 | G22: 2192.96 | H22: 1.564 | I22: 274.029 | J22: 7.84 | K22: ='Occupied & No. of Guest'!B23 -> 344 | L22: ='Occupied & No. of Guest'!C23 -> 454
... A31: Park Rotana and Park Arjaan Abu Dhabi | B31: =B30+1 -> 30 | C31: 6 | D31: 2025 | E31: 43939 | F31: 0.2 | G31: 1947.744 | H31: 1.564 | I31: 286.038 | J31: 7.84 | K31: ='Occupied & No. of Guest'!B32 -> 352 | L31: ='Occupied & No. of Guest'!C32 -> 532
A32: Park Rotana and Park Arjaan Abu Dhabi | B32: =B31+1 -> 31 | C32: 6 | D32: 2025 | F32: 0.2 | H32: 1.564 | J32: 7.84 | K32: ='Occupied & No. of Guest'!B33 -> 0 | L32: ='Occupied & No. of Guest'!C33 -> 0

Sheet Electricity
A2: DAILY ELECTRICITY METER READINGS & CONSUMPTION JUNE 2025
A4: S/N | B4: METER NUMBER &LOCATION | C4: AREA SERVED | D4: Last Month Final Readings | E4: 1 | F4: 2 | G4: 3 | H4: 4 | I4: 5 | J4: 6 | K4: 7 | L4: 8 | M4: 9 | N4: 10 | O4: 11 | P4: 12 | Q4: 13 | R4: 14 | S4: 15 | T4: 16 | U4: 17 | V4: 18 | W4: 19 | X4: 20 | Y4: 21 | Z4: 22 | AA4: 23 | AB4: 24 | AC4: 25 | AD4: 26 | AE4: 27 | AF4: 28 | AG4: 29 | AH4: 30
A5: 1 | B5: I5T18D002265/ No. 72039516 | C5: Hotel & Arjaan incomer 1 (Kilowatt) | D5: 18121740 | E5: 18143454 | F5: 18164489 | G5: 18185898 | H5: 18207762 | I5: 18228737 | J5: 18249449 | K5: 18270686 | L5: 18291616 | M5: 18312848 | N5: 18334343 | O5: 18356084 | P5: 18378189 | Q5: 18400299 | R5: 18421661 | S5: 18442740 | T5: 18465306 | U5: 18488092 | V5: 18510749 | W5: 18533193 | X5: 18556352 | Y5: 18578966 | Z5: 18601298 | AA5: 18624225 | AB5: 18646641 | AC5: 18668596 | AD5: 18690500 | AE5: 18713124 | AF5: 18735672 | AG5: 18757194 | AH5: 18779216
E6: =E5-D5 -> 21714 | F6: =F5-E5 -> 21035 | G6: =G5-F5 -> 21409 | H6: =H5-G5 -> 21864 | I6: =I5-H5 -> 20975 | J6: =J5-I5 -> 20712 | K6: =K5-J5 -> 21237 | L6: =L5-K5 -> 20930 | ... AH6: =AH5-AG5 -> 22022
A7: 2 | B7: I5T18D002266/ No. 72039517 | C7: Hotel & Arjaan incomer 2 (Kilowatt) | D7: 620 | E7: 620 | F7: 620 | G7: 620 | H7: 620 | I7: 620 | J7: 620 | K7: 620 | L7: 620 | M7: 620 | N7: 620 | O7: 620 | P7: 620 | Q7: 620 | R7: 620 | S7: 620 | T7: 620 | U7: 620 | V7: 620 | W7: 620 | X7: 620 | Y7: 620 | Z7: 620 | AA7: 620 | AB7: 620 | AC7: 620 | AD7: 620 | AE7: 620 | AF7: 620 | AG7: 620 | AH7: 620
E8: =E7-D7 -> 0 | F8: =F7-E7 -> 0 | G8: =G7-F7 -> 0 | H8: =H7-G7 -> 0 | I8: =I7-H7 -> 0 | J8: =J7-I7 -> 0 | K8: =K7-J7 -> 0 | L8: =L7-K7 -> 0 | ... AH8: =AH7-AG7 -> 0
A9: 3 | B9: I5T18D002318 / 72039569 | C9: Chillers (SMDB CH 1) (Kilowatt) | D9: 18941477 | E9: 18977020 | F9: 19012060 | G9: 19047667 | H9: 19088497 | I9: 19124032 | J9: 19158939 | K9: 19194808 | L9: 19237312 | M9: 19276306 | N9: 19321565 | O9: 19363363 | P9: 19401074 | Q9: 19418029 | R9: 19419918 | S9: 19421786 | T9: 19432914 | U9: 19457637 | V9: 19500168 | W9: 19544949 | X9: 19580238 | Y9: 19607511 | Z9: 19633691 | AA9: 19663623 | AB9: 19693698 | AC9: 19724107 | AD9: 19755157 | AE9: 19789287 | AF9: 19825628 | AG9: 19860317 | AH9: 19892807
E10: =E9-D9 -> 35543 | F10: =F9-E9 -> 35040 | G10: =G9-F9 -> 35607 | H10: =H9-G9 -> 40830 | I10: =I9-H9 -> 35535 | J10: =J9-I9 -> 34907 | K10: =K9-J9 -> 35869 | L10: =L9-K9 -> 42504 | ... AH10: =AH9-AG9 -> 32490
A11: 4 | B11: I5T18D002317 / 72039568 | C11: Chillers (SMDB CH 2) (Kilowatt) | D11: 12076724 | E11: 12083492 | F11: 12097963 | G11: 12112434 | H11: 12117584 | I11: 12121481 | J11: 12125550 | K11: 12129715 | L11: 12133949 | M11: 12137542 | N11: 12139748 | O11: 12143863 | P11: 12153320 | Q11: 12187218 | R11: 12230558 | S11: 12272798 | T11: 12315309 | U11: 12348436 | V11: 12359009 | W11: 12366804 | X11: 12385019 | Y11: 12410923 | Z11: 12436859 | AA11: 12460272 | AB11: 12482898 | AC11: 12507015 | AD11: 12530584 | AE11: 12555510 | AF11: 12579363 | AG11: 12602203 | AH11: 12623623
E12: =E11-D11 -> 6768 | F12: =F11-E11 -> 14471 | G12: =G11-F11 -> 14471 | H12: =H11-G11 -> 5150 | I12: =I11-H11 -> 3897 | J12: =J11-I11 -> 4069 | K12: =K11-J11 -> 4165 | L12: =L11-K11 -> 4234 | ... AH12: =AH11-AG11 -> 21420
A13: 7 | B13: E5T09D035490 | C13: Fire Pump 2 S (Kwh) | D13: 3439 | E13: 3439 | F13: 3439 | G13: 3439 | H13: 3439 | I13: 3439 | J13: 3439 | K13: 3439 | L13: 3440 | M13: 3440 | N13: 3440 | O13: 3440 | P13: 3440 | Q13: 3440 | R13: 3440 | S13: 3440 | T13: 3440 | U13: 3440 | V13: 3440 | W13: 3440 | X13: 3440 | Y13: 3446 | Z13: 3446 | AA13: 3446 | AB13: 3446 | AC13: 3446 | AD13: 3446 | AE13: 3446 | AF13: 3446 | AG13: 3446 | AH13: 3446
E14: =E13-D13 -> 0 | F14: =F13-E13 -> 0 | G14: =G13-F13 -> 0 | H14: =H13-G13 -> 0 | I14: =I13-H13 -> 0 | J14: =J13-I13 -> 0 | K14: =K13-J13 -> 0 | L14: =L13-K13 -> 1 | ... AH14: =AH13-AG13 -> 0
A15: 8 | B15: E5TO9D035489 | C15: Fire Pump 1 S (Kwh) | D15: 525 | E15: 526 | F15: 526 | G15: 526 | H15: 526 | I15: 526 | J15: 526 | K15: 526 | L15: 527 | M15: 527 | N15: 527 | O15: 527 | P15: 527 | Q15: 527 | R15: 527 | S15: 528 | T15: 528 | U15: 528 | V15: 528 | W15: 528 | X15: 528 | Y15: 533 | Z15: 533 | AA15: 533 | AB15: 533 | AC15: 533 | AD15: 533 | AE15: 534 | AF15: 534 | AG15: 534 | AH15: 534
E16: =E15-D15 -> 1 | F16: =F15-E15 -> 0 | G16: =G15-F15 -> 0 | H16: =H15-G15 -> 0 | I16: =I15-H15 -> 0 | J16: =J15-I15 -> 0 | K16: =K15-J15 -> 0 | L16: =L15-K15 -> 1 | ... AH16: =AH15-AG15 -> 0
A17: 13 | B17: E5T09D034337 | C17: SMDB Spa S (Kwh) | D17: 1506885 | E17: 1507184 | F17: 1507458 | G17: 1507724 | H17: 1507999 | I17: 1508279 | J17: 1508552 | K17: 1508832 | L17: 1509114 | M17: 1509390 | N17: 1509647 | O17: 1509904 | P17: 1510237 | Q17: 1510552 | R17: 1510881 | S17: 1511157 | T17: 1511445 | U17: 1511721 | V17: 1512014 | W17: 1512293 | X17: 1512616 | Y17: 1512890 | Z17: 1513181 | AA17: 1513461 | AB17: 1513738 | AC17: 1514018 | AD17: 1514303 | AE17: 1514598 | AF17: 1514853 | AG17: 1515139 | AH17: 1515433
E18: =E17-D17 -> 299 | F18: =F17-E17 -> 274 | G18: =G17-F17 -> 266 | H18: =H17-G17 -> 275 | I18: =I17-H17 -> 280 | J18: =J17-I17 -> 273 | K18: =K17-J17 -> 280 | L18: =L17-K17 -> 282 | ... AH18: =AH17-AG17 -> 294
A19: 14 | B19: E5T09D034327 | C19: Hotel Gym S (Kwh) | D19: 394356 | E19: 394402 | F19: 394447 | G19: 394496 | H19: 394542 | I19: 394588 | J19: 394634 | K19: 394684 | L19: 394732 | M19: 394780 | N19: 394828 | O19: 394876 | P19: 394925 | Q19: 394974 | R19: 395028 | S19: 395079 | T19: 395130 | U19: 395184 | V19: 395238 | W19: 395288 | X19: 395340 | Y19: 395391 | Z19: 395446 | AA19: 395500 | AB19: 395558 | AC19: 395612 | AD19: 395666 | AE19: 395724 | AF19: 395780 | AG19: 395840 | AH19: 395899
E20: =E19-D19 -> 46 | F20: =F19-E19 -> 45 | G20: =G19-F19 -> 49 | H20: =H19-G19 -> 46 | I20: =I19-H19 -> 46 | J20: =J19-I19 -> 46 | K20: =K19-J19 -> 50 | L20: =L19-K19 -> 48 | ... AH20: =AH19-AG19 -> 59
B21: Total Daily Consumption (kw) | E21: =((E6+E8)+((E10+E12)*40%)+(E14+E16+E18+E20)) -> 38984.4 | F21: =((F6+F8)+((F10+F12)*40%)+(F14+F16+F18+F20)) -> 41158.4 | G21: =((G6+G8)+((G10+G12)*40%)+(G14+G16+G18+G20)) -> 41755.2 | H21: =((H6+H8)+((H10+H12)*40%)+(H14+H16+H18+H20)) -> 40577 | I21: =((I6+I8)+((I10+I12)*40%)+(I14+I16+I18+I20)) -> 37073.8 | J21: =((J6+J8)+((J10+J12)*40%)+(J14+J16+J18+J20)) -> 36621.4 | K21: =((K6+K8)+((K10+K12)*40%)+(K14+K16+K18+K20)) -> 37580.6 | L21: =((L6+L8)+((L10+L12)*40%)+(L14+L16+L18+L20)) -> 39957.2 | ... AH21: =((AH6+AH8)+((AH10+AH12)*40%)+(AH14+AH16+AH18+AH20)) -> 43939
B22: Total Monthly Consumption (kw) | E22: =SUM(E21:AI21) -> 1266874.6
B23: From Technical Report

Sheet Water
B2: DAILY WATER METER READINGS & CONSUMPTION (m3) JUNE 2025
A4: S/N | B4: METER NUMBER & LOCATION | C4: AREA SERVED | D4: LAST MONTH'S FINAL READING | E4: 1 | F4: 2 | G4: 3 | H4: 4 | I4: 5 | J4: 6 | K4: 7 | L4: 8 | M4: 9 | N4: 10 | O4: 11 | P4: 12 | Q4: 13 | R4: 14 | S4: 15 | T4: 16 | U4: 17 | V4: 18 | W4: 19 | X4: 20 | Y4: 21 | Z4: 22 | AA4: 23 | AB4: 24 | AC4: 25 | AD4: 26 | AE4: 27 | AF4: 28 | AG4: 29 | AH4: 30
A5: 1 | B5: 48242051 (Hotel & Arjaan Main Meter) | C5: Hotel & Arjaan / Raw Water Tank for Hotel,Arjaan,Kitchen,Laundry,Staff Locker,Hotel Swimming Pool | D5: 215576 | E5: 215776 | F5: 215991 | G5: 216202 | H5: 216431 | I5: 216616 | J5: 216882 | K5: 217154 | L5: 217369 | M5: 217686 | N5: 217904 | O5: 218118 | P5: 218380 | Q5: 218604 | R5: 218816 | S5: 219062 | T5: 219325 | U5: 219573 | V5: 219836 | W5: 220083 | X5: 220315 | Y5: 220559 | Z5: 220790 | AA5: 221004 | AB5: 221267 | AC5: 221488 | AD5: 221730 | AE5: 221995 | AF5: 222223 | AG5: 222458 | AH5: 222658
E6: =E5-D5 -> 200 | F6: =F5-E5 -> 215 | G6: =G5-F5 -> 211 | H6: =H5-G5 -> 229 | I6: =I5-H5 -> 185 | J6: =J5-I5 -> 266 | K6: =K5-J5 -> 272 | L6: =L5-K5 -> 215 | ... AH6: =AH5-AG5 -> 200
A7: 3 | B7: EMK17100DA17081056 (Cooling Tower Meter) | C7: Cooling Towers, Irrigation Tank,CHW Make up Line,Residence Pool, Cooling Tower Blow Down | D7: 412356.4 | E7: 412386.2 | F7: 412417.4 | G7: 412447.6 | H7: 412478.6 | I7: 412505.3 | J7: 412523.9 | K7: 412551.3 | L7: 412572.9 | M7: 412601.2 | N7: 412631.6 | O7: 412662 | P7: 412692 | Q7: 412721.28 | R7: 412744.1 | S7: 412773.5 | T7: 412805.3 | U7: 412835.5 | V7: 412861 | W7: 412891.3 | X7: 412942 | Y7: 412969.5 | Z7: 413003.3 | AA7: 413053.2 | AB7: 413087.5 | AC7: 413122.5 | AD7: 413158.7 | AE7: 413199.6 | AF7: 413230.5 | AG7: 413267.5 | AH7: 413303.7
E8: =E7-D7 -> 29.8 | F8: =F7-E7 -> 31.2 | G8: =G7-F7 -> 30.2 | H8: =H7-G7 -> 31 | I8: =I7-H7 -> 26.7 | J8: =J7-I7 -> 18.6 | K8: =K7-J7 -> 27.4 | L8: =L7-K7 -> 21.6 | ... AH8: =AH7-AG7 -> 36.2
A9: 4 | B9: 2045000686(Sub Meter) | C9: Irrigation water Tank | D9: 41957 | E9: 42115 | F9: 42291 | G9: 42445 | H9: 42589 | I9: 42707 | J9: 42707 | K9: 42856 | L9: 42891 | M9: 43024 | N9: 43192 | O9: 43355 | P9: 43504 | Q9: 43646 | R9: 43677 | S9: 43822 | T9: 43999 | U9: 44164 | V9: 44333 | W9: 44486 | X9: 44642 | Y9: 44675 | Z9: 44839 | AA9: 45021 | AB9: 45195 | AC9: 45380 | AD9: 45579 | AE9: 45771 | AF9: 45822 | AG9: 45949 | AH9: 46093
E10: =E9-D9 -> 158 | F10: =F9-E9 -> 176 | G10: =G9-F9 -> 154 | H10: =H9-G9 -> 144 | I10: =I9-H9 -> 118 | J10: =J9-I9 -> 0 | K10: =K9-J9 -> 149 | L10: =L9-K9 -> 35 | ... AH10: =AH9-AG9 -> 144
A11: 5 | B11: 68864837 | C11: Hotel & Arjaan Spa | D11: 2617.769 | E11: 2619.34 | F11: 2620.679 | G11: 2621.571 | H11: 2622.464 | I11: 2624.451 | J11: 2624.451 | K11: 2626.035 | L11: 2627.153 | M11: 2628.312 | N11: 2629.39 | O11: 2630.323 | P11: 2632.086 | Q11: 2632.991 | R11: 2633.727 | S11: 2635.201 | T11: 2636.1 | U11: 2637.767 | V11: 2638.698 | W11: 2639.625 | X11: 2641.645 | Y11: 2642.884 | Z11: 2644.331 | AA11: 2646.24 | AB11: 2647.185 | AC11: 2648.297 | AD11: 2649.325 | AE11: 2650.435 | AF11: 2652.093 | AG11: 2653.261 | AH11: 2654.729
E12: =E11-D11 -> 1.571 | F12: =F11-E11 -> 1.339 | G12: =G11-F11 -> 0.892 | H12: =H11-G11 -> 0.893 | I12: =I11-H11 -> 1.987 | J12: =J11-I11 -> 0 | K12: =K11-J11 -> 1.584 | L12: =L11-K11 -> 1.118 | ... AH12: =AH11-AG11 -> 1.468
A13: 6 | B13: 65296485 | C13: Hotel & Arjaan Gym | D13: 3337.754 | E13: 3342.672 | F13: 3344.76 | G13: 3347.088 | H13: 3348.178 | I13: 3352.786 | J13: 3352.786 | K13: 3356.021 | L13: 3361.591 | M13: 3365.499 | N13: 3369.224 | O13: 3375.643 | P13: 3378.043 | Q13: 3379.684 | R13: 3381.151 | S13: 3383.423 | T13: 3386.412 | U13: 3387.7777 | V13: 3389.629 | W13: 3392.139 | X13: 3394.322 | Y13: 3395.887 | Z13: 3399.27 | AA13: 3402.695 | AB13: 3405.094 | AC13: 3407.483 | AD13: 3412.191 | AE13: 3414.069 | AF13: 3417.764 | AG13: 3422.294 | AH13: 3425.774
E14: =E13-D13 -> 4.918 | F14: =F13-E13 -> 2.088 | G14: =G13-F13 -> 2.328 | H14: =H13-G13 -> 1.09 | I14: =I13-H13 -> 4.608 | J14: =J13-I13 -> 0 | K14: =K13-J13 -> 3.235 | L14: =L13-K13 -> 5.57 | ... AH14: =AH13-AG13 -> 3.48
B15: Total Daily Consumption (m3) | E15: =E6+((E8*45%)+(E10*45%)+(E12+E14)) -> 290.999 | F15: =F6+((F8*45%)+(F10*45%)+(F12+F14)) -> 311.667 | G15: =G6+((G8*45%)+(G10*45%)+(G12+G14)) -> 297.11 | H15: =H6+((H8*45%)+(H10*45%)+(H12+H14)) -> 309.733 | I15: =I6+((I8*45%)+(I10*45%)+(I12+I14)) -> 256.71 | J15: =J6+((J8*45%)+(J10*45%)+(J12+J14)) -> 274.37 | K15: =K6+((K8*45%)+(K10*45%)+(K12+K14)) -> 356.199 | L15: =L6+((L8*45%)+(L10*45%)+(L12+L14)) -> 247.158 | ... AH15: =AH6+((AH8*45%)+(AH10*45%)+(AH12+AH14)) -> 286.038
B16: Total Monthly Consumption (m3) | E16: =SUM(E15:AI15) -> 9494.465
B17: From Technical Report

Sheet LPG
A1: DAILY GAS METER READINGS & CONSUMPTION (Liters) JUNE 2025
B3: LAST MONTH'S FINAL READING | C3: 1 | D3: 2 | E3: 3 | F3: 4 | G3: 5 | H3: 6 | I3: 7 | J3: 8 | K3: 9 | L3: 10 | M3: 11 | N3: 12 | O3: 13 | P3: 14 | Q3: 15 | R3: 16 | S3: 17 | T3: 18 | U3: 19 | V3: 20 | W3: 21 | X3: 22 | Y3: 23 | Z3: 24 | AA3: 25 | AB3: 26 | AC3: 27 | AD3: 28 | AE3: 29 | AF3: 30 | AG3: 31
A4: BOILERS - 1 &2 | B4: 281544 | C4: 282277 | D4: 282969 | E4: 283671 | F4: 284345 | G4: 285011 | H4: 285614 | I4: 286394 | J4: 287160 | K4: 287993 | L4: 288664 | M4: 289386 | N4: 290192 | O4: 290844 | P4: 291559 | Q4: 292332 | R4: 293051 | S4: 293957 | T4: 294879 | U4: 295258 | V4: 296081 | W4: 296748 | X4: 297544 | Y4: 298350 | Z4: 299037 | AA4: 299767 | AB4: 300529 | AC4: 301270 | AD4: 302003 | AE4: 302914 | AF4: 303494
C5: =(C4-B4)*3.2 -> 2345.6 | D5: =(D4-C4)*3.2 -> 2214.4 | E5: =(E4-D4)*3.2 -> 2246.4 | F5: =(F4-E4)*3.2 -> 2156.8 | G5: =(G4-F4)*3.2 -> 2131.2 | H5: =(H4-G4)*3.2 -> 1929.6 | I5: =(I4-H4)*3.2 -> 2496 | J5: =(J4-I4)*3.2 -> 2451.2 | ... AF5: =(AF4-AE4)*3.2 -> 1856
A6: KITCHENS | B6: 296080.7 | C6: 296113.18 | D6: 296140.7 | E6: 296168.98 | F6: 296193.9 | G6: 296219.91 | H6: 296242.84 | I6: 296261.92 | J6: 296288.35 | K6: 296315.31 | L6: 296337.21 | M6: 296361.72 | N6: 296381.29 | O6: 296403.58 | P6: 296414.01 | Q6: 296448.99 | R6: 296474.76 | S6: 296507.58 | T6: 296527.38 | U6: 296551.56 | V6: 296573.86 | W6: 296592.16 | X6: 296625.03 | Y6: 296647.03 | Z6: 296666.21 | AA6: 296684.87 | AB6: 296701.09 | AC6: 296721.41 | AD6: 296739.12 | AE6: 296769.33 | AF6: 296798
C7: =(C6-B6)*3.2 -> 103.936 | D7: =(D6-C6)*3.2 -> 88.064 | E7: =(E6-D6)*3.2 -> 90.496 | F7: =(F6-E6)*3.2 -> 79.744 | G7: =(G6-F6)*3.2 -> 83.232 | H7: =(H6-G6)*3.2 -> 73.376 | I7: =(I6-H6)*3.2 -> 61.056 | J7: =(J6-I6)*3.2 -> 84.576 | ... AF7: =(AF6-AE6)*3.2 -> 91.744
A8: TOTAL Daily Consumption (Liters) | C8: =C5+C7 -> 2449.536 | D8: =D5+D7 -> 2302.464 | E8: =E5+E7 -> 2336.896 | F8: =F5+F7 -> 2236.544 | G8: =G5+G7 -> 2214.432 | H8: =H5+H7 -> 2002.976 | I8: =I5+I7 -> 2557.056 | J8: =J5+J7 -> 2535.776 | ... AF8: =AF5+AF7 -> 1947.744
A9: TOTAL Boiler Consumption (Liters) - MTD | C9: =SUM(C5:AG5) -> 70240
A10: TOTAL Kitchen Consumption (Liters) - MTD | C10: =SUM(C7:AG7) -> 2295.36
A11: TOTAL Consumption (Liters) - Boiler + Kitchen | C11: =SUM(C8:AG8) -> 72535.36
A13: From technical Report

Sheet Occupied & No. of Guest
A1: Occupied Room & Number of Guest - June 2025
A2: Date | B2: Occupied | C2: # Guest
A3: 45809 | B3: 385 | C3: 505
A4: 45810 | B4: 386 | C4: 499
A5: 45811 | B5: 379 | C5: 501
A6: 45812 | B6: 382 | C6: 553
A7: 45813 | B7: 401 | C7: 674
A8: 45814 | B8: 422 | C8: 749
A9: 45815 | B9: 435 | C9: 740
A10: 45816 | B10: 394 | C10: 603
A11: 45817 | B11: 462 | C11: 688
A12: 45818 | B12: 432 | C12: 585
A13: 45819 | B13: 424 | C13: 559
A14: 45820 | B14: 408 | C14: 515
... A32: 45838 | B32: 352 | C32: 532
A34: TOTAL MTD | B34: =SUM(B3:B33) -> 12083 | C34: =SUM(C3:C33) -> 16837
