Workbook

Sheet Total
A1: Site Name | B1: Day | C1: Month | D1: Year | E1: Total Electricity Kwh | F1: Electricity Tariff ($/Kwh) | G1: Natual Gas (m3) | H1: Natural Gas $/m3 | I1: Water Utility Supply (m3) m3 | J1: Water Utility Supply (m3) $/m3 | K1: Room Nights | L1: Total Guests
A2: Centro Sharjah | B2: 1 | C2: 5 | D2: 2025 | E2: =IF(June!Q6<0,0,June!Q6) -> 16100 | G2: =IF(June!AA6<0,0,June!AA6) -> 510 | I2: =IF(June!V6<0,0,June!V6) -> 90
A3: Centro Sharjah | B3: =B2+1 -> 2 | C3: 5 | D3: 2025 | E3: =IF(June!Q7<0,0,June!Q7) -> 14600 | G3: =IF(June!AA7<0,0,June!AA7) -> 593 | I3: =IF(June!V7<0,0,June!V7) -> 81
A4: Centro Sharjah | B4: =B3+1 -> 3 | C4: 5 | D4: 2025 | E4: =IF(June!Q8<0,0,June!Q8) -> 14700 | G4: =IF(June!AA8<0,0,June!AA8) -> 455 | I4: =IF(June!V8<0,0,June!V8) -> 95
A5: Centro Sharjah | B5: =B4+1 -> 4 | C5: 5 | D5: 2025 | E5: =IF(June!Q9<0,0,June!Q9) -> 14980 | G5: =IF(June!AA9<0,0,June!AA9) -> 455 | I5: =IF(June!V9<0,0,June!V9) -> 91
A6: Centro Sharjah | B6: =B5+1 -> 5 | C6: 5 | D6: 2025 | E6: =IF(June!Q10<0,0,June!Q10) -> 14920 | G6: =IF(June!AA10<0,0,June!AA10) -> 459 | I6: =IF(June!V10<0,0,June!V10) -> 30
A7: Centro Sharjah | B7: =B6+1 -> 6 | C7: 5 | D7: 2025 | E7: =IF(June!Q11<0,0,June!Q11) -> 14140 | G7: =IF(June!AA11<0,0,June!AA11) -> 451 | I7: =IF(June!V11<0,0,June!V11) -> 76
A8: Centro Sharjah | B8: =B7+1 -> 7 | C8: 5 | D8: 2025 | E8: =IF(June!Q12<0,0,June!Q12) -> 13320 | G8: =IF(June!AA12<0,0,June!AA12) -> 453 | I8: =IF(June!V12<0,0,June!V12) -> 66
A9: Centro Sharjah | B9: =B8+1 -> 8 | C9: 5 | D9: 2025 | E9: =IF(June!Q13<0,0,June!Q13) -> 15200 | G9: =IF(June!AA13<0,0,June!AA13) -> 453 | I9: =IF(June!V13<0,0,June!V13) -> 70
A10: Centro Sharjah | B10: =B9+1 -> 9 | C10: 5 | D10: 2025 | E10: =IF(June!Q14<0,0,June!Q14) -> 15800 | G10: =IF(June!AA14<0,0,June!AA14) -> 456 | I10: =IF(June!V14<0,0,June!V14) -> 72
A11: Centro Sharjah | B11: =B10+1 -> 10 | C11: 5 | D11: 2025 | E11: =IF(June!Q15<0,0,June!Q15) -> 14740 | G11: =IF(June!AA15<0,0,June!AA15) -> 441 | I11: =IF(June!V15<0,0,June!V15) -> 65
A12: Centro Sharjah | B12: =B11+1 -> 11 | C12: 5 | D12: 2025 | E12: =IF(June!Q16<0,0,June!Q16) -> 15600 | G12: =IF(June!AA16<0,0,June!AA16) -> 439 | I12: =IF(June!V16<0,0,June!V16) -> 52
A13: Centro Sharjah | B13: =B12+1 -> 12 | C13: 5 | D13: 2025 | E13: =IF(June!Q17<0,0,June!Q17) -> 15140 | G13: =IF(June!AA17<0,0,June!AA17) -> 409 | I13: =IF(June!V17<0,0,June!V17) -> 74
A14: Centro Sharjah | B14: =B13+1 -> 13 | C14: 5 | D14: 2025 | E14: =IF(June!Q18<0,0,June!Q18) -> 15380 | G14: =IF(June!AA18<0,0,June!AA18) -> 465 | I14: =IF(June!V18<0,0,June!V18) -> 81
... A31: Centro Sharjah | B31: =B30+1 -> 30 | C31: 5 | D31: 2025 | E31: =IF(June!Q35<0,0,June!Q35) -> 17440 | G31: =IF(June!AA35<0,0,June!AA35) -> 477 | I31: =IF(June!V35<0,0,June!V35) -> 83
A32: Centro Sharjah | B32: 31 | C32: 5 | D32: 2025 | E32: =IF(June!#REF!<0,0,June!#REF!) -> #REF! | G32: =IF(June!#REF!<0,0,June!#REF!) -> #REF! | I32: =IF(June!#REF!<0,0,June!#REF!) -> #REF!

Sheet June
A1: UTILITY CONSUMPTION TRACKING SHEET
A2: Date | B2: Electricity | T2: Water | Y2: LPG
B3: Meter 1 (21072157) | E3: Meter 2 (21072150) | H3: Meter 3 (21072106) | K3: Meter 4 (21072112) | N3: Meter 5 (21072132) | Q3: Total Electricity | T3: Meter 1 (W-13E000112) | Y3: Meter 1 (G-1799606002)
B4: AC 6160281418 | E4: AC 4419770062 | H4: AC 3728292485 | K4: AC 5270465782 | N4: AC 6415177127 | T4: AC 6160281418 | Y4: AC 1096947151
B5: Present | C5: Previous | D5: Consmp | E5: Present | F5: Previous | G5: Consmp | H5: Present | I5: Previous | J5: Consmp | K5: Present | L5: Previous | M5: Consmp | N5: Present | O5: Previous | P5: Consmp | Q5: Actual | R5: Budget | S5: Variance | T5: Present | U5: Previous | V5: Consmp | W5: Budget | X5: Variance | Y5: Present | Z5: Previous | AA5: Consmp | AB5: Budget | AC5: Variance
A6: 1 | B6: 2944 | C6: 2941 | D6: =(B6-C6)*500 -> 1500 | E6: 3213 | F6: 3210 | G6: =(E6-F6)*500 -> 1500 | H6: 6787 | I6: 6774 | J6: =(H6-I6)*500 -> 6500 | K6: 6794 | L6: 6789 | M6: =(K6-L6)*320 -> 1600 | N6: 6455 | O6: 6445 | P6: =(N6-O6)*500 -> 5000 | Q6: =(D6+G6+J6+M6+P6) -> 16100 | R6: 16500 | S6: =R6-Q6 -> 400 | T6: 99006 | U6: 98916 | V6: =T6-U6 -> 90 | W6: 90 | X6: =W6-V6 -> 0 | Y6: 3013993 | Z6: 3013483 | AA6: =(Y6-Z6) -> 510 | AB6: 500 | AC6: =AB6-AA6 -> -10 | AD6: Old water meter readings
A7: 2 | B7: 2947 | C7: =B6 -> 2944 | D7: =(B7-C7)*500 -> 1500 | E7: 3217 | F7: =E6 -> 3213 | G7: =(E7-F7)*500 -> 2000 | H7: 6799 | I7: =H6 -> 6787 | J7: =(H7-I7)*500 -> 6000 | K7: 6799 | L7: =K6 -> 6794 | M7: =(K7-L7)*320 -> 1600 | N7: 6462 | O7: =N6 -> 6455 | P7: =(N7-O7)*500 -> 3500 | Q7: =(D7+G7+J7+M7+P7) -> 14600 | R7: 16500 | S7: =R7-Q7 -> 1900 | T7: 99087 | U7: =T6 -> 99006 | V7: =T7-U7 -> 81 | W7: 90 | X7: =W7-V7 -> 9 | Y7: 3014586 | Z7: =Y6 -> 3013993 | AA7: =(Y7-Z7) -> 593 | AB7: 500 | AC7: =AB7-AA7 -> -93
A8: 3 | B8: 2950 | C8: =B7 -> 2947 | D8: =(B8-C8)*500 -> 1500 | E8: 3220 | F8: =E7 -> 3217 | G8: =(E8-F8)*500 -> 1500 | H8: 6808 | I8: =H7 -> 6799 | J8: =(H8-I8)*500 -> 4500 | K8: 6809 | L8: =K7 -> 6799 | M8: =(K8-L8)*320 -> 3200 | N8: 6470 | O8: =N7 -> 6462 | P8: =(N8-O8)*500 -> 4000 | Q8: =(D8+G8+J8+M8+P8) -> 14700 | R8: 16500 | S8: =R8-Q8 -> 1800 | T8: 99182 | U8: =T7 -> 99087 | V8: =T8-U8 -> 95 | W8: 90 | X8: =W8-V8 -> -5 | Y8: 3015041 | Z8: =Y7 -> 3014586 | AA8: =(Y8-Z8) -> 455 | AB8: 500 | AC8: =AB8-AA8 -> 45
A9: 4 | B9: 2953 | C9: =B8 -> 2950 | D9: =(B9-C9)*500 -> 1500 | E9: 3223 | F9: =E8 -> 3220 | G9: =(E9-F9)*500 -> 1500 | H9: 6815 | I9: =H8 -> 6808 | J9: =(H9-I9)*500 -> 3500 | K9: 6823 | L9: =K8 -> 6809 | M9: =(K9-L9)*320 -> 4480 | N9: 6478 | O9: =N8 -> 6470 | P9: =(N9-O9)*500 -> 4000 | Q9: =(D9+G9+J9+M9+P9) -> 14980 | R9: 16500 | S9: =R9-Q9 -> 1520 | T9: 99273 | U9: =T8 -> 99182 | V9: =T9-U9 -> 91 | W9: 90 | X9: =W9-V9 -> -1 | Y9: 3015496 | Z9: =Y8 -> 3015041 | AA9: =(Y9-Z9) -> 455 | AB9: 500 | AC9: =AB9-AA9 -> 45
A10: 5 | B10: 2955 | C10: =B9 -> 2953 | D10: =(B10-C10)*500 -> 1000 | E10: 3226 | F10: =E9 -> 3223 | G10: =(E10-F10)*500 -> 1500 | H10: 6828 | I10: =H9 -> 6815 | J10: =(H10-I10)*500 -> 6500 | K10: 6829 | L10: =K9 -> 6823 | M10: =(K10-L10)*320 -> 1920 | N10: 6486 | O10: =N9 -> 6478 | P10: =(N10-O10)*500 -> 4000 | Q10: =(D10+G10+J10+M10+P10) -> 14920 | R10: 16500 | S10: =R10-Q10 -> 1580 | T10: 99303 | U10: =T9 -> 99273 | V10: =T10-U10 -> 30 | W10: 90 | X10: =W10-V10 -> 60 | Y10: 3015955 | Z10: =Y9 -> 3015496 | AA10: =(Y10-Z10) -> 459 | AB10: 500 | AC10: =AB10-AA10 -> 41
A11: 6 | B11: 2958 | C11: =B10 -> 2955 | D11: =(B11-C11)*500 -> 1500 | E11: 3229 | F11: =E10 -> 3226 | G11: =(E11-F11)*500 -> 1500 | H11: 6842 | I11: =H10 -> 6828 | J11: =(H11-I11)*500 -> 7000 | K11: 6831 | L11: =K10 -> 6829 | M11: =(K11-L11)*320 -> 640 | N11: 6493 | O11: =N10 -> 6486 | P11: =(N11-O11)*500 -> 3500 | Q11: =(D11+G11+J11+M11+P11) -> 14140 | R11: 16500 | S11: =R11-Q11 -> 2360 | T11: 99379 | U11: =T10 -> 99303 | V11: =T11-U11 -> 76 | W11: 90 | X11: =W11-V11 -> 14 | Y11: 3016406 | Z11: =Y10 -> 3015955 | AA11: =(Y11-Z11) -> 451 | AB11: 500 | AC11: =AB11-AA11 -> 49
A12: 7 | B12: 2961 | C12: =B11 -> 2958 | D12: =(B12-C12)*500 -> 1500 | E12: 3232 | F12: =E11 -> 3229 | G12: =(E12-F12)*500 -> 1500 | H12: 6854 | I12: =H11 -> 6842 | J12: =(H12-I12)*500 -> 6000 | K12: 6832 | L12: =K11 -> 6831 | M12: =(K12-L12)*320 -> 320 | N12: 6501 | O12: =N11 -> 6493 | P12: =(N12-O12)*500 -> 4000 | Q12: =(D12+G12+J12+M12+P12) -> 13320 | R12: 16500 | S12: =R12-Q12 -> 3180 | T12: 99445 | U12: =T11 -> 99379 | V12: =T12-U12 -> 66 | W12: 90 | X12: =W12-V12 -> 24 | Y12: 3016859 | Z12: =Y11 -> 3016406 | AA12: =(Y12-Z12) -> 453 | AB12: 500 | AC12: =AB12-AA12 -> 47
A13: 8 | B13: 2964 | C13: =B12 -> 2961 | D13: =(B13-C13)*500 -> 1500 | E13: 3235 | F13: =E12 -> 3232 | G13: =(E13-F13)*500 -> 1500 | H13: 6865 | I13: =H12 -> 6854 | J13: =(H13-I13)*500 -> 5500 | K13: 6842 | L13: =K12 -> 6832 | M13: =(K13-L13)*320 -> 3200 | N13: 6508 | O13: =N12 -> 6501 | P13: =(N13-O13)*500 -> 3500 | Q13: =(D13+G13+J13+M13+P13) -> 15200 | R13: 16500 | S13: =R13-Q13 -> 1300 | T13: 99515 | U13: =T12 -> 99445 | V13: =T13-U13 -> 70 | W13: 90 | X13: =W13-V13 -> 20 | Y13: 3017312 | Z13: =Y12 -> 3016859 | AA13: =(Y13-Z13) -> 453 | AB13: 500 | AC13: =AB13-AA13 -> 47
A14: 9 | B14: 2967 | C14: =B13 -> 2964 | D14: =(B14-C14)*500 -> 1500 | E14: 3238 | F14: =E13 -> 3235 | G14: =(E14-F14)*500 -> 1500 | H14: 6873 | I14: =H13 -> 6865 | J14: =(H14-I14)*500 -> 4000 | K14: 6857 | L14: =K13 -> 6842 | M14: =(K14-L14)*320 -> 4800 | N14: 6516 | O14: =N13 -> 6508 | P14: =(N14-O14)*500 -> 4000 | Q14: =(D14+G14+J14+M14+P14) -> 15800 | R14: 16500 | S14: =R14-Q14 -> 700 | T14: 99587 | U14: =T13 -> 99515 | V14: =T14-U14 -> 72 | W14: 90 | X14: =W14-V14 -> 18 | Y14: 3017768 | Z14: =Y13 -> 3017312 | AA14: =(Y14-Z14) -> 456 | AB14: 500 | AC14: =AB14-AA14 -> 44
A15: 10 | B15: 2970 | C15: =B14 -> 2967 | D15: =(B15-C15)*500 -> 1500 | E15: 3241 | F15: =E14 -> 3238 | G15: =(E15-F15)*500 -> 1500 | H15: 6885 | I15: =H14 -> 6873 | J15: =(H15-I15)*500 -> 6000 | K15: 6864 | L15: =K14 -> 6857 | M15: =(K15-L15)*320 -> 2240 | N15: 6523 | O15: =N14 -> 6516 | P15: =(N15-O15)*500 -> 3500 | Q15: =(D15+G15+J15+M15+P15) -> 14740 | R15: 16500 | S15: =R15-Q15 -> 1760 | T15: 99652 | U15: =T14 -> 99587 | V15: =T15-U15 -> 65 | W15: 90 | X15: =W15-V15 -> 25 | Y15: 3018209 | Z15: =Y14 -> 3017768 | AA15: =(Y15-Z15) -> 441 | AB15: 500 | AC15: =AB15-AA15 -> 59
A16: 11 | B16: 2973 | C16: =B15 -> 2970 | D16: =(B16-C16)*500 -> 1500 | E16: 3245 | F16: =E15 -> 3241 | G16: =(E16-F16)*500 -> 2000 | H16: 6898 | I16: =H15 -> 6885 | J16: =(H16-I16)*500 -> 6500 | K16: 6869 | L16: =K15 -> 6864 | M16: =(K16-L16)*320 -> 1600 | N16: 6531 | O16: =N15 -> 6523 | P16: =(N16-O16)*500 -> 4000 | Q16: =(D16+G16+J16+M16+P16) -> 15600 | R16: 16500 | S16: =R16-Q16 -> 900 | T16: 99704 | U16: =T15 -> 99652 | V16: =T16-U16 -> 52 | W16: 90 | X16: =W16-V16 -> 38 | Y16: 3018648 | Z16: =Y15 -> 3018209 | AA16: =(Y16-Z16) -> 439 | AB16: 500 | AC16: =AB16-AA16 -> 61
A17: 12 | B17: 2976 | C17: =B16 -> 2973 | D17: =(B17-C17)*500 -> 1500 | E17: 3248 | F17: 3245 | G17: =(E17-F17)*500 -> 1500 | H17: 6913 | I17: =H16 -> 6898 | J17: =(H17-I17)*500 -> 7500 | K17: 6871 | L17: =K16 -> 6869 | M17: =(K17-L17)*320 -> 640 | N17: 6539 | O17: =N16 -> 6531 | P17: =(N17-O17)*500 -> 4000 | Q17: =(D17+G17+J17+M17+P17) -> 15140 | R17: 16500 | S17: =R17-Q17 -> 1360 | T17: 99778 | U17: =T16 -> 99704 | V17: =T17-U17 -> 74 | W17: 90 | X17: =W17-V17 -> 16 | Y17: 3019057 | Z17: =Y16 -> 3018648 | AA17: =(Y17-Z17) -> 409 | AB17: 500 | AC17: =AB17-AA17 -> 91
A18: 13 | B18: 2979 | C18: =B17 -> 2976 | D18: =(B18-C18)*500 -> 1500 | E18: 3251 | F18: =E17 -> 3248 | G18: =(E18-F18)*500 -> 1500 | H18: 6925 | I18: =H17 -> 6913 | J18: =(H18-I18)*500 -> 6000 | K18: 6880 | L18: =K17 -> 6871 | M18: =(K18-L18)*320 -> 2880 | N18: 6546 | O18: =N17 -> 6539 | P18: =(N18-O18)*500 -> 3500 | Q18: =(D18+G18+J18+M18+P18) -> 15380 | R18: 16500 | S18: =R18-Q18 -> 1120 | T18: 99859 | U18: =T17 -> 99778 | V18: =T18-U18 -> 81 | W18: 90 | X18: =W18-V18 -> 9 | Y18: 3019522 | Z18: =Y17 -> 3019057 | AA18: =(Y18-Z18) -> 465 | AB18: 500 | AC18: =AB18-AA18 -> 35
A19: 14 | B19: 2982 | C19: =B18 -> 2979 | D19: =(B19-C19)*500 -> 1500 | E19: 3254 | F19: =E18 -> 3251 | G19: =(E19-F19)*500 -> 1500 | H19: 6939 | I19: =H18 -> 6925 | J19: =(H19-I19)*500 -> 7000 | K19: 6887 | L19: =K18 -> 6880 | M19: =(K19-L19)*320 -> 2240 | N19: 6554 | O19: =N18 -> 6546 | P19: =(N19-O19)*500 -> 4000 | Q19: =(D19+G19+J19+M19+P19) -> 16240 | R19: 16500 | S19: =R19-Q19 -> 260 | T19: 99940 | U19: =T18 -> 99859 | V19: =T19-U19 -> 81 | W19: 90 | X19: =W19-V19 -> 9 | Y19: 3019991 | Z19: =Y18 -> 3019522 | AA19: =(Y19-Z19) -> 469 | AB19: 500 | AC19: =AB19-AA19 -> 31
A20: 15 | B20: 2985 | C20: =B19 -> 2982 | D20: =(B20-C20)*500 -> 1500 | E20: 3258 | F20: =E19 -> 3254 | G20: =(E20-F20)*500 -> 2000 | H20: 6951 | I20: =H19 -> 6939 | J20: =(H20-I20)*500 -> 6000 | K20: 6898 | L20: =K19 -> 6887 | M20: =(K20-L20)*320 -> 3520 | N20: 6562 | O20: =N19 -> 6554 | P20: =(N20-O20)*500 -> 4000 | Q20: =(D20+G20+J20+M20+P20) -> 17020 | R20: 16500 | S20: =R20-Q20 -> -520 | V20: 80 | W20: 90 | X20: =W20-V20 -> 10 | Y20: 3020477 | Z20: =Y19 -> 3019991 | AA20: =(Y20-Z20) -> 486 | AB20: 500 | AC20: =AB20-AA20 -> 14 | AD20: water Meter is faulty we mentioned average value
A21: 16 | B21: 2988 | C21: =B20 -> 2985 | D21: =(B21-C21)*500 -> 1500 | E21: 3261 | F21: =E20 -> 3258 | G21: =(E21-F21)*500 -> 1500 | H21: 6952 | I21: =H20 -> 6951 | J21: =(H21-I21)*500 -> 500 | K21: 6922 | L21: =K20 -> 6898 | M21: =(K21-L21)*320 -> 7680 | N21: 6570 | O21: =N20 -> 6562 | P21: =(N21-O21)*500 -> 4000 | Q21: =(D21+G21+J21+M21+P21) -> 15180 | R21: 16500 | S21: =R21-Q21 -> 1320 | U21: =T20 -> 0 | V21: 82 | W21: 90 | X21: =W21-V21 -> 8 | Y21: 3020959 | Z21: =Y20 -> 3020477 | AA21: =(Y21-Z21) -> 482 | AB21: 500 | AC21: =AB21-AA21 -> 18
A22: 17 | B22: 2991 | C22: =B21 -> 2988 | D22: =(B22-C22)*500 -> 1500 | E22: 3264 | F22: =E21 -> 3261 | G22: =(E22-F22)*500 -> 1500 | H22: 6960 | I22: =H21 -> 6952 | J22: =(H22-I22)*500 -> 4000 | K22: 6940 | L22: =K21 -> 6922 | M22: =(K22-L22)*320 -> 5760 | N22: 6577 | O22: =N21 -> 6570 | P22: =(N22-O22)*500 -> 3500 | Q22: =(D22+G22+J22+M22+P22) -> 16260 | R22: 16500 | S22: =R22-Q22 -> 240 | U22: =T21 -> 0 | V22: 85 | W22: 90 | X22: =W22-V22 -> 5 | Y22: 3021432 | Z22: =Y21 -> 3020959 | AA22: =(Y22-Z22) -> 473 | AB22: 500 | AC22: =AB22-AA22 -> 27
A23: 18 | B23: 2994 | C23: =B22 -> 2991 | D23: =(B23-C23)*500 -> 1500 | E23: 3267 | F23: =E22 -> 3264 | G23: =(E23-F23)*500 -> 1500 | H23: 6976 | I23: =H22 -> 6960 | J23: =(H23-I23)*500 -> 8000 | K23: 6946 | L23: =K22 -> 6940 | M23: =(K23-L23)*320 -> 1920 | N23: 6585 | O23: =N22 -> 6577 | P23: =(N23-O23)*500 -> 4000 | Q23: =(D23+G23+J23+M23+P23) -> 16920 | R23: 16500 | S23: =R23-Q23 -> -420 | U23: =T22 -> 0 | V23: 85 | W23: 90 | X23: =W23-V23 -> 5 | Y23: 3021908 | Z23: =Y22 -> 3021432 | AA23: =(Y23-Z23) -> 476 | AB23: 500 | AC23: =AB23-AA23 -> 24
A24: 19 | B24: 2997 | C24: =B23 -> 2994 | D24: =(B24-C24)*500 -> 1500 | E24: 3271 | F24: =E23 -> 3267 | G24: =(E24-F24)*500 -> 2000 | H24: 6991 | I24: =H23 -> 6976 | J24: =(H24-I24)*500 -> 7500 | K24: 6953 | L24: =K23 -> 6946 | M24: =(K24-L24)*320 -> 2240 | N24: 6593 | O24: =N23 -> 6585 | P24: =(N24-O24)*500 -> 4000 | Q24: =(D24+G24+J24+M24+P24) -> 17240 | R24: 16500 | S24: =R24-Q24 -> -740 | U24: =T23 -> 0 | V24: 80 | W24: 90 | X24: =W24-V24 -> 10 | Y24: 3022385 | Z24: =Y23 -> 3021908 | AA24: =(Y24-Z24) -> 477 | AB24: 500 | AC24: =AB24-AA24 -> 23
A25: 20 | B25: 3000 | C25: =B24 -> 2997 | D25: =(B25-C25)*500 -> 1500 | E25: 3274 | F25: =E24 -> 3271 | G25: =(E25-F25)*500 -> 1500 | H25: 7007 | I25: =H24 -> 6991 | J25: =(H25-I25)*500 -> 8000 | K25: 6960 | L25: =K24 -> 6953 | M25: =(K25-L25)*320 -> 2240 | N25: 6601 | O25: =N24 -> 6593 | P25: =(N25-O25)*500 -> 4000 | Q25: =(D25+G25+J25+M25+P25) -> 17240 | R25: 16500 | S25: =R25-Q25 -> -740 | U25: =T24 -> 0 | V25: 83 | W25: 90 | X25: =W25-V25 -> 7 | Y25: 3022871 | Z25: =Y24 -> 3022385 | AA25: =(Y25-Z25) -> 486 | AB25: 500 | AC25: =AB25-AA25 -> 14
A26: 21 | B26: 3003 | C26: =B25 -> 3000 | D26: =(B26-C26)*500 -> 1500 | E26: 3277 | F26: =E25 -> 3274 | G26: =(E26-F26)*500 -> 1500 | H26: 7023 | I26: =H25 -> 7007 | J26: =(H26-I26)*500 -> 8000 | K26: 6968 | L26: =K25 -> 6960 | M26: =(K26-L26)*320 -> 2560 | N26: 6608 | O26: =N25 -> 6601 | P26: =(N26-O26)*500 -> 3500 | Q26: =(D26+G26+J26+M26+P26) -> 17060 | R26: 16500 | S26: =R26-Q26 -> -560 | U26: =T25 -> 0 | V26: 90 | W26: 90 | X26: =W26-V26 -> 0 | Y26: 3023346 | Z26: =Y25 -> 3022871 | AA26: =(Y26-Z26) -> 475 | AB26: 500 | AC26: =AB26-AA26 -> 25 | AD26: New water meter readings.
A27: 22 | B27: 3006 | C27: =B26 -> 3003 | D27: =(B27-C27)*500 -> 1500 | E27: 3280 | F27: =E26 -> 3277 | G27: =(E27-F27)*500 -> 1500 | H27: 7039 | I27: =H26 -> 7023 | J27: =(H27-I27)*500 -> 8000 | K27: 6974 | L27: =K26 -> 6968 | M27: =(K27-L27)*320 -> 1920 | N27: 6616 | O27: =N26 -> 6608 | P27: =(N27-O27)*500 -> 4000 | Q27: =(D27+G27+J27+M27+P27) -> 16920 | R27: 16500 | S27: =R27-Q27 -> -420 | T27: 56 | U27: =T26 -> 0 | V27: =T27-U27 -> 56 | W27: 90 | X27: =W27-V27 -> 34 | Y27: 3023824 | Z27: =Y26 -> 3023346 | AA27: =(Y27-Z27) -> 478 | AB27: 500 | AC27: =AB27-AA27 -> 22
A28: 23 | B28: 3009 | C28: =B27 -> 3006 | D28: =(B28-C28)*500 -> 1500 | E28: 3284 | F28: =E27 -> 3280 | G28: =(E28-F28)*500 -> 2000 | H28: 7053 | I28: =H27 -> 7039 | J28: =(H28-I28)*500 -> 7000 | K28: 6981 | L28: =K27 -> 6974 | M28: =(K28-L28)*320 -> 2240 | N28: 6623 | O28: =N27 -> 6616 | P28: =(N28-O28)*500 -> 3500 | Q28: =(D28+G28+J28+M28+P28) -> 16240 | R28: 16500 | S28: =R28-Q28 -> 260 | T28: 138 | U28: =T27 -> 56 | V28: =T28-U28 -> 82 | W28: 90 | X28: =W28-V28 -> 8 | Y28: 3024310 | Z28: =Y27 -> 3023824 | AA28: =(Y28-Z28) -> 486 | AB28: 500 | AC28: =AB28-AA28 -> 14
A29: 24 | B29: 3012 | C29: =B28 -> 3009 | D29: =(B29-C29)*500 -> 1500 | E29: 3287 | F29: =E28 -> 3284 | G29: =(E29-F29)*500 -> 1500 | H29: 7070 | I29: =H28 -> 7053 | J29: =(H29-I29)*500 -> 8500 | K29: 6983 | L29: =K28 -> 6981 | M29: =(K29-L29)*320 -> 640 | N29: 6631 | O29: =N28 -> 6623 | P29: =(N29-O29)*500 -> 4000 | Q29: =(D29+G29+J29+M29+P29) -> 16140 | R29: 16500 | S29: =R29-Q29 -> 360 | T29: 217 | U29: =T28 -> 138 | V29: =T29-U29 -> 79 | W29: 90 | X29: =W29-V29 -> 11 | Y29: 3024787 | Z29: =Y28 -> 3024310 | AA29: =(Y29-Z29) -> 477 | AB29: 500 | AC29: =AB29-AA29 -> 23
A30: 25 | B30: 3015 | C30: =B29 -> 3012 | D30: =(B30-C30)*500 -> 1500 | E30: 3290 | F30: =E29 -> 3287 | G30: =(E30-F30)*500 -> 1500 | H30: 7083 | I30: =H29 -> 7070 | J30: =(H30-I30)*500 -> 6500 | K30: 6988 | L30: =K29 -> 6983 | M30: =(K30-L30)*320 -> 1600 | N30: 6638 | O30: =N29 -> 6631 | P30: =(N30-O30)*500 -> 3500 | Q30: =(D30+G30+J30+M30+P30) -> 14600 | R30: 16500 | S30: =R30-Q30 -> 1900 | T30: 288 | U30: =T29 -> 217 | V30: =T30-U30 -> 71 | W30: 90 | X30: =W30-V30 -> 19 | Y30: 3025264 | Z30: =Y29 -> 3024787 | AA30: =(Y30-Z30) -> 477 | AB30: 500 | AC30: =AB30-AA30 -> 23
A31: 26 | B31: 3018 | C31: =B30 -> 3015 | D31: =(B31-C31)*500 -> 1500 | E31: 3293 | F31: =E30 -> 3290 | G31: =(E31-F31)*500 -> 1500 | H31: 7091 | I31: =H30 -> 7083 | J31: =(H31-I31)*500 -> 4000 | K31: 7001 | L31: =K30 -> 6988 | M31: =(K31-L31)*320 -> 4160 | N31: 6646 | O31: =N30 -> 6638 | P31: =(N31-O31)*500 -> 4000 | Q31: =(D31+G31+J31+M31+P31) -> 15160 | R31: 16500 | S31: =R31-Q31 -> 1340 | T31: 365 | U31: =T30 -> 288 | V31: =T31-U31 -> 77 | W31: 90 | X31: =W31-V31 -> 13 | Y31: 3025737 | Z31: =Y30 -> 3025264 | AA31: =(Y31-Z31) -> 473 | AB31: 500 | AC31: =AB31-AA31 -> 27
A32: 27 | B32: 3021 | C32: =B31 -> 3018 | D32: =(B32-C32)*500 -> 1500 | E32: 3296 | F32: =E31 -> 3293 | G32: =(E32-F32)*500 -> 1500 | H32: 7100 | I32: =H31 -> 7091 | J32: =(H32-I32)*500 -> 4500 | K32: 7019 | L32: =K31 -> 7001 | M32: =(K32-L32)*320 -> 5760 | N32: 6654 | O32: =N31 -> 6646 | P32: =(N32-O32)*500 -> 4000 | Q32: =(D32+G32+J32+M32+P32) -> 17260 | R32: 16500 | S32: =R32-Q32 -> -760 | T32: 437 | U32: =T31 -> 365 | V32: =T32-U32 -> 72 | W32: 90 | X32: =W32-V32 -> 18 | Y32: 3026223 | Z32: =Y31 -> 3025737 | AA32: =(Y32-Z32) -> 486 | AB32: 500 | AC32: =AB32-AA32 -> 14
A33: 28 | B33: 3024 | C33: =B32 -> 3021 | D33: =(B33-C33)*500 -> 1500 | E33: 3299 | F33: =E32 -> 3296 | G33: =(E33-F33)*500 -> 1500 | H33: 7113 | I33: =H32 -> 7100 | J33: =(H33-I33)*500 -> 6500 | K33: 7028 | L33: =K32 -> 7019 | M33: =(K33-L33)*320 -> 2880 | N33: 6661 | O33: =N32 -> 6654 | P33: =(N33-O33)*500 -> 3500 | Q33: =(D33+G33+J33+M33+P33) -> 15880 | R33: 16500 | S33: =R33-Q33 -> 620 | T33: 507 | U33: =T32 -> 437 | V33: =T33-U33 -> 70 | W33: 90 | X33: =W33-V33 -> 20 | Y33: 3026683 | Z33: =Y32 -> 3026223 | AA33: =(Y33-Z33) -> 460 | AB33: 500 | AC33: =AB33-AA33 -> 40
A34: 29 | B34: 3027 | C34: =B33 -> 3024 | D34: =(B34-C34)*500 -> 1500 | E34: 3302 | F34: =E33 -> 3299 | G34: =(E34-F34)*500 -> 1500 | H34: 7125 | I34: =H33 -> 7113 | J34: =(H34-I34)*500 -> 6000 | K34: 7043 | L34: =K33 -> 7028 | M34: =(K34-L34)*320 -> 4800 | N34: 6668 | O34: =N33 -> 6661 | P34: =(N34-O34)*500 -> 3500 | Q34: =(D34+G34+J34+M34+P34) -> 17300 | R34: 16500 | S34: =R34-Q34 -> -800 | T34: 589 | U34: =T33 -> 507 | V34: =T34-U34 -> 82 | W34: 90 | X34: =W34-V34 -> 8 | Y34: 3027142 | Z34: =Y33 -> 3026683 | AA34: =(Y34-Z34) -> 459 | AB34: 500 | AC34: =AB34-AA34 -> 41
A35: 30 | B35: 3030 | C35: =B34 -> 3027 | D35: =(B35-C35)*500 -> 1500 | E35: 3305 | F35: =E34 -> 3302 | G35: =(E35-F35)*500 -> 1500 | H35: 7135 | I35: =H34 -> 7125 | J35: =(H35-I35)*500 -> 5000 | K35: 7060 | L35: =K34 -> 7043 | M35: =(K35-L35)*320 -> 5440 | N35: 6676 | O35: =N34 -> 6668 | P35: =(N35-O35)*500 -> 4000 | Q35: =(D35+G35+J35+M35+P35) -> 17440 | R35: 16500 | S35: =R35-Q35 -> -940 | T35: 672 | U35: =T34 -> 589 | V35: =T35-U35 -> 83 | W35: 90 | X35: =W35-V35 -> 7 | Y35: 3027619 | Z35: =Y34 -> 3027142 | AA35: =(Y35-Z35) -> 477 | AB35: 500 | AC35: =AB35-AA35 -> 23
Q36: =SUM(Q6:Q35) -> 474720 | R36: =SUM(R6:R35) -> 495000 | V36: =SUM(V6:V35) -> 2281 | W36: =SUM(W6:W35) -> 2700 | AA36: =SUM(AA6:AA35) -> 14136 | AB36: =SUM(AB6:AB35) -> 15000
Q37: =Q36*0.48 -> 227865.6 | R37: =R36*0.48 -> 237600 | V37: =(V36*11.66) -> 26596.46 | W37: =(W36*11.66) -> 31482 | AA37: =(AA36*2.5) -> 35340 | AB37: =(AB36*2.5) -> 37500
