Workbook
Name شت8: #REF!

Sheet Total
A1: Site Name | B1: Day | C1: Month | D1: Year | E1: Total Electricity Kwh | F1: Electricity Tariff ($/Kwh) | G1: LPG (Kg) | H1: LPG $/Kg | I1: Water Utility Supply (USG) USG | J1: Water Utility Supply (USG) $/USG | K1: Irrigation Water (USG) USG | L1: Irrigation water $/USG | M1: Room Nights | N1: Total Guests
A2: Bateen Liwa | B2: 1 | C2: 8 | D2: 2025 | E2: =IF('BAN-M Electrical & Water July25'!D7+'BAN-M Electrical & Water July25'!F7+'BAN-M Electrical & Water July25'!H7+'BAN-M Electrical & Water July25'!J7+'BAN-M Electrical & Water July25'!L7+'BAN-M Electrical & Water July25'!N7>0,'BAN-M Electrical & Water July25'!D7+'BAN-M Electrical & Water July25'!F7+'BAN-M Electrical & Water July25'!H7+'BAN-M Electrical & Water July25'!J7+'BAN-M Electrical & Water July25'!L7+'BAN-M Electrical & Water July25'!N7,0) -> 17669 | F2: 0.2 | H2: 5.42 | I2: =IF('BAN-M Electrical & Water July25'!P7+'BAN-M Electrical & Water July25'!R7+'BAN-M Electrical & Water July25'!T7>0,'BAN-M Electrical & Water July25'!P7+'BAN-M Electrical & Water July25'!R7+'BAN-M Electrical & Water July25'!T7,0) -> 538 | J2: 7.84 | L2: 7.84
A3: Bateen Liwa | B3: =B2+1 -> 2 | C3: 8 | D3: 2025 | E3: =IF('BAN-M Electrical & Water July25'!D8+'BAN-M Electrical & Water July25'!F8+'BAN-M Electrical & Water July25'!H8+'BAN-M Electrical & Water July25'!J8+'BAN-M Electrical & Water July25'!L8+'BAN-M Electrical & Water July25'!N8>0,'BAN-M Electrical & Water July25'!D8+'BAN-M Electrical & Water July25'!F8+'BAN-M Electrical & Water July25'!H8+'BAN-M Electrical & Water July25'!J8+'BAN-M Electrical & Water July25'!L8+'BAN-M Electrical & Water July25'!N8,0) -> 18385 | F3: 0.2 | H3: 5.42 | I3: =IF('BAN-M Electrical & Water July25'!P8+'BAN-M Electrical & Water July25'!R8+'BAN-M Electrical & Water July25'!T8>0,'BAN-M Electrical & Water July25'!P8+'BAN-M Electrical & Water July25'!R8+'BAN-M Electrical & Water July25'!T8,0) -> 306 | J3: 7.84 | L3: 7.84
A4: Bateen Liwa | B4: =B3+1 -> 3 | C4: 8 | D4: 2025 | E4: =IF('BAN-M Electrical & Water July25'!D9+'BAN-M Electrical & Water July25'!F9+'BAN-M Electrical & Water July25'!H9+'BAN-M Electrical & Water July25'!J9+'BAN-M Electrical & Water July25'!L9+'BAN-M Electrical & Water July25'!N9>0,'BAN-M Electrical & Water July25'!D9+'BAN-M Electrical & Water July25'!F9+'BAN-M Electrical & Water July25'!H9+'BAN-M Electrical & Water July25'!J9+'BAN-M Electrical & Water July25'!L9+'BAN-M Electrical & Water July25'!N9,0) -> 19159 | F4: 0.2 | H4: 5.42 | I4: =IF('BAN-M Electrical & Water July25'!P9+'BAN-M Electrical & Water July25'!R9+'BAN-M Electrical & Water July25'!T9>0,'BAN-M Electrical & Water July25'!P9+'BAN-M Electrical & Water July25'!R9+'BAN-M Electrical & Water July25'!T9,0) -> 189 | J4: 7.84 | L4: 7.84
A5: Bateen Liwa | B5: =B4+1 -> 4 | C5: 8 | D5: 2025 | E5: =IF('BAN-M Electrical & Water July25'!D10+'BAN-M Electrical & Water July25'!F10+'BAN-M Electrical & Water July25'!H10+'BAN-M Electrical & Water July25'!J10+'BAN-M Electrical & Water July25'!L10+'BAN-M Electrical & Water July25'!N10>0,'BAN-M Electrical & Water July25'!D10+'BAN-M Electrical & Water July25'!F10+'BAN-M Electrical & Water July25'!H10+'BAN-M Electrical & Water July25'!J10+'BAN-M Electrical & Water July25'!L10+'BAN-M Electrical & Water July25'!N10,0) -> 19009 | F5: 0.2 | H5: 5.42 | I5: =IF('BAN-M Electrical & Water July25'!P10+'BAN-M Electrical & Water July25'!R10+'BAN-M Electrical & Water July25'!T10>0,'BAN-M Electrical & Water July25'!P10+'BAN-M Electrical & Water July25'!R10+'BAN-M Electrical & Water July25'!T10,0) -> 149 | J5: 7.84 | L5: 7.84
A6: Bateen Liwa | B6: =B5+1 -> 5 | C6: 8 | D6: 2025 | E6: =IF('BAN-M Electrical & Water July25'!D11+'BAN-M Electrical & Water July25'!F11+'BAN-M Electrical & Water July25'!H11+'BAN-M Electrical & Water July25'!J11+'BAN-M Electrical & Water July25'!L11+'BAN-M Electrical & Water July25'!N11>0,'BAN-M Electrical & Water July25'!D11+'BAN-M Electrical & Water July25'!F11+'BAN-M Electrical & Water July25'!H11+'BAN-M Electrical & Water July25'!J11+'BAN-M Electrical & Water July25'!L11+'BAN-M Electrical & Water July25'!N11,0) -> 18855 | F6: 0.2 | H6: 5.42 | I6: =IF('BAN-M Electrical & Water July25'!P11+'BAN-M Electrical & Water July25'!R11+'BAN-M Electrical & Water July25'!T11>0,'BAN-M Electrical & Water July25'!P11+'BAN-M Electrical & Water July25'!R11+'BAN-M Electrical & Water July25'!T11,0) -> 200 | J6: 7.84 | L6: 7.84
A7: Bateen Liwa | B7: =B6+1 -> 6 | C7: 8 | D7: 2025 | E7: =IF('BAN-M Electrical & Water July25'!D12+'BAN-M Electrical & Water July25'!F12+'BAN-M Electrical & Water July25'!H12+'BAN-M Electrical & Water July25'!J12+'BAN-M Electrical & Water July25'!L12+'BAN-M Electrical & Water July25'!N12>0,'BAN-M Electrical & Water July25'!D12+'BAN-M Electrical & Water July25'!F12+'BAN-M Electrical & Water July25'!H12+'BAN-M Electrical & Water July25'!J12+'BAN-M Electrical & Water July25'!L12+'BAN-M Electrical & Water July25'!N12,0) -> 17924 | F7: 0.2 | H7: 5.42 | I7: =IF('BAN-M Electrical & Water July25'!P12+'BAN-M Electrical & Water July25'!R12+'BAN-M Electrical & Water July25'!T12>0,'BAN-M Electrical & Water July25'!P12+'BAN-M Electrical & Water July25'!R12+'BAN-M Electrical & Water July25'!T12,0) -> 213 | J7: 7.84 | L7: 7.84
A8: Bateen Liwa | B8: =B7+1 -> 7 | C8: 8 | D8: 2025 | E8: =IF('BAN-M Electrical & Water July25'!D13+'BAN-M Electrical & Water July25'!F13+'BAN-M Electrical & Water July25'!H13+'BAN-M Electrical & Water July25'!J13+'BAN-M Electrical & Water July25'!L13+'BAN-M Electrical & Water July25'!N13>0,'BAN-M Electrical & Water July25'!D13+'BAN-M Electrical & Water July25'!F13+'BAN-M Electrical & Water July25'!H13+'BAN-M Electrical & Water July25'!J13+'BAN-M Electrical & Water July25'!L13+'BAN-M Electrical & Water July25'!N13,0) -> 17999 | F8: 0.2 | H8: 5.42 | I8: =IF('BAN-M Electrical & Water July25'!P13+'BAN-M Electrical & Water July25'!R13+'BAN-M Electrical & Water July25'!T13>0,'BAN-M Electrical & Water July25'!P13+'BAN-M Electrical & Water July25'!R13+'BAN-M Electrical & Water July25'!T13,0) -> 187 | J8: 7.84 | L8: 7.84
A9: Bateen Liwa | B9: =B8+1 -> 8 | C9: 8 | D9: 2025 | E9: =IF('BAN-M Electrical & Water July25'!D14+'BAN-M Electrical & Water July25'!F14+'BAN-M Electrical & Water July25'!H14+'BAN-M Electrical & Water July25'!J14+'BAN-M Electrical & Water July25'!L14+'BAN-M Electrical & Water July25'!N14>0,'BAN-M Electrical & Water July25'!D14+'BAN-M Electrical & Water July25'!F14+'BAN-M Electrical & Water July25'!H14+'BAN-M Electrical & Water July25'!J14+'BAN-M Electrical & Water July25'!L14+'BAN-M Electrical & Water July25'!N14,0) -> 17898 | F9: 0.2 | H9: 5.42 | I9: =IF('BAN-M Electrical & Water July25'!P14+'BAN-M Electrical & Water July25'!R14+'BAN-M Electrical & Water July25'!T14>0,'BAN-M Electrical & Water July25'!P14+'BAN-M Electrical & Water July25'!R14+'BAN-M Electrical & Water July25'!T14,0) -> 199 | J9: 7.84 | L9: 7.84
A10: Bateen Liwa | B10: =B9+1 -> 9 | C10: 8 | D10: 2025 | E10: =IF('BAN-M Electrical & Water July25'!D15+'BAN-M Electrical & Water July25'!F15+'BAN-M Electrical & Water July25'!H15+'BAN-M Electrical & Water July25'!J15+'BAN-M Electrical & Water July25'!L15+'BAN-M Electrical & Water July25'!N15>0,'BAN-M Electrical & Water July25'!D15+'BAN-M Electrical & Water July25'!F15+'BAN-M Electrical & Water July25'!H15+'BAN-M Electrical & Water July25'!J15+'BAN-M Electrical & Water July25'!L15+'BAN-M Electrical & Water July25'!N15,0) -> 18292 | F10: 0.2 | H10: 5.42 | I10: =IF('BAN-M Electrical & Water July25'!P15+'BAN-M Electrical & Water July25'!R15+'BAN-M Electrical & Water July25'!T15>0,'BAN-M Electrical & Water July25'!P15+'BAN-M Electrical & Water July25'!R15+'BAN-M Electrical & Water July25'!T15,0) -> 186 | J10: 7.84 | L10: 7.84
A11: Bateen Liwa | B11: =B10+1 -> 10 | C11: 8 | D11: 2025 | E11: =IF('BAN-M Electrical & Water July25'!D16+'BAN-M Electrical & Water July25'!F16+'BAN-M Electrical & Water July25'!H16+'BAN-M Electrical & Water July25'!J16+'BAN-M Electrical & Water July25'!L16+'BAN-M Electrical & Water July25'!N16>0,'BAN-M Electrical & Water July25'!D16+'BAN-M Electrical & Water July25'!F16+'BAN-M Electrical & Water July25'!H16+'BAN-M Electrical & Water July25'!J16+'BAN-M Electrical & Water July25'!L16+'BAN-M Electrical & Water July25'!N16,0) -> 18602 | F11: 0.2 | H11: 5.42 | I11: =IF('BAN-M Electrical & Water July25'!P16+'BAN-M Electrical & Water July25'!R16+'BAN-M Electrical & Water July25'!T16>0,'BAN-M Electrical & Water July25'!P16+'BAN-M Electrical & Water July25'!R16+'BAN-M Electrical & Water July25'!T16,0) -> 234 | J11: 7.84 | L11: 7.84
A12: Bateen Liwa | B12: =B11+1 -> 11 | C12: 8 | D12: 2025 | E12: =IF('BAN-M Electrical & Water July25'!D17+'BAN-M Electrical & Water July25'!F17+'BAN-M Electrical & Water July25'!H17+'BAN-M Electrical & Water July25'!J17+'BAN-M Electrical & Water July25'!L17+'BAN-M Electrical & Water July25'!N17>0,'BAN-M Electrical & Water July25'!D17+'BAN-M Electrical & Water July25'!F17+'BAN-M Electrical & Water July25'!H17+'BAN-M Electrical & Water July25'!J17+'BAN-M Electrical & Water July25'!L17+'BAN-M Electrical & Water July25'!N17,0) -> 17719 | F12: 0.2 | H12: 5.42 | I12: =IF('BAN-M Electrical & Water July25'!P17+'BAN-M Electrical & Water July25'!R17+'BAN-M Electrical & Water July25'!T17>0,'BAN-M Electrical & Water July25'!P17+'BAN-M Electrical & Water July25'!R17+'BAN-M Electrical & Water July25'!T17,0) -> 160 | J12: 7.84 | L12: 7.84
A13: Bateen Liwa | B13: =B12+1 -> 12 | C13: 8 | D13: 2025 | E13: =IF('BAN-M Electrical & Water July25'!D18+'BAN-M Electrical & Water July25'!F18+'BAN-M Electrical & Water July25'!H18+'BAN-M Electrical & Water July25'!J18+'BAN-M Electrical & Water July25'!L18+'BAN-M Electrical & Water July25'!N18>0,'BAN-M Electrical & Water July25'!D18+'BAN-M Electrical & Water July25'!F18+'BAN-M Electrical & Water July25'!H18+'BAN-M Electrical & Water July25'!J18+'BAN-M Electrical & Water July25'!L18+'BAN-M Electrical & Water July25'!N18,0) -> 17062 | F13: 0.2 | H13: 5.42 | I13: =IF('BAN-M Electrical & Water July25'!P18+'BAN-M Electrical & Water July25'!R18+'BAN-M Electrical & Water July25'!T18>0,'BAN-M Electrical & Water July25'!P18+'BAN-M Electrical & Water July25'!R18+'BAN-M Electrical & Water July25'!T18,0) -> 205 | J13: 7.84 | L13: 7.84
A14: Bateen Liwa | B14: =B13+1 -> 13 | C14: 8 | D14: 2025 | E14: =IF('BAN-M Electrical & Water July25'!D19+'BAN-M Electrical & Water July25'!F19+'BAN-M Electrical & Water July25'!H19+'BAN-M Electrical & Water July25'!J19+'BAN-M Electrical & Water July25'!L19+'BAN-M Electrical & Water July25'!N19>0,'BAN-M Electrical & Water July25'!D19+'BAN-M Electrical & Water July25'!F19+'BAN-M Electrical & Water July25'!H19+'BAN-M Electrical & Water July25'!J19+'BAN-M Electrical & Water July25'!L19+'BAN-M Electrical & Water July25'!N19,0) -> 17161 | F14: 0.2 | H14: 5.42 | I14: =IF('BAN-M Electrical & Water July25'!P19+'BAN-M Electrical & Water July25'!R19+'BAN-M Electrical & Water July25'!T19>0,'BAN-M Electrical & Water July25'!P19+'BAN-M Electrical & Water July25'!R19+'BAN-M Electrical & Water July25'!T19,0) -> 207 | J14: 7.84 | L14: 7.84
... A32: Bateen Liwa | B32: =B31+1 -> 31 | C32: 8 | D32: 2025 | E32: =IF('BAN-M Electrical & Water July25'!D37+'BAN-M Electrical & Water July25'!F37+'BAN-M Electrical & Water July25'!H37+'BAN-M Electrical & Water July25'!J37+'BAN-M Electrical & Water July25'!L37+'BAN-M Electrical & Water July25'!N37>0,'BAN-M Electrical & Water July25'!D37+'BAN-M Electrical & Water July25'!F37+'BAN-M Electrical & Water July25'!H37+'BAN-M Electrical & Water July25'!J37+'BAN-M Electrical & Water July25'!L37+'BAN-M Electrical & Water July25'!N37,0) -> 0 | F32: 0.2 | H32: 5.42 | I32: =IF('BAN-M Electrical & Water July25'!P37+'BAN-M Electrical & Water July25'!R37+'BAN-M Electrical & Water July25'!T37>0,'BAN-M Electrical & Water July25'!P37+'BAN-M Electrical & Water July25'!R37+'BAN-M Electrical & Water July25'!T37,0) -> 0 | J32: 7.84 | L32: 7.84

Sheet BAN-M Electrical & Water July25
C1: BAN- Bateen Liwa Utility Readings
A2: TYPE | B2: Time | C2: BAN- Bateen Liwa Block 01 | D2: Daily Consumptions | E2: BAN- Bateen Liwa Block 02 | F2: Daily Consumptions | G2: BAN- Bateen Liwa Block 03 | H2: Daily Consumptions | I2: BAN- Bateen Liwa Block 04 | J2: Daily Consumptions | K2: BAN- Bateen Liwa Arrival Building | L2: Daily Consumptions | M2: BAN- Bateen Liwa Main Building | N2: Daily Consumptions | O2: BAN- Bateen Arrival Readings -Irrigation Water 01. 80W KF-24532212 | P2: Daily Consumptions | Q2: BAN- Bateen Arrival Readings -Irrigation Water 02. 50W KF-23510667 | R2: Daily Consumptions | S2: BAN- Bateen Liwa Arrival Readings - Sweet Water. 100W KF-24542604 | T2: Daily Consumptions | U2: Remarks
A3: Meter | C3: AC No 15T20D000097 | E3: AC N0 15T20D000022 | G3: AC No 15T20D000062 | I3: AC No 15T20D000064 | K3: AC No 15T20D000174 | M3: AC N0 15T20D000177
A4: DATE | C4: Electricity (kWH) | E4: Electricity (kWH) | G4: Electricity (kWH) | I4: Electricity (kWH) | K4: Electricity (kWH) | M4: Electricity (kWH)
D5: KWH | F5: KWH | H5: KWH | J5: KWH | L5: KWH | N5: KWH | O5: CuM | P5: CuM | Q5: CuM | R5: CuM | S5: CuM | T5: CuM
A6: 45869 | B6: 0.375 | C6: 1311729 | D6: 0 | E6: 1153687 | F6: 0 | G6: 1519953 | H6: 0 | I6: 1866228 | J6: 0 | K6: 1984821 | L6: 0 | M6: 4387153 | N6: 0 | P6: 0 | R6: 0 | T6: 0
A7: 45870 | B7: 0.22916667 | C7: 1313956 | D7: =C7-C6 -> 2227 | E7: 1155691 | F7: =E7-E6 -> 2004 | G7: 1522432 | H7: =G7-G6 -> 2479 | I7: 1868991 | J7: =I7-I6 -> 2763 | K7: 1987724 | L7: =K7-K6 -> 2903 | M7: 4392446 | N7: =M7-M6 -> 5293 | O7: 211 | P7: =O7-O6 -> 211 | Q7: 0 | R7: =Q7-Q6 -> 0 | S7: 327 | T7: =S7-S6 -> 327
A8: 45871 | B8: 0.26388889 | C8: 1316142 | D8: =C8-C7 -> 2186 | E8: 1157762 | F8: =E8-E7 -> 2071 | G8: 1524794 | H8: =G8-G7 -> 2362 | I8: 1871699 | J8: =I8-I7 -> 2708 | K8: 1990694 | L8: =K8-K7 -> 2970 | M8: 4398534 | N8: =M8-M7 -> 6088 | O8: 312 | P8: =O8-O7 -> 101 | Q8: 0 | R8: =Q8-Q7 -> 0 | S8: 532 | T8: =S8-S7 -> 205
A9: 45872 | B9: 0.21527778 | C9: 1318389 | D9: =C9-C8 -> 2247 | E9: 1159805 | F9: =E9-E8 -> 2043 | G9: 1527528 | H9: =G9-G8 -> 2734 | I9: 1874667 | J9: =I9-I8 -> 2968 | K9: 1993928 | L9: =K9-K8 -> 3234 | M9: 4404467 | N9: =M9-M8 -> 5933 | O9: 397 | P9: =O9-O8 -> 85 | Q9: 17 | R9: =Q9-Q8 -> 17 | S9: 619 | T9: =S9-S8 -> 87
A10: 45873 | B10: 0.22222222 | C10: 1320698 | D10: =C10-C9 -> 2309 | E10: 1161850 | F10: =E10-E9 -> 2045 | G10: 1530342 | H10: =G10-G9 -> 2814 | I10: 1877568 | J10: =I10-I9 -> 2901 | K10: 1996887 | L10: =K10-K9 -> 2959 | M10: 4410448 | N10: =M10-M9 -> 5981 | O10: 455 | P10: =O10-O9 -> 58 | Q10: 55 | R10: =Q10-Q9 -> 38 | S10: 672 | T10: =S10-S9 -> 53
A11: 45874 | B11: 0.23611111 | C11: 1322860 | D11: =C11-C10 -> 2162 | E11: 1163820 | F11: =E11-E10 -> 1970 | G11: 1533341 | H11: =G11-G10 -> 2999 | I11: 1880425 | J11: =I11-I10 -> 2857 | K11: 1999847 | L11: =K11-K10 -> 2960 | M11: 4416355 | N11: =M11-M10 -> 5907 | O11: 562 | P11: =O11-O10 -> 107 | Q11: 95 | R11: =Q11-Q10 -> 40 | S11: 725 | T11: =S11-S10 -> 53
A12: 45875 | B12: 0.22916667 | C12: 1324947 | D12: =C12-C11 -> 2087 | E12: 1165692 | F12: =E12-E11 -> 1872 | G12: 1536166 | H12: =G12-G11 -> 2825 | I12: 1883205 | J12: =I12-I11 -> 2780 | K12: 2002835 | L12: =K12-K11 -> 2988 | M12: 4421727 | N12: =M12-M11 -> 5372 | O12: 674 | P12: =O12-O11 -> 112 | Q12: 136 | R12: =Q12-Q11 -> 41 | S12: 785 | T12: =S12-S11 -> 60
A13: 45876 | B13: 0.24305556 | C13: 1327013 | D13: =C13-C12 -> 2066 | E13: 1167448 | F13: =E13-E12 -> 1756 | G13: 1538992 | H13: =G13-G12 -> 2826 | I13: 1886205 | J13: =I13-I12 -> 3000 | K13: 2005696 | L13: =K13-K12 -> 2861 | M13: 4427217 | N13: =M13-M12 -> 5490 | O13: 777 | P13: =O13-O12 -> 103 | Q13: 179 | R13: =Q13-Q12 -> 43 | S13: 826 | T13: =S13-S12 -> 41
A14: 45877 | B14: 0.22222222 | C14: 1329101 | D14: =C14-C13 -> 2088 | E14: 1169246 | F14: =E14-E13 -> 1798 | G14: 1541828 | H14: =G14-G13 -> 2836 | I14: 1889146 | J14: =I14-I13 -> 2941 | K14: 2008571 | L14: =K14-K13 -> 2875 | M14: 4432577 | N14: =M14-M13 -> 5360 | O14: 874 | P14: =O14-O13 -> 97 | Q14: 234 | R14: =Q14-Q13 -> 55 | S14: 873 | T14: =S14-S13 -> 47
A15: 45878 | B15: 0.21875 | C15: 1331155 | D15: =C15-C14 -> 2054 | E15: 1171181 | F15: =E15-E14 -> 1935 | G15: 1544701 | H15: =G15-G14 -> 2873 | I15: 1892187 | J15: =I15-I14 -> 3041 | K15: 2011322 | L15: =K15-K14 -> 2751 | M15: 4438215 | N15: =M15-M14 -> 5638 | O15: 980 | P15: =O15-O14 -> 106 | Q15: 262 | R15: =Q15-Q14 -> 28 | S15: 925 | T15: =S15-S14 -> 52
A16: 45879 | B16: 0.22916667 | C16: 1333275 | D16: =C16-C15 -> 2120 | E16: 1173119 | F16: =E16-E15 -> 1938 | G16: 1547612 | H16: =G16-G15 -> 2911 | I16: 1895259 | J16: =I16-I15 -> 3072 | K16: 2014447 | L16: =K16-K15 -> 3125 | M16: 4443651 | N16: =M16-M15 -> 5436 | O16: 1069 | P16: =O16-O15 -> 89 | Q16: 309 | R16: =Q16-Q15 -> 47 | S16: 1023 | T16: =S16-S15 -> 98
A17: 45880 | B17: 0.23611111 | C17: 1335281 | D17: =C17-C16 -> 2006 | E17: 1174911 | F17: =E17-E16 -> 1792 | G17: 1550321 | H17: =G17-G16 -> 2709 | I17: 1898252 | J17: =I17-I16 -> 2993 | K17: 2017298 | L17: =K17-K16 -> 2851 | M17: 4449019 | N17: =M17-M16 -> 5368 | O17: 1142 | P17: =O17-O16 -> 73 | Q17: 341 | R17: =Q17-Q16 -> 32 | S17: 1078 | T17: =S17-S16 -> 55
A18: 45881 | B18: 0.27083333 | C18: 1337194 | D18: =C18-C17 -> 1913 | E18: 1176800 | F18: =E18-E17 -> 1889 | G18: 1552859 | H18: =G18-G17 -> 2538 | I18: 1901179 | J18: =I18-I17 -> 2927 | K18: 2020098 | L18: =K18-K17 -> 2800 | M18: 4454014 | N18: =M18-M17 -> 4995 | O18: 1237 | P18: =O18-O17 -> 95 | Q18: 391 | R18: =Q18-Q17 -> 50 | S18: 1138 | T18: =S18-S17 -> 60
... A34: 45897 | B34: 0.26388889 | C34: 1365877 | D34: =C34-C33 -> 1629 | E34: 1203931 | F34: =E34-E33 -> 1680 | G34: 1593401 | H34: =G34-G33 -> 2446 | I34: 1941634 | J34: =I34-I33 -> 2422 | K34: 2066915 | L34: =K34-K33 -> 2852 | M34: 4544791 | N34: =M34-M33 -> 5620 | O34: 2980 | P34: =O34-O33 -> 143 | Q34: 1170 | R34: =Q34-Q33 -> 54 | S34: 2150 | T34: =S34-S33 -> 85
A35: 45898 | B35: 0.24652778 | D35: =C35-C34 -> -1365877 | F35: =E35-E34 -> -1203931 | H35: =G35-G34 -> -1593401 | J35: =I35-I34 -> -1941634 | K35: 2069765 | L35: =K35-K34 -> 2850 | N35: =M35-M34 -> -4544791 | O35: 3100 | P35: =O35-O34 -> 120 | Q35: 1212 | R35: =Q35-Q34 -> 42 | S35: 2190 | T35: =S35-S34 -> 40
A36: 45899 | D36: =C36-C35 -> 0 | F36: =E36-E35 -> 0 | H36: =G36-G35 -> 0 | J36: =I36-I35 -> 0 | L36: =K36-K35 -> -2069765 | N36: =M36-M35 -> 0 | P36: =O36-O35 -> -3100 | R36: =Q36-Q35 -> -1212 | T36: =S36-S35 -> -2190
A37: 45900 | D37: =C37-C36 -> 0 | F37: =E37-E36 -> 0 | H37: =G37-G36 -> 0 | J37: =I37-I36 -> 0 | L37: =K37-K36 -> 0 | N37: =M37-M36 -> 0 | P37: =O37-O36 -> 0 | R37: =Q37-Q36 -> 0 | T37: =S37-S36 -> 0
D38: =D37-D6 -> 0 | F38: =F37-F6 -> 0 | H38: =H37-H6 -> 0 | J38: =J37-J6 -> 0 | L38: =L37-L6 -> 0 | N38: =N37-N6 -> 0 | P38: =P37-P6 -> 0 | R38: =R37-R6 -> 0 | T38: =T37-T6 -> 0
