Workbook
Name شت8: #REF!

Sheet Total
A1: Site Name | B1: Day | C1: Month | D1: Year | E1: Total Electricity Kwh | F1: Electricity Tariff ($/Kwh) | G1: LPG (Kg) | H1: LPG $/Kg | I1: Water Utility Supply (m3) m3 | J1: Water Utility Supply (m3) $/m3 | K1: Irrigation Water (m3) m3 | L1: Irrigation Water $/m3 | M1: Room Nights | N1: Total Guests
A2: Hudayriat | B2: 1 | C2: 8 | D2: 2025 | E2: =IF('BAN Extension '!D6>0,'BAN Extension '!D6,0) -> 9397 | F2: 0.2 | G2: 1 | H2: 5.42 | I2: =IF('BAN - EXT- Extension '!D6+'BAN - EXT- Extension '!F6>0,'BAN - EXT- Extension '!D6+'BAN - EXT- Extension '!F6,0) -> 524 | J2: 7.84 | K2: =IF('BAN Extension '!F6>0,'BAN Extension '!F6,0) -> 164 | L2: 7.84 | O2: =I2*J2 -> 4108.16
A3: Hudayriat | B3: =B2+1 -> 2 | C3: 8 | D3: 2025 | E3: =IF('BAN Extension '!D7>0,'BAN Extension '!D7,0) -> 9389 | F3: 0.2 | H3: 5.42 | I3: =IF('BAN - EXT- Extension '!D7+'BAN - EXT- Extension '!F7>0,'BAN - EXT- Extension '!D7+'BAN - EXT- Extension '!F7,0) -> 475 | J3: 7.84 | K3: =IF('BAN Extension '!F7>0,'BAN Extension '!F7,0) -> 158 | L3: 7.84 | O3: =I3*J3 -> 3724
A4: Hudayriat | B4: =B3+1 -> 3 | C4: 8 | D4: 2025 | E4: =IF('BAN Extension '!D8>0,'BAN Extension '!D8,0) -> 8799 | F4: 0.2 | H4: 5.42 | I4: =IF('BAN - EXT- Extension '!D8+'BAN - EXT- Extension '!F8>0,'BAN - EXT- Extension '!D8+'BAN - EXT- Extension '!F8,0) -> 434 | J4: 7.84 | K4: =IF('BAN Extension '!F8>0,'BAN Extension '!F8,0) -> 155 | L4: 7.84 | O4: =I4*J4 -> 3402.56
A5: Hudayriat | B5: =B4+1 -> 4 | C5: 8 | D5: 2025 | E5: =IF('BAN Extension '!D9>0,'BAN Extension '!D9,0) -> 9019 | F5: 0.2 | H5: 5.42 | I5: =IF('BAN - EXT- Extension '!D9+'BAN - EXT- Extension '!F9>0,'BAN - EXT- Extension '!D9+'BAN - EXT- Extension '!F9,0) -> 478 | J5: 7.84 | K5: =IF('BAN Extension '!F9>0,'BAN Extension '!F9,0) -> 146 | L5: 7.84 | O5: =I5*J5 -> 3747.52
A6: Hudayriat | B6: =B5+1 -> 5 | C6: 8 | D6: 2025 | E6: =IF('BAN Extension '!D10>0,'BAN Extension '!D10,0) -> 8810 | F6: 0.2 | H6: 5.42 | I6: =IF('BAN - EXT- Extension '!D10+'BAN - EXT- Extension '!F10>0,'BAN - EXT- Extension '!D10+'BAN - EXT- Extension '!F10,0) -> 516 | J6: 7.84 | K6: =IF('BAN Extension '!F10>0,'BAN Extension '!F10,0) -> 187 | L6: 7.84 | O6: =I6*J6 -> 4045.44
A7: Hudayriat | B7: =B6+1 -> 6 | C7: 8 | D7: 2025 | E7: =IF('BAN Extension '!D11>0,'BAN Extension '!D11,0) -> 8887 | F7: 0.2 | H7: 5.42 | I7: =IF('BAN - EXT- Extension '!D11+'BAN - EXT- Extension '!F11>0,'BAN - EXT- Extension '!D11+'BAN - EXT- Extension '!F11,0) -> 562 | J7: 7.84 | K7: =IF('BAN Extension '!F11>0,'BAN Extension '!F11,0) -> 172 | L7: 7.84 | O7: =I7*J7 -> 4406.08
A8: Hudayriat | B8: =B7+1 -> 7 | C8: 8 | D8: 2025 | E8: =IF('BAN Extension '!D12>0,'BAN Extension '!D12,0) -> 8922 | F8: 0.2 | H8: 5.42 | I8: =IF('BAN - EXT- Extension '!D12+'BAN - EXT- Extension '!F12>0,'BAN - EXT- Extension '!D12+'BAN - EXT- Extension '!F12,0) -> 503 | J8: 7.84 | K8: =IF('BAN Extension '!F12>0,'BAN Extension '!F12,0) -> 116 | L8: 7.84 | O8: =I8*J8 -> 3943.52
A9: Hudayriat | B9: =B8+1 -> 8 | C9: 8 | D9: 2025 | E9: =IF('BAN Extension '!D13>0,'BAN Extension '!D13,0) -> 8341 | F9: 0.2 | H9: 5.42 | I9: =IF('BAN - EXT- Extension '!D13+'BAN - EXT- Extension '!F13>0,'BAN - EXT- Extension '!D13+'BAN - EXT- Extension '!F13,0) -> 662 | J9: 7.84 | K9: =IF('BAN Extension '!F13>0,'BAN Extension '!F13,0) -> 138 | L9: 7.84 | O9: =I9*J9 -> 5190.08
A10: Hudayriat | B10: =B9+1 -> 9 | C10: 8 | D10: 2025 | E10: =IF('BAN Extension '!D14>0,'BAN Extension '!D14,0) -> 8469 | F10: 0.2 | H10: 5.42 | I10: =IF('BAN - EXT- Extension '!D14+'BAN - EXT- Extension '!F14>0,'BAN - EXT- Extension '!D14+'BAN - EXT- Extension '!F14,0) -> 1040 | J10: 7.84 | K10: =IF('BAN Extension '!F14>0,'BAN Extension '!F14,0) -> 90 | L10: 7.84 | O10: =I10*J10 -> 8153.6
A11: Hudayriat | B11: =B10+1 -> 10 | C11: 8 | D11: 2025 | E11: =IF('BAN Extension '!D15>0,'BAN Extension '!D15,0) -> 8322 | F11: 0.2 | H11: 5.42 | I11: =IF('BAN - EXT- Extension '!D15+'BAN - EXT- Extension '!F15>0,'BAN - EXT- Extension '!D15+'BAN - EXT- Extension '!F15,0) -> 860 | J11: 7.84 | K11: =IF('BAN Extension '!F15>0,'BAN Extension '!F15,0) -> 182 | L11: 7.84 | O11: =I11*J11 -> 6742.4
A12: Hudayriat | B12: =B11+1 -> 11 | C12: 8 | D12: 2025 | E12: =IF('BAN Extension '!D16>0,'BAN Extension '!D16,0) -> 8472 | F12: 0.2 | H12: 5.42 | I12: =IF('BAN - EXT- Extension '!D16+'BAN - EXT- Extension '!F16>0,'BAN - EXT- Extension '!D16+'BAN - EXT- Extension '!F16,0) -> 607 | J12: 7.84 | K12: =IF('BAN Extension '!F16>0,'BAN Extension '!F16,0) -> 160 | L12: 7.84 | O12: =I12*J12 -> 4758.88
A13: Hudayriat | B13: =B12+1 -> 12 | C13: 8 | D13: 2025 | E13: =IF('BAN Extension '!D17>0,'BAN Extension '!D17,0) -> 8690 | F13: 0.2 | H13: 5.42 | I13: =IF('BAN - EXT- Extension '!D17+'BAN - EXT- Extension '!F17>0,'BAN - EXT- Extension '!D17+'BAN - EXT- Extension '!F17,0) -> 590 | J13: 7.84 | K13: =IF('BAN Extension '!F17>0,'BAN Extension '!F17,0) -> 149 | L13: 7.84 | O13: =I13*J13 -> 4625.6
A14: Hudayriat | B14: =B13+1 -> 13 | C14: 8 | D14: 2025 | E14: =IF('BAN Extension '!D18>0,'BAN Extension '!D18,0) -> 8744 | F14: 0.2 | H14: 5.42 | I14: =IF('BAN - EXT- Extension '!D18+'BAN - EXT- Extension '!F18>0,'BAN - EXT- Extension '!D18+'BAN - EXT- Extension '!F18,0) -> 645 | J14: 7.84 | K14: =IF('BAN Extension '!F18>0,'BAN Extension '!F18,0) -> 138 | L14: 7.84 | O14: =I14*J14 -> 5056.8
... A32: Hudayriat | B32: =B31+1 -> 31 | C32: 8 | D32: 2025 | E32: =IF('BAN Extension '!D36>0,'BAN Extension '!D36,0) -> 0 | F32: 0.2 | H32: 5.42 | I32: =IF('BAN - EXT- Extension '!D36+'BAN - EXT- Extension '!F36>0,'BAN - EXT- Extension '!D36+'BAN - EXT- Extension '!F36,0) -> 0 | J32: 7.84 | K32: =IF('BAN Extension '!F36>0,'BAN Extension '!F36,0) -> 0 | L32: 7.84 | O32: =I32*J32 -> 0
O33: =SUM(O2:O32) -> 138532.8

Sheet BAN - EXT- Extension 
A1: WATER METER READINGS
A2: TYPE | B2: Time | C2: DOMESTIC | E2: DOMESTIC | G2: FM ID | H2: Signature
A3: METER NUMBER | C3: BAN PARKING | E3: VIP GATE
A4: DATE | C4: Portable water Main meter | D4: consumption water Daily use | E4: Portable water BAN Extension meter | F4: consumption water Daily use
C5: m³ | D5: m³ | E5: m³ | F5: m³
A6: 45870 | C6: 112109 | D6: =C7-C6 -> 95 | E6: 285383 | F6: =E7-E6 -> 429 | G6: `
A7: 45871 | C7: 112204 | D7: =C8-C7 -> 81 | E7: 285812 | F7: =E8-E7 -> 394
A8: 45872 | C8: 112285 | D8: =C9-C8 -> 80 | E8: 286206 | F8: =E9-E8 -> 354
A9: 45873 | C9: 112365 | D9: =C10-C9 -> 90 | E9: 286560 | F9: =E10-E9 -> 388
A10: 45874 | C10: 112455 | D10: =C11-C10 -> 83 | E10: 286948 | F10: =E11-E10 -> 433
A11: 45875 | C11: 112538 | D11: =C12-C11 -> 95 | E11: 287381 | F11: =E12-E11 -> 467
A12: 45876 | C12: 112633 | D12: =C13-C12 -> 86 | E12: 287848 | F12: =E13-E12 -> 417
A13: 45877 | C13: 112719 | D13: =C14-C13 -> 100 | E13: 288265 | F13: =E14-E13 -> 562
A14: 45878 | C14: 112819 | D14: =C15-C14 -> 128 | E14: 288827 | F14: =E15-E14 -> 912
A15: 45879 | C15: 112947 | D15: =C16-C15 -> 119 | E15: 289739 | F15: =E16-E15 -> 741
A16: 45880 | C16: 113066 | D16: =C17-C16 -> 94 | E16: 290480 | F16: =E17-E16 -> 513
A17: 45881 | C17: 113160 | D17: =C18-C17 -> 96 | E17: 290993 | F17: =E18-E17 -> 494
A18: 45882 | C18: 113256 | D18: =C19-C18 -> 105 | E18: 291487 | F18: =E19-E18 -> 540
... A35: 45899 | C35: 114991 | D35: =C36-C35 -> 88 | E35: 299733 | F35: =E36-E35 -> 350
A36: 45900 | C36: 115079 | E36: 300083

Sheet BAN Extension 
A2: TYPE | B2: Time | C2: BAN EXTENTION - ELECTRIC METER | D2: consumption electricity daily use | E2: IRRIGATION WATER METER - BAN EXTENSION | F2: consumption Irrigation Daily use m3 | G2: FM No | H2: Signature
A3: Meter | C3: I5T22D000453 | H3: Signature
A4: DATE | C4: Electricity (kWH) | E4: Irrigation water (m3)
C5: KWH | D5: KWH | E5: m3 | F5: m3
A6: 45870 | C6: 4272973 | D6: =C7-C6 -> 9397 | E6: 13908 | F6: =E7-E6 -> 164
A7: 45871 | C7: 4282370 | D7: =C8-C7 -> 9389 | E7: 14072 | F7: =E8-E7 -> 158
A8: 45872 | C8: 4291759 | D8: =C9-C8 -> 8799 | E8: 14230 | F8: =E9-E8 -> 155
A9: 45873 | C9: 4300558 | D9: =C10-C9 -> 9019 | E9: 14385 | F9: =E10-E9 -> 146
A10: 45874 | C10: 4309577 | D10: =C11-C10 -> 8810 | E10: 14531 | F10: =E11-E10 -> 187
A11: 45875 | C11: 4318387 | D11: =C12-C11 -> 8887 | E11: 14718 | F11: =E12-E11 -> 172
A12: 45876 | C12: 4327274 | D12: =C13-C12 -> 8922 | E12: 14890 | F12: =E13-E12 -> 116
A13: 45877 | C13: 4336196 | D13: =C14-C13 -> 8341 | E13: 15006 | F13: =E14-E13 -> 138
A14: 45878 | C14: 4344537 | D14: =C15-C14 -> 8469 | E14: 15144 | F14: =E15-E14 -> 90
A15: 45879 | C15: 4353006 | D15: =C16-C15 -> 8322 | E15: 15234 | F15: =E16-E15 -> 182
A16: 45880 | C16: 4361328 | D16: =C17-C16 -> 8472 | E16: 15416 | F16: =E17-E16 -> 160
A17: 45881 | C17: 4369800 | D17: =C18-C17 -> 8690 | E17: 15576 | F17: =E18-E17 -> 149
... A35: 45899 | C35: 4527565 | D35: =C36-C35 -> 9168 | E35: 18323 | F35: =E36-E35 -> 108
A36: 45900 | C36: 4536733 | E36: 18431
