Workbook
Name شت8: #REF!

Sheet Total
A1: Site Name | B1: Day | C1: Month | D1: Year | E1: Total Electricity Kwh | F1: Electricity Tariff ($/Kwh) | G1: Water Utility Supply (m3) m3 | H1: Water Utility Supply (m3) $/m3 | I1: Room Nights | J1: Total Guests
A2: Al Mugheirah | B2: 1 | C2: 9 | D2: 2025 | E2: =IF('BAN-M Electrical & Water July25'!F7>0,'BAN-M Electrical & Water July25'!F7,0) -> 10343 | F2: 0.2 | G2: =IF('BAN-M Electrical & Water July25'!H7+'BAN-M Electrical & Water July25'!J7>0,'BAN-M Electrical & Water July25'!H7+'BAN-M Electrical & Water July25'!J7,0) -> 54 | H2: 7.84 | I2: 7 | J2: 10
A3: Al Mugheirah | B3: =B2+1 -> 2 | C3: 9 | D3: 2025 | E3: =IF('BAN-M Electrical & Water July25'!F8>0,'BAN-M Electrical & Water July25'!F8,0) -> 1275 | F3: 0.2 | G3: =IF('BAN-M Electrical & Water July25'!H8+'BAN-M Electrical & Water July25'!J8>0,'BAN-M Electrical & Water July25'!H8+'BAN-M Electrical & Water July25'!J8,0) -> 5 | H3: 7.84 | I3: 9 | J3: 14
A4: Al Mugheirah | B4: =B3+1 -> 3 | C4: 9 | D4: 2025 | E4: =IF('BAN-M Electrical & Water July25'!F9>0,'BAN-M Electrical & Water July25'!F9,0) -> 4916 | F4: 0.2 | G4: =IF('BAN-M Electrical & Water July25'!H9+'BAN-M Electrical & Water July25'!J9>0,'BAN-M Electrical & Water July25'!H9+'BAN-M Electrical & Water July25'!J9,0) -> 18 | H4: 7.84 | I4: 3 | J4: 4
A5: Al Mugheirah | B5: =B4+1 -> 4 | C5: 9 | D5: 2025 | E5: =IF('BAN-M Electrical & Water July25'!F10>0,'BAN-M Electrical & Water July25'!F10,0) -> 5216 | F5: 0.2 | G5: =IF('BAN-M Electrical & Water July25'!H10+'BAN-M Electrical & Water July25'!J10>0,'BAN-M Electrical & Water July25'!H10+'BAN-M Electrical & Water July25'!J10,0) -> 28 | H5: 7.84 | I5: 7 | J5: 20
A6: Al Mugheirah | B6: =B5+1 -> 5 | C6: 9 | D6: 2025 | E6: =IF('BAN-M Electrical & Water July25'!F11>0,'BAN-M Electrical & Water July25'!F11,0) -> 5809 | F6: 0.2 | G6: =IF('BAN-M Electrical & Water July25'!H11+'BAN-M Electrical & Water July25'!J11>0,'BAN-M Electrical & Water July25'!H11+'BAN-M Electrical & Water July25'!J11,0) -> 35 | H6: 7.84 | I6: 37 | J6: 85
A7: Al Mugheirah | B7: =B6+1 -> 6 | C7: 9 | D7: 2025 | E7: =IF('BAN-M Electrical & Water July25'!F12>0,'BAN-M Electrical & Water July25'!F12,0) -> 6865 | F7: 0.2 | G7: =IF('BAN-M Electrical & Water July25'!H12+'BAN-M Electrical & Water July25'!J12>0,'BAN-M Electrical & Water July25'!H12+'BAN-M Electrical & Water July25'!J12,0) -> 46 | H7: 7.84 | I7: 23 | J7: 57
A8: Al Mugheirah | B8: =B7+1 -> 7 | C8: 9 | D8: 2025 | E8: =IF('BAN-M Electrical & Water July25'!F13>0,'BAN-M Electrical & Water July25'!F13,0) -> 6331 | F8: 0.2 | G8: =IF('BAN-M Electrical & Water July25'!H13+'BAN-M Electrical & Water July25'!J13>0,'BAN-M Electrical & Water July25'!H13+'BAN-M Electrical & Water July25'!J13,0) -> 38 | H8: 7.84 | I8: 16 | J8: 21
A9: Al Mugheirah | B9: =B8+1 -> 8 | C9: 9 | D9: 2025 | E9: =IF('BAN-M Electrical & Water July25'!F14>0,'BAN-M Electrical & Water July25'!F14,0) -> 5579 | F9: 0.2 | G9: =IF('BAN-M Electrical & Water July25'!H14+'BAN-M Electrical & Water July25'!J14>0,'BAN-M Electrical & Water July25'!H14+'BAN-M Electrical & Water July25'!J14,0) -> 28 | H9: 7.84 | I9: 15 | J9: 17
A10: Al Mugheirah | B10: =B9+1 -> 9 | C10: 9 | D10: 2025 | E10: =IF('BAN-M Electrical & Water July25'!F15>0,'BAN-M Electrical & Water July25'!F15,0) -> 5148 | F10: 0.2 | G10: =IF('BAN-M Electrical & Water July25'!H15+'BAN-M Electrical & Water July25'!J15>0,'BAN-M Electrical & Water July25'!H15+'BAN-M Electrical & Water July25'!J15,0) -> 23 | H10: 7.84 | I10: 14 | J10: 15
A11: Al Mugheirah | B11: =B10+1 -> 10 | C11: 9 | D11: 2025 | E11: =IF('BAN-M Electrical & Water July25'!F16>0,'BAN-M Electrical & Water July25'!F16,0) -> 6438 | F11: 0.2 | G11: =IF('BAN-M Electrical & Water July25'!H16+'BAN-M Electrical & Water July25'!J16>0,'BAN-M Electrical & Water July25'!H16+'BAN-M Electrical & Water July25'!J16,0) -> 13 | H11: 7.84 | I11: 27 | J11: 31
A12: Al Mugheirah | B12: =B11+1 -> 11 | C12: 9 | D12: 2025 | E12: =IF('BAN-M Electrical & Water July25'!F17>0,'BAN-M Electrical & Water July25'!F17,0) -> 6716 | F12: 0.2 | G12: =IF('BAN-M Electrical & Water July25'!H17+'BAN-M Electrical & Water July25'!J17>0,'BAN-M Electrical & Water July25'!H17+'BAN-M Electrical & Water July25'!J17,0) -> 43 | H12: 7.84 | I12: 27 | J12: 31
A13: Al Mugheirah | B13: =B12+1 -> 12 | C13: 9 | D13: 2025 | E13: =IF('BAN-M Electrical & Water July25'!F18>0,'BAN-M Electrical & Water July25'!F18,0) -> 7092 | F13: 0.2 | G13: =IF('BAN-M Electrical & Water July25'!H18+'BAN-M Electrical & Water July25'!J18>0,'BAN-M Electrical & Water July25'!H18+'BAN-M Electrical & Water July25'!J18,0) -> 43 | H13: 7.84 | I13: 31 | J13: 39
A14: Al Mugheirah | B14: =B13+1 -> 13 | C14: 9 | D14: 2025 | E14: =IF('BAN-M Electrical & Water July25'!F19>0,'BAN-M Electrical & Water July25'!F19,0) -> 6350 | F14: 0.2 | G14: =IF('BAN-M Electrical & Water July25'!H19+'BAN-M Electrical & Water July25'!J19>0,'BAN-M Electrical & Water July25'!H19+'BAN-M Electrical & Water July25'!J19,0) -> 27 | H14: 7.84 | I14: 36 | J14: 50
... A31: Al Mugheirah | B31: =B30+1 -> 30 | C31: 9 | D31: 2025 | E31: =IF('BAN-M Electrical & Water July25'!F36>0,'BAN-M Electrical & Water July25'!F36,0) -> 5154 | F31: 0.2 | G31: =IF('BAN-M Electrical & Water July25'!H36+'BAN-M Electrical & Water July25'!J36>0,'BAN-M Electrical & Water July25'!H36+'BAN-M Electrical & Water July25'!J36,0) -> 32 | H31: 7.84 | I31: 35 | J31: 50
A32: Al Mugheirah | B32: =B31+1 -> 31 | C32: 9 | D32: 2025 | E32: =IF('BAN-M Electrical & Water July25'!F37>0,'BAN-M Electrical & Water July25'!F37,0) -> 0 | F32: 0.2 | G32: =IF('BAN-M Electrical & Water July25'!H37+'BAN-M Electrical & Water July25'!J37>0,'BAN-M Electrical & Water July25'!H37+'BAN-M Electrical & Water July25'!J37,0) -> 0 | H32: 7.84

Sheet BAN-M Electrical & Water July25
C1: BAN- Mugheirah Utility Readings
A2: TYPE | B2: Time | C2: BAN- Mugheirah Utility Readings -ADDC Electrical | D2: Daily Consumptions | E2: BAN- Mugheirah Utility Readings -ADDC Electrical | F2: Daily Consumptions | G2: BAN- Mugheirah Utility Readings - ADDC Water. ( Villas) | H2: Daily Consumptions | I2: BAN- Mugheirah Utility Readings - ADDC Water (Irrigations) | J2: Daily Consumptions | K2: Remarks
A3: Meter | C3: AC No 0405438373 | E3: AC N0 33777729225
A4: DATE | C4: Electricity (kWH) | E4: Electricity (kWH)
D5: KWH | F5: KWH | G5: CuM | H5: CuM | I5: CuM | J5: CuM
A6: 45900 | B6: 0.21875 | C6: 2837394 | D6: 0 | E6: 7602856 | F6: 0 | G6: 1053 | H6: 0 | J6: 0
A7: 45901 | B7: 0.99930556 | C7: 2841772 | D7: =C7-C6 -> 4378 | E7: 7613199 | F7: =E7-E6 -> 10343 | G7: 1107 | H7: =G7-G6 -> 54 | J7: =I7-I6 -> 0
A8: 45902 | B8: 0.28472222 | C8: 2842496 | D8: =C8-C7 -> 724 | E8: 7614474 | F8: =E8-E7 -> 1275 | G8: 1112 | H8: =G8-G7 -> 5 | J8: =I8-I7 -> 0
A9: 45903 | B9: 0.20833333 | C9: 2844621 | D9: =C9-C8 -> 2125 | E9: 7619390 | F9: =E9-E8 -> 4916 | G9: 1130 | H9: =G9-G8 -> 18 | J9: =I9-I8 -> 0
A10: 45904 | B10: 0.21875 | C10: 2846754 | D10: =C10-C9 -> 2133 | E10: 7624606 | F10: =E10-E9 -> 5216 | G10: 1158 | H10: =G10-G9 -> 28 | J10: =I10-I9 -> 0
A11: 45905 | B11: 0.20833333 | C11: 2848940 | D11: =C11-C10 -> 2186 | E11: 7630415 | F11: =E11-E10 -> 5809 | G11: 1193 | H11: =G11-G10 -> 35 | J11: =I11-I10 -> 0
A12: 45906 | B12: 0.25 | C12: 2851515 | D12: =C12-C11 -> 2575 | E12: 7637280 | F12: =E12-E11 -> 6865 | G12: 1239 | H12: =G12-G11 -> 46 | J12: =I12-I11 -> 0
A13: 45907 | B13: 0.21527778 | C13: 2853871 | D13: =C13-C12 -> 2356 | E13: 7643611 | F13: =E13-E12 -> 6331 | G13: 1277 | H13: =G13-G12 -> 38 | J13: =I13-I12 -> 0
A14: 45908 | B14: 0.22222222 | C14: 2856217 | D14: =C14-C13 -> 2346 | E14: 7649190 | F14: =E14-E13 -> 5579 | G14: 1305 | H14: =G14-G13 -> 28 | J14: =I14-I13 -> 0
A15: 45909 | B15: 0.20833333 | C15: 2858428 | D15: =C15-C14 -> 2211 | E15: 7654338 | F15: =E15-E14 -> 5148 | G15: 1328 | H15: =G15-G14 -> 23 | J15: =I15-I14 -> 0
A16: 45910 | B16: 0.22222222 | C16: =C15+2361 -> 2860789 | D16: =C16-C15 -> 2361 | E16: =E15+6438 -> 7660776 | F16: =E16-E15 -> 6438 | G16: =G15+13 -> 1341 | H16: =G16-G15 -> 13 | J16: =I16-I15 -> 0
A17: 45911 | B17: 0.21875 | C17: 2863061 | D17: =C17-C16 -> 2272 | E17: 7667492 | F17: =E17-E16 -> 6716 | G17: 1384 | H17: =G17-G16 -> 43 | J17: =I17-I16 -> 0
A18: 45912 | B18: 0.20833333 | C18: 2865582 | D18: =C18-C17 -> 2521 | E18: 7674584 | F18: =E18-E17 -> 7092 | G18: 1427 | H18: =G18-G17 -> 43 | J18: =I18-I17 -> 0
A19: 45913 | B19: 0.21527778 | C19: 2868169 | D19: =C19-C18 -> 2587 | E19: 7680934 | F19: =E19-E18 -> 6350 | G19: 1454 | H19: =G19-G18 -> 27 | J19: =I19-I18 -> 0
A20: 45914 | B20: 0.20833333 | C20: 2870795 | D20: =C20-C19 -> 2626 | E20: 7687884 | F20: =E20-E19 -> 6950 | G20: 1478 | H20: =G20-G19 -> 24 | J20: =I20-I19 -> 0
A21: 45915 | B21: 0.22222222 | C21: 2873134 | D21: =C21-C20 -> 2339 | E21: 7694540 | F21: =E21-E20 -> 6656 | G21: 1520 | H21: =G21-G20 -> 42 | J21: =I21-I20 -> 0
A22: 45916 | B22: 0.20833333 | C22: 2875116 | D22: =C22-C21 -> 1982 | E22: 7699399 | F22: =E22-E21 -> 4859 | G22: 1544 | H22: =G22-G21 -> 24 | J22: =I22-I21 -> 0
A23: 45917 | B23: 0.22222222 | C23: =C22+2105 -> 2877221 | D23: =C23-C22 -> 2105 | E23: =E22+6443 -> 7705842 | F23: =E23-E22 -> 6443 | G23: =G22+33 -> 1577 | H23: =G23-G22 -> 33 | J23: =I23-I22 -> 0
A24: 45918 | B24: 0.20833333 | C24: 2879934 | D24: =C24-C23 -> 2713 | E24: 7712360 | F24: =E24-E23 -> 6518 | G24: 1608 | H24: =G24-G23 -> 31 | J24: =I24-I23 -> 0
A25: 45919 | B25: 0.22222222 | C25: 2882214 | D25: =C25-C24 -> 2280 | E25: 7718517 | F25: =E25-E24 -> 6157 | G25: 1639 | H25: =G25-G24 -> 31 | J25: =I25-I24 -> 0
A26: 45920 | B26: 0.20833333 | C26: 2884289 | D26: =C26-C25 -> 2075 | E26: 7724133 | F26: =E26-E25 -> 5616 | G26: 1712 | H26: =G26-G25 -> 73 | J26: =I26-I25 -> 0
A27: 45921 | B27: 0.21875 | C27: 2886607 | D27: =C27-C26 -> 2318 | E27: 7730252 | F27: =E27-E26 -> 6119 | G27: 1802 | H27: =G27-G26 -> 90 | J27: =I27-I26 -> 0
A28: 45922 | B28: 0.20833333 | C28: 2888962 | D28: =C28-C27 -> 2355 | E28: 7736205 | F28: =E28-E27 -> 5953 | G28: 1859 | H28: =G28-G27 -> 57 | J28: =I28-I27 -> 0
A29: 45923 | B29: 0.21666667 | C29: 2891763 | D29: =C29-C28 -> 2801 | E29: 7743181 | F29: =E29-E28 -> 6976 | G29: 1886 | H29: =G29-G28 -> 27 | J29: =I29-I28 -> 0
A30: 45924 | B30: 0.20833333 | C30: 2893827 | D30: =C30-C29 -> 2064 | E30: 7747929 | F30: =E30-E29 -> 4748 | G30: 1917 | H30: =G30-G29 -> 31 | J30: =I30-I29 -> 0
A31: 45925 | B31: 0.22222222 | C31: 2896047 | D31: =C31-C30 -> 2220 | E31: 7753882 | F31: =E31-E30 -> 5953 | G31: 1947 | H31: =G31-G30 -> 30 | J31: =I31-I30 -> 0
A32: 45926 | B32: 0.21527778 | C32: 2898042 | D32: =C32-C31 -> 1995 | E32: 7759199 | F32: =E32-E31 -> 5317 | G32: 1973 | H32: =G32-G31 -> 26 | J32: =I32-I31 -> 0
A33: 45927 | B33: 0.22916667 | C33: 2899797 | D33: =C33-C32 -> 1755 | E33: 7763753 | F33: =E33-E32 -> 4554 | G33: 2016 | H33: =G33-G32 -> 43 | J33: =I33-I32 -> 0
A34: 45928 | B34: 0.20833333 | C34: 2901738 | D34: =C34-C33 -> 1941 | E34: 7768997 | F34: =E34-E33 -> 5244 | G34: 2051 | H34: =G34-G33 -> 35 | J34: =I34-I33 -> 0
A35: 45929 | B35: 0.20833333 | C35: 2904591 | D35: =C35-C34 -> 2853 | E35: 7775995 | F35: =E35-E34 -> 6998 | G35: 2099 | H35: =G35-G34 -> 48 | J35: =I35-I34 -> 0
A36: 45930 | B36: 0.27083333 | C36: 2906648 | D36: =C36-C35 -> 2057 | E36: 7781149 | F36: =E36-E35 -> 5154 | G36: 2131 | H36: =G36-G35 -> 32 | J36: =I36-I35 -> 0
A37: 45931 | D37: =C37-C36 -> -2906648 | F37: =E37-E36 -> -7781149 | H37: =G37-G36 -> -2131 | J37: =I37-I36 -> 0
D38: =D37-D6 -> -2906648 | F38: =F37-F6 -> -7781149 | H38: =H37-H6 -> -2131 | J38: =J37-J6 -> 0
