Workbook
Name شت8: #REF!

Sheet Total
A1: Site Name | B1: Day | C1: Month | D1: Year | E1: Total Electricity Kwh | F1: Electricity Tariff ($/Kwh) | G1: Water Utility Supply (m3) m3 | H1: Water Utility Supply (m3) $/m3 | I1: Room Nights | J1: Total Guests
A2: Al Mugheirah | B2: 1 | C2: 10 | D2: 2025 | E2: =IF('BAN-M Electrical & Water '!F7>0,'BAN-M Electrical & Water '!F7,0) -> 4953 | F2: 0.2 | G2: =IF('BAN-M Electrical & Water '!H7+'BAN-M Electrical & Water '!J7>0,'BAN-M Electrical & Water '!H7+'BAN-M Electrical & Water '!J7,0) -> 84 | H2: 7.84 | I2: 31 | J2: 40
A3: Al Mugheirah | B3: =B2+1 -> 2 | C3: 10 | D3: 2025 | E3: =IF('BAN-M Electrical & Water '!F8>0,'BAN-M Electrical & Water '!F8,0) -> 4996 | F3: 0.2 | G3: =IF('BAN-M Electrical & Water '!H8+'BAN-M Electrical & Water '!J8>0,'BAN-M Electrical & Water '!H8+'BAN-M Electrical & Water '!J8,0) -> 76 | H3: 7.84 | I3: 33 | J3: 44
A4: Al Mugheirah | B4: =B3+1 -> 3 | C4: 10 | D4: 2025 | E4: =IF('BAN-M Electrical & Water '!F9>0,'BAN-M Electrical & Water '!F9,0) -> 5451 | F4: 0.2 | G4: =IF('BAN-M Electrical & Water '!H9+'BAN-M Electrical & Water '!J9>0,'BAN-M Electrical & Water '!H9+'BAN-M Electrical & Water '!J9,0) -> 50 | H4: 7.84 | I4: 36 | J4: 53
A5: Al Mugheirah | B5: =B4+1 -> 4 | C5: 10 | D5: 2025 | E5: =IF('BAN-M Electrical & Water '!F10>0,'BAN-M Electrical & Water '!F10,0) -> 5857 | F5: 0.2 | G5: =IF('BAN-M Electrical & Water '!H10+'BAN-M Electrical & Water '!J10>0,'BAN-M Electrical & Water '!H10+'BAN-M Electrical & Water '!J10,0) -> 133 | H5: 7.84 | I5: 37 | J5: 53
A6: Al Mugheirah | B6: =B5+1 -> 5 | C6: 10 | D6: 2025 | E6: =IF('BAN-M Electrical & Water '!F11>0,'BAN-M Electrical & Water '!F11,0) -> 4894 | F6: 0.2 | G6: =IF('BAN-M Electrical & Water '!H11+'BAN-M Electrical & Water '!J11>0,'BAN-M Electrical & Water '!H11+'BAN-M Electrical & Water '!J11,0) -> 37 | H6: 7.84 | I6: 36 | J6: 53
A7: Al Mugheirah | B7: =B6+1 -> 6 | C7: 10 | D7: 2025 | E7: =IF('BAN-M Electrical & Water '!F12>0,'BAN-M Electrical & Water '!F12,0) -> 4611 | F7: 0.2 | G7: =IF('BAN-M Electrical & Water '!H12+'BAN-M Electrical & Water '!J12>0,'BAN-M Electrical & Water '!H12+'BAN-M Electrical & Water '!J12,0) -> 69 | H7: 7.84 | I7: 35 | J7: 47
A8: Al Mugheirah | B8: =B7+1 -> 7 | C8: 10 | D8: 2025 | E8: =IF('BAN-M Electrical & Water '!F13>0,'BAN-M Electrical & Water '!F13,0) -> 4355 | F8: 0.2 | G8: =IF('BAN-M Electrical & Water '!H13+'BAN-M Electrical & Water '!J13>0,'BAN-M Electrical & Water '!H13+'BAN-M Electrical & Water '!J13,0) -> 129 | H8: 7.84 | I8: 34 | J8: 46
A9: Al Mugheirah | B9: =B8+1 -> 8 | C9: 10 | D9: 2025 | E9: =IF('BAN-M Electrical & Water '!F14>0,'BAN-M Electrical & Water '!F14,0) -> 4955 | F9: 0.2 | G9: =IF('BAN-M Electrical & Water '!H14+'BAN-M Electrical & Water '!J14>0,'BAN-M Electrical & Water '!H14+'BAN-M Electrical & Water '!J14,0) -> 98 | H9: 7.84 | I9: 34 | J9: 43
A10: Al Mugheirah | B10: =B9+1 -> 9 | C10: 10 | D10: 2025 | E10: =IF('BAN-M Electrical & Water '!F15>0,'BAN-M Electrical & Water '!F15,0) -> 5142 | F10: 0.2 | G10: =IF('BAN-M Electrical & Water '!H15+'BAN-M Electrical & Water '!J15>0,'BAN-M Electrical & Water '!H15+'BAN-M Electrical & Water '!J15,0) -> 38 | H10: 7.84 | I10: 34 | J10: 44
A11: Al Mugheirah | B11: =B10+1 -> 10 | C11: 10 | D11: 2025 | E11: =IF('BAN-M Electrical & Water '!F16>0,'BAN-M Electrical & Water '!F16,0) -> 5212 | F11: 0.2 | G11: =IF('BAN-M Electrical & Water '!H16+'BAN-M Electrical & Water '!J16>0,'BAN-M Electrical & Water '!H16+'BAN-M Electrical & Water '!J16,0) -> 36 | H11: 7.84 | I11: 36 | J11: 47
A12: Al Mugheirah | B12: =B11+1 -> 11 | C12: 10 | D12: 2025 | E12: =IF('BAN-M Electrical & Water '!F17>0,'BAN-M Electrical & Water '!F17,0) -> 4763 | F12: 0.2 | G12: =IF('BAN-M Electrical & Water '!H17+'BAN-M Electrical & Water '!J17>0,'BAN-M Electrical & Water '!H17+'BAN-M Electrical & Water '!J17,0) -> 35 | H12: 7.84 | I12: 38 | J12: 75
A13: Al Mugheirah | B13: =B12+1 -> 12 | C13: 10 | D13: 2025 | E13: =IF('BAN-M Electrical & Water '!F18>0,'BAN-M Electrical & Water '!F18,0) -> 5094 | F13: 0.2 | G13: =IF('BAN-M Electrical & Water '!H18+'BAN-M Electrical & Water '!J18>0,'BAN-M Electrical & Water '!H18+'BAN-M Electrical & Water '!J18,0) -> 82 | H13: 7.84 | I13: 33 | J13: 51
A14: Al Mugheirah | B14: =B13+1 -> 13 | C14: 10 | D14: 2025 | E14: =IF('BAN-M Electrical & Water '!F19>0,'BAN-M Electrical & Water '!F19,0) -> 5291 | F14: 0.2 | G14: =IF('BAN-M Electrical & Water '!H19+'BAN-M Electrical & Water '!J19>0,'BAN-M Electrical & Water '!H19+'BAN-M Electrical & Water '!J19,0) -> 93 | H14: 7.84 | I14: 33 | J14: 53
... A32: Al Mugheirah | B32: =B31+1 -> 31 | C32: 10 | D32: 2025 | E32: =IF('BAN-M Electrical & Water '!F37>0,'BAN-M Electrical & Water '!F37,0) -> 3729 | F32: 0.2 | G32: =IF('BAN-M Electrical & Water '!H37+'BAN-M Electrical & Water '!J37>0,'BAN-M Electrical & Water '!H37+'BAN-M Electrical & Water '!J37,0) -> 113 | H32: 7.84 | I32: 13 | J32: 32

Sheet BAN-M Electrical & Water 
C1: BAN- Mugheirah Utility Readings
A2: TYPE | B2: Time | C2: BAN- Mugheirah Utility Readings -ADDC Electrical | D2: Daily Consumptions | E2: BAN- Mugheirah Utility Readings -ADDC Electrical | F2: Daily Consumptions | G2: BAN- Mugheirah Utility Readings - ADDC Water. ( Villas) | H2: Daily Consumptions | I2: BAN- Mugheirah Utility Readings - ADDC Water (Irrigations) | J2: Daily Consumptions | K2: Remarks
A3: Meter | C3: AC No 0405438373 | E3: AC N0 33777729225
A4: DATE | C4: Electricity (kWH) | E4: Electricity (kWH)
D5: KWH | F5: KWH | G5: CuM | H5: CuM | I5: CuM | J5: CuM
A6: 31/09/2025 | B6: 0.21875 | C6: 2906648 | D6: 0 | E6: 7781149 | F6: 0 | G6: 2131 | H6: 0 | I6: 2954 | J6: 0
A7: 45931 | B7: 0.22916667 | C7: 2908566 | D7: =C7-C6 -> 1918 | E7: 7786102 | F7: =E7-E6 -> 4953 | G7: 2173 | H7: =G7-G6 -> 42 | I7: 2996 | J7: =I7-I6 -> 42
A8: 45932 | B8: 0.22916667 | C8: =C7+1981 -> 2910547 | D8: =C8-C7 -> 1981 | E8: =+E7+4996 -> 7791098 | F8: =E8-E7 -> 4996 | G8: =+G7+45 -> 2218 | H8: =G8-G7 -> 45 | I8: =I7+31 -> 3027 | J8: =I8-I7 -> 31
A9: 45933 | B9: 0.22222222 | C9: =C8+1931 -> 2912478 | D9: =C9-C8 -> 1931 | E9: =+E8+5451 -> 7796549 | F9: =E9-E8 -> 5451 | G9: =+G8+22 -> 2240 | H9: =G9-G8 -> 22 | I9: =I8+28 -> 3055 | J9: =I9-I8 -> 28
A10: 45934 | B10: 0.20833333 | C10: 2914699 | D10: =C10-C9 -> 2221 | E10: 7802406 | F10: =E10-E9 -> 5857 | G10: 2268 | H10: =G10-G9 -> 28 | I10: 3160 | J10: =I10-I9 -> 105
A11: 45935 | B11: 0.20833333 | C11: 2916621 | D11: =C11-C10 -> 1922 | E11: 7807300 | F11: =E11-E10 -> 4894 | G11: 2296 | H11: =G11-G10 -> 28 | I11: 3169 | J11: =I11-I10 -> 9
A12: 45936 | B12: 0.21875 | C12: =C11+1882 -> 2918503 | D12: =C12-C11 -> 1882 | E12: =+E11+4611 -> 7811911 | F12: =E12-E11 -> 4611 | G12: =G11+30 -> 2326 | H12: =G12-G11 -> 30 | I12: =+I11+39 -> 3208 | J12: =I12-I11 -> 39
A13: 45937 | B13: 0.20833333 | C13: 2920161 | D13: =C13-C12 -> 1658 | E13: 7816266 | F13: =E13-E12 -> 4355 | G13: 2367 | H13: =G13-G12 -> 41 | I13: 3296 | J13: =I13-I12 -> 88
A14: 45938 | B14: 0.20833333 | C14: 2922191 | D14: =C14-C13 -> 2030 | E14: 7821221 | F14: =E14-E13 -> 4955 | G14: 2424 | H14: =G14-G13 -> 57 | I14: 3337 | J14: =I14-I13 -> 41
A15: 45939 | B15: 0.23263889 | C15: 2924275 | D15: =C15-C14 -> 2084 | E15: 7826363 | F15: =E15-E14 -> 5142 | G15: 2462 | H15: =G15-G14 -> 38 | I15: 3337 | J15: =I15-I14 -> 0
A16: 45940 | B16: 0.20833333 | C16: 2926349 | D16: =C16-C15 -> 2074 | E16: 7831575 | F16: =E16-E15 -> 5212 | G16: 2498 | H16: =G16-G15 -> 36 | I16: 3337 | J16: =I16-I15 -> 0
A17: 45941 | B17: 0.20833333 | C17: 2928263 | D17: =C17-C16 -> 1914 | E17: 7836338 | F17: =E17-E16 -> 4763 | G17: 2532 | H17: =G17-G16 -> 34 | I17: 3338 | J17: =I17-I16 -> 1
A18: 45942 | B18: 0.20833333 | C18: 2930151 | D18: =C18-C17 -> 1888 | E18: 7841432 | F18: =E18-E17 -> 5094 | G18: 2570 | H18: =G18-G17 -> 38 | I18: 3382 | J18: =I18-I17 -> 44
A19: 45943 | B19: 0.22916667 | C19: 2932137 | D19: =C19-C18 -> 1986 | E19: 7846723 | F19: =E19-E18 -> 5291 | G19: 2611 | H19: =G19-G18 -> 41 | I19: 3434 | J19: =I19-I18 -> 52
A20: 45944 | B20: 0.20833333 | C20: 2934030 | D20: =C20-C19 -> 1893 | E20: 7851356 | F20: =E20-E19 -> 4633 | G20: 2644 | H20: =G20-G19 -> 33 | I20: 3480 | J20: =I20-I19 -> 46
A21: 45945 | B21: 0.20833333 | C21: 2935947 | D21: =C21-C20 -> 1917 | E21: 7855848 | F21: =E21-E20 -> 4492 | G21: 2699 | H21: =G21-G20 -> 55 | I21: 3602 | J21: =I21-I20 -> 122
A22: 45946 | B22: 0.23611111 | C22: 2938067 | D22: =C22-C21 -> 2120 | E22: 7861276 | F22: =E22-E21 -> 5428 | G22: 2742 | H22: =G22-G21 -> 43 | I22: 3602 | J22: =I22-I21 -> 0
A23: 45947 | B23: 0.23611111 | C23: 2940039 | D23: =C23-C22 -> 1972 | E23: 7866362 | F23: =E23-E22 -> 5086 | G23: 2784 | H23: =G23-G22 -> 42 | I23: 3673 | J23: =I23-I22 -> 71
A24: 45948 | B24: 0.20833333 | C24: 2941890 | D24: =C24-C23 -> 1851 | E24: 7871146 | F24: =E24-E23 -> 4784 | G24: 2826 | H24: =G24-G23 -> 42 | I24: 3727 | J24: =I24-I23 -> 54
... A37: 45961 | B37: 0.20833333 | C37: 2964431 | D37: =C37-C36 -> 1670 | E37: 7928838 | F37: =E37-E36 -> 3729 | G37: 3367 | H37: =G37-G36 -> 46 | I37: 4318 | J37: =I37-I36 -> 67
D38: =D37-D6 -> 1670 | F38: =F37-F6 -> 3729 | H38: =H37-H6 -> 46 | J38: =J37-J6 -> 67
