Workbook
Name شت8: #REF!

Sheet Total
A1: Site Name | B1: Day | C1: Month | D1: Year | E1: Total Electricity Kwh | F1: Electricity Tariff ($/Kwh) | G1: Water Utility Supply (m3) m3 | H1: Water Utility Supply (m3) $/m3 | I1: Room Nights | J1: Total Guests
A2: Al Mugheirah | B2: 1 | C2: 4 | D2: 2026 | E2: =IF('BAN-M Electrical & Water Dec25'!F7>0,'BAN-M Electrical & Water Dec25'!F7,0) -> 2594 | F2: 0.2 | G2: =IF('BAN-M Electrical & Water Dec25'!H7+'BAN-M Electrical & Water Dec25'!J7>0,'BAN-M Electrical & Water Dec25'!H7+'BAN-M Electrical & Water Dec25'!J7,0) -> 55 | H2: 7.84 | I2: 14 | J2: 31
A3: Al Mugheirah | B3: =B2+1 -> 2 | C3: 4 | D3: 2026 | E3: =IF('BAN-M Electrical & Water Dec25'!F8>0,'BAN-M Electrical & Water Dec25'!F8,0) -> 3491 | F3: 0.2 | G3: =IF('BAN-M Electrical & Water Dec25'!H8+'BAN-M Electrical & Water Dec25'!J8>0,'BAN-M Electrical & Water Dec25'!H8+'BAN-M Electrical & Water Dec25'!J8,0) -> 16 | H3: 7.84 | I3: 16 | J3: 31
A4: Al Mugheirah | B4: =B3+1 -> 3 | C4: 4 | D4: 2026 | E4: =IF('BAN-M Electrical & Water Dec25'!F9>0,'BAN-M Electrical & Water Dec25'!F9,0) -> 2651 | F4: 0.2 | G4: =IF('BAN-M Electrical & Water Dec25'!H9+'BAN-M Electrical & Water Dec25'!J9>0,'BAN-M Electrical & Water Dec25'!H9+'BAN-M Electrical & Water Dec25'!J9,0) -> 24 | H4: 7.84 | I4: 27 | J4: 59
A5: Al Mugheirah | B5: =B4+1 -> 4 | C5: 4 | D5: 2026 | E5: =IF('BAN-M Electrical & Water Dec25'!F10>0,'BAN-M Electrical & Water Dec25'!F10,0) -> 2439 | F5: 0.2 | G5: =IF('BAN-M Electrical & Water Dec25'!H10+'BAN-M Electrical & Water Dec25'!J10>0,'BAN-M Electrical & Water Dec25'!H10+'BAN-M Electrical & Water Dec25'!J10,0) -> 45 | H5: 7.84 | I5: 26 | J5: 59
A6: Al Mugheirah | B6: =B5+1 -> 5 | C6: 4 | D6: 2026 | E6: =IF('BAN-M Electrical & Water Dec25'!F11>0,'BAN-M Electrical & Water Dec25'!F11,0) -> 3638 | F6: 0.2 | G6: =IF('BAN-M Electrical & Water Dec25'!H11+'BAN-M Electrical & Water Dec25'!J11>0,'BAN-M Electrical & Water Dec25'!H11+'BAN-M Electrical & Water Dec25'!J11,0) -> 49 | H6: 7.84 | I6: 12 | J6: 23
A7: Al Mugheirah | B7: =B6+1 -> 6 | C7: 4 | D7: 2026 | E7: =IF('BAN-M Electrical & Water Dec25'!F12>0,'BAN-M Electrical & Water Dec25'!F12,0) -> 2873 | F7: 0.2 | G7: =IF('BAN-M Electrical & Water Dec25'!H12+'BAN-M Electrical & Water Dec25'!J12>0,'BAN-M Electrical & Water Dec25'!H12+'BAN-M Electrical & Water Dec25'!J12,0) -> 73 | H7: 7.84 | I7: 5 | J7: 9
A8: Al Mugheirah | B8: =B7+1 -> 7 | C8: 4 | D8: 2026 | E8: =IF('BAN-M Electrical & Water Dec25'!F13>0,'BAN-M Electrical & Water Dec25'!F13,0) -> 2809 | F8: 0.2 | G8: =IF('BAN-M Electrical & Water Dec25'!H13+'BAN-M Electrical & Water Dec25'!J13>0,'BAN-M Electrical & Water Dec25'!H13+'BAN-M Electrical & Water Dec25'!J13,0) -> 58 | H8: 7.84 | I8: 8 | J8: 16
A9: Al Mugheirah | B9: =B8+1 -> 8 | C9: 4 | D9: 2026 | E9: =IF('BAN-M Electrical & Water Dec25'!F14>0,'BAN-M Electrical & Water Dec25'!F14,0) -> 2706 | F9: 0.2 | G9: =IF('BAN-M Electrical & Water Dec25'!H14+'BAN-M Electrical & Water Dec25'!J14>0,'BAN-M Electrical & Water Dec25'!H14+'BAN-M Electrical & Water Dec25'!J14,0) -> 87 | H9: 7.84 | I9: 8 | J9: 16
A10: Al Mugheirah | B10: =B9+1 -> 9 | C10: 4 | D10: 2026 | E10: =IF('BAN-M Electrical & Water Dec25'!F15>0,'BAN-M Electrical & Water Dec25'!F15,0) -> 2721 | F10: 0.2 | G10: =IF('BAN-M Electrical & Water Dec25'!H15+'BAN-M Electrical & Water Dec25'!J15>0,'BAN-M Electrical & Water Dec25'!H15+'BAN-M Electrical & Water Dec25'!J15,0) -> 171 | H10: 7.84 | I10: 9 | J10: 19
A11: Al Mugheirah | B11: =B10+1 -> 10 | C11: 4 | D11: 2026 | E11: =IF('BAN-M Electrical & Water Dec25'!F16>0,'BAN-M Electrical & Water Dec25'!F16,0) -> 2853 | F11: 0.2 | G11: =IF('BAN-M Electrical & Water Dec25'!H16+'BAN-M Electrical & Water Dec25'!J16>0,'BAN-M Electrical & Water Dec25'!H16+'BAN-M Electrical & Water Dec25'!J16,0) -> 5 | H11: 7.84 | I11: 21 | J11: 43
A12: Al Mugheirah | B12: =B11+1 -> 11 | C12: 4 | D12: 2026 | E12: =IF('BAN-M Electrical & Water Dec25'!F17>0,'BAN-M Electrical & Water Dec25'!F17,0) -> 3312 | F12: 0.2 | G12: =IF('BAN-M Electrical & Water Dec25'!H17+'BAN-M Electrical & Water Dec25'!J17>0,'BAN-M Electrical & Water Dec25'!H17+'BAN-M Electrical & Water Dec25'!J17,0) -> 24 | H12: 7.84 | I12: 26 | J12: 54
A13: Al Mugheirah | B13: =B12+1 -> 12 | C13: 4 | D13: 2026 | E13: =IF('BAN-M Electrical & Water Dec25'!F18>0,'BAN-M Electrical & Water Dec25'!F18,0) -> 2642 | F13: 0.2 | G13: =IF('BAN-M Electrical & Water Dec25'!H18+'BAN-M Electrical & Water Dec25'!J18>0,'BAN-M Electrical & Water Dec25'!H18+'BAN-M Electrical & Water Dec25'!J18,0) -> 44 | H13: 7.84 | I13: 10 | J13: 20
A14: Al Mugheirah | B14: =B13+1 -> 13 | C14: 4 | D14: 2026 | E14: =IF('BAN-M Electrical & Water Dec25'!F19>0,'BAN-M Electrical & Water Dec25'!F19,0) -> 2643 | F14: 0.2 | G14: =IF('BAN-M Electrical & Water Dec25'!H19+'BAN-M Electrical & Water Dec25'!J19>0,'BAN-M Electrical & Water Dec25'!H19+'BAN-M Electrical & Water Dec25'!J19,0) -> 98 | H14: 7.84 | I14: 6 | J14: 13
... A31: Al Mugheirah | B31: =B30+1 -> 30 | C31: 4 | D31: 2026 | E31: =IF('BAN-M Electrical & Water Dec25'!F36>0,'BAN-M Electrical & Water Dec25'!F36,0) -> 3765 | F31: 0.2 | G31: =IF('BAN-M Electrical & Water Dec25'!H36+'BAN-M Electrical & Water Dec25'!J36>0,'BAN-M Electrical & Water Dec25'!H36+'BAN-M Electrical & Water Dec25'!J36,0) -> 89 | H31: 7.84 | I31: 9 | J31: 20
I32: 414 | J32: 868

Sheet BAN-M Electrical & Water Dec25
C1: BAN- Mugheirah Utility Readings
A2: TYPE | B2: Time | C2: BAN- Mugheirah Utility Readings -ADDC Electrical | D2: Daily Consumptions | E2: BAN- Mugheirah Utility Readings -ADDC Electrical | F2: Daily Consumptions | G2: BAN- Mugheirah Utility Readings - ADDC Water. ( Villas) | H2: Daily Consumptions | I2: BAN- Mugheirah Utility Readings - ADDC Water (Irrigations) | J2: Daily Consumptions | K2: Remarks
A3: Meter | C3: AC No 0405438373 | E3: AC N0 33777729225
A4: DATE | C4: Electricity (kWH) | E4: Electricity (kWH)
D5: KWH | F5: KWH | G5: CuM | H5: CuM | I5: CuM | J5: CuM
A6: 46112 | B6: 0.21875 | C6: 3164053 | D6: 0 | E6: 8489322 | F6: 0 | G6: 10348 | H6: 0 | I6: 8991 | J6: 0
A7: 46113 | B7: 0.99930556 | C7: 3165124 | D7: =C7-C6 -> 1071 | E7: 8491916 | F7: =E7-E6 -> 2594 | G7: 10402 | H7: =G7-G6 -> 54 | I7: 8992 | J7: =I7-I6 -> 1
A8: 46114 | B8: 0.28472222 | C8: 3166233 | D8: =C8-C7 -> 1109 | E8: 8495407 | F8: =E8-E7 -> 3491 | G8: 10418 | H8: =G8-G7 -> 16 | I8: 8992 | J8: =I8-I7 -> 0
A9: 46115 | B9: 0.20833333 | C9: 3167198 | D9: =C9-C8 -> 965 | E9: 8498058 | F9: =E9-E8 -> 2651 | G9: 10442 | H9: =G9-G8 -> 24 | I9: 8992 | J9: =I9-I8 -> 0
A10: 46116 | B10: 0.21875 | C10: 3168202 | D10: =C10-C9 -> 1004 | E10: 8500497 | F10: =E10-E9 -> 2439 | G10: 10487 | H10: =G10-G9 -> 45 | I10: 8992 | J10: =I10-I9 -> 0
A11: 46117 | B11: 0.20833333 | C11: 3169337 | D11: =C11-C10 -> 1135 | E11: 8504135 | F11: =E11-E10 -> 3638 | G11: 10524 | H11: =G11-G10 -> 37 | I11: 9004 | J11: =I11-I10 -> 12
A12: 46118 | B12: 0.25 | C12: 3170521 | D12: =C12-C11 -> 1184 | E12: 8507008 | F12: =E12-E11 -> 2873 | G12: 10563 | H12: =G12-G11 -> 39 | I12: 9038 | J12: =I12-I11 -> 34
A13: 46119 | B13: 0.21527778 | C13: 3171567 | D13: =C13-C12 -> 1046 | E13: 8509817 | F13: =E13-E12 -> 2809 | G13: 10598 | H13: =G13-G12 -> 35 | I13: 9061 | J13: =I13-I12 -> 23
A14: 46120 | B14: 0.22222222 | C14: 3172658 | D14: =C14-C13 -> 1091 | E14: 8512523 | F14: =E14-E13 -> 2706 | G14: 10624 | H14: =G14-G13 -> 26 | I14: 9122 | J14: =I14-I13 -> 61
A15: 46121 | B15: 0.20833333 | C15: 3173765 | D15: =C15-C14 -> 1107 | E15: 8515244 | F15: =E15-E14 -> 2721 | G15: 10694 | H15: =G15-G14 -> 70 | I15: 9223 | J15: =I15-I14 -> 101
A16: 46122 | B16: 0.22222222 | C16: 3174810 | D16: =C16-C15 -> 1045 | E16: 8518097 | F16: =E16-E15 -> 2853 | G16: 10699 | H16: =G16-G15 -> 5 | I16: 9223 | J16: =I16-I15 -> 0
A17: 46123 | B17: 0.21875 | C17: 3175962 | D17: =C17-C16 -> 1152 | E17: 8521409 | F17: =E17-E16 -> 3312 | G17: 10723 | H17: =G17-G16 -> 24 | I17: 9223 | J17: =I17-I16 -> 0
A18: 46124 | B18: 0.20833333 | C18: 3177023 | D18: =C18-C17 -> 1061 | E18: 8524051 | F18: =E18-E17 -> 2642 | G18: 10764 | H18: =G18-G17 -> 41 | I18: 9226 | J18: =I18-I17 -> 3
... A36: 46142 | B36: 0.22222222 | C36: 3199309 | D36: =C36-C35 -> 1439 | E36: 8583971 | F36: =E36-E35 -> 3765 | G36: 11337 | H36: =G36-G35 -> 35 | I36: 9858 | J36: =I36-I35 -> 54
D37: =C37-C36 -> -3199309 | F37: =E37-E36 -> -8583971 | G37: 11362 | H37: =G37-G36 -> 25 | J37: =I37-I36 -> -9858
D38: =SUM(D6:D37) -> -3164053 | F38: =SUM(F6:F37) -> -8489322 | H38: =SUM(H6:H37) -> 1014 | J38: =SUM(J6:J37) -> -8991
C39: =C34-C6 -> 32384 | E39: =E34-E6 -> 87258
