Workbook
Name شت8: #REF!

Sheet Total
A1: Site Name | B1: Day | C1: Month | D1: Year | E1: Total Electricity Kwh | F1: Electricity Tariff ($/Kwh) | G1: LPG (Kg) | H1: LPG $/Kg | I1: Water Utility Supply (USG) USG | J1: Water Utility Supply (USG) $/USG | K1: Irrigation Water (USG) USG | L1: Irrigation water $/USG | M1: Room Nights | N1: Total Guests
A2: Bateen Liwa | B2: 1 | C2: 6 | D2: 2026 | E2: =IF('BAN-L Electrical & Water '!D7+'BAN-L Electrical & Water '!F7+'BAN-L Electrical & Water '!H7+'BAN-L Electrical & Water '!J7+'BAN-L Electrical & Water '!L7+'BAN-L Electrical & Water '!N7>0,'BAN-L Electrical & Water '!D7+'BAN-L Electrical & Water '!F7+'BAN-L Electrical & Water '!H7+'BAN-L Electrical & Water '!J7+'BAN-L Electrical & Water '!L7+'BAN-L Electrical & Water '!N7,0) -> 15678 | F2: 0.2 | H2: 5.42 | I2: =IF('BAN-L Electrical & Water '!P7+'BAN-L Electrical & Water '!R7+'BAN-L Electrical & Water '!T7>0,'BAN-L Electrical & Water '!P7+'BAN-L Electrical & Water '!R7+'BAN-L Electrical & Water '!T7,0) -> 269 | J2: 7.84 | L2: 7.84 | M2: 10 | N2: 22
A3: Bateen Liwa | B3: =B2+1 -> 2 | C3: 6 | D3: 2026 | E3: =IF('BAN-L Electrical & Water '!D8+'BAN-L Electrical & Water '!F8+'BAN-L Electrical & Water '!H8+'BAN-L Electrical & Water '!J8+'BAN-L Electrical & Water '!L8+'BAN-L Electrical & Water '!N8>0,'BAN-L Electrical & Water '!D8+'BAN-L Electrical & Water '!F8+'BAN-L Electrical & Water '!H8+'BAN-L Electrical & Water '!J8+'BAN-L Electrical & Water '!L8+'BAN-L Electrical & Water '!N8,0) -> 14548 | F3: 0.2 | H3: 5.42 | I3: =IF('BAN-L Electrical & Water '!P8+'BAN-L Electrical & Water '!R8+'BAN-L Electrical & Water '!T8>0,'BAN-L Electrical & Water '!P8+'BAN-L Electrical & Water '!R8+'BAN-L Electrical & Water '!T8,0) -> 268 | J3: 7.84 | L3: 7.84 | M3: 8 | N3: 17
A4: Bateen Liwa | B4: =B3+1 -> 3 | C4: 6 | D4: 2026 | E4: =IF('BAN-L Electrical & Water '!D9+'BAN-L Electrical & Water '!F9+'BAN-L Electrical & Water '!H9+'BAN-L Electrical & Water '!J9+'BAN-L Electrical & Water '!L9+'BAN-L Electrical & Water '!N9>0,'BAN-L Electrical & Water '!D9+'BAN-L Electrical & Water '!F9+'BAN-L Electrical & Water '!H9+'BAN-L Electrical & Water '!J9+'BAN-L Electrical & Water '!L9+'BAN-L Electrical & Water '!N9,0) -> 15156 | F4: 0.2 | H4: 5.42 | I4: =IF('BAN-L Electrical & Water '!P9+'BAN-L Electrical & Water '!R9+'BAN-L Electrical & Water '!T9>0,'BAN-L Electrical & Water '!P9+'BAN-L Electrical & Water '!R9+'BAN-L Electrical & Water '!T9,0) -> 255 | J4: 7.84 | L4: 7.84 | M4: 7 | N4: 12
A5: Bateen Liwa | B5: =B4+1 -> 4 | C5: 6 | D5: 2026 | E5: =IF('BAN-L Electrical & Water '!D10+'BAN-L Electrical & Water '!F10+'BAN-L Electrical & Water '!H10+'BAN-L Electrical & Water '!J10+'BAN-L Electrical & Water '!L10+'BAN-L Electrical & Water '!N10>0,'BAN-L Electrical & Water '!D10+'BAN-L Electrical & Water '!F10+'BAN-L Electrical & Water '!H10+'BAN-L Electrical & Water '!J10+'BAN-L Electrical & Water '!L10+'BAN-L Electrical & Water '!N10,0) -> 14616 | F5: 0.2 | H5: 5.42 | I5: =IF('BAN-L Electrical & Water '!P10+'BAN-L Electrical & Water '!R10+'BAN-L Electrical & Water '!T10>0,'BAN-L Electrical & Water '!P10+'BAN-L Electrical & Water '!R10+'BAN-L Electrical & Water '!T10,0) -> 249 | J5: 7.84 | L5: 7.84 | M5: 11 | N5: 18
A6: Bateen Liwa | B6: =B5+1 -> 5 | C6: 6 | D6: 2026 | E6: =IF('BAN-L Electrical & Water '!D11+'BAN-L Electrical & Water '!F11+'BAN-L Electrical & Water '!H11+'BAN-L Electrical & Water '!J11+'BAN-L Electrical & Water '!L11+'BAN-L Electrical & Water '!N11>0,'BAN-L Electrical & Water '!D11+'BAN-L Electrical & Water '!F11+'BAN-L Electrical & Water '!H11+'BAN-L Electrical & Water '!J11+'BAN-L Electrical & Water '!L11+'BAN-L Electrical & Water '!N11,0) -> 14828 | F6: 0.2 | H6: 5.42 | I6: =IF('BAN-L Electrical & Water '!P11+'BAN-L Electrical & Water '!R11+'BAN-L Electrical & Water '!T11>0,'BAN-L Electrical & Water '!P11+'BAN-L Electrical & Water '!R11+'BAN-L Electrical & Water '!T11,0) -> 278 | J6: 7.84 | L6: 7.84 | M6: 11 | N6: 23
A7: Bateen Liwa | B7: =B6+1 -> 6 | C7: 6 | D7: 2026 | E7: =IF('BAN-L Electrical & Water '!D12+'BAN-L Electrical & Water '!F12+'BAN-L Electrical & Water '!H12+'BAN-L Electrical & Water '!J12+'BAN-L Electrical & Water '!L12+'BAN-L Electrical & Water '!N12>0,'BAN-L Electrical & Water '!D12+'BAN-L Electrical & Water '!F12+'BAN-L Electrical & Water '!H12+'BAN-L Electrical & Water '!J12+'BAN-L Electrical & Water '!L12+'BAN-L Electrical & Water '!N12,0) -> 14537 | F7: 0.2 | H7: 5.42 | I7: =IF('BAN-L Electrical & Water '!P12+'BAN-L Electrical & Water '!R12+'BAN-L Electrical & Water '!T12>0,'BAN-L Electrical & Water '!P12+'BAN-L Electrical & Water '!R12+'BAN-L Electrical & Water '!T12,0) -> 270 | J7: 7.84 | L7: 7.84 | M7: 17 | N7: 35
A8: Bateen Liwa | B8: =B7+1 -> 7 | C8: 6 | D8: 2026 | E8: =IF('BAN-L Electrical & Water '!D13+'BAN-L Electrical & Water '!F13+'BAN-L Electrical & Water '!H13+'BAN-L Electrical & Water '!J13+'BAN-L Electrical & Water '!L13+'BAN-L Electrical & Water '!N13>0,'BAN-L Electrical & Water '!D13+'BAN-L Electrical & Water '!F13+'BAN-L Electrical & Water '!H13+'BAN-L Electrical & Water '!J13+'BAN-L Electrical & Water '!L13+'BAN-L Electrical & Water '!N13,0) -> 13983 | F8: 0.2 | H8: 5.42 | I8: =IF('BAN-L Electrical & Water '!P13+'BAN-L Electrical & Water '!R13+'BAN-L Electrical & Water '!T13>0,'BAN-L Electrical & Water '!P13+'BAN-L Electrical & Water '!R13+'BAN-L Electrical & Water '!T13,0) -> 282 | J8: 7.84 | L8: 7.84 | M8: 5 | N8: 9
A9: Bateen Liwa | B9: =B8+1 -> 8 | C9: 6 | D9: 2026 | E9: =IF('BAN-L Electrical & Water '!D14+'BAN-L Electrical & Water '!F14+'BAN-L Electrical & Water '!H14+'BAN-L Electrical & Water '!J14+'BAN-L Electrical & Water '!L14+'BAN-L Electrical & Water '!N14>0,'BAN-L Electrical & Water '!D14+'BAN-L Electrical & Water '!F14+'BAN-L Electrical & Water '!H14+'BAN-L Electrical & Water '!J14+'BAN-L Electrical & Water '!L14+'BAN-L Electrical & Water '!N14,0) -> 14067 | F9: 0.2 | H9: 5.42 | I9: =IF('BAN-L Electrical & Water '!P14+'BAN-L Electrical & Water '!R14+'BAN-L Electrical & Water '!T14>0,'BAN-L Electrical & Water '!P14+'BAN-L Electrical & Water '!R14+'BAN-L Electrical & Water '!T14,0) -> 276 | J9: 7.84 | L9: 7.84 | M9: 6 | N9: 11
A10: Bateen Liwa | B10: =B9+1 -> 9 | C10: 6 | D10: 2026 | E10: =IF('BAN-L Electrical & Water '!D15+'BAN-L Electrical & Water '!F15+'BAN-L Electrical & Water '!H15+'BAN-L Electrical & Water '!J15+'BAN-L Electrical & Water '!L15+'BAN-L Electrical & Water '!N15>0,'BAN-L Electrical & Water '!D15+'BAN-L Electrical & Water '!F15+'BAN-L Electrical & Water '!H15+'BAN-L Electrical & Water '!J15+'BAN-L Electrical & Water '!L15+'BAN-L Electrical & Water '!N15,0) -> 14501 | F10: 0.2 | H10: 5.42 | I10: =IF('BAN-L Electrical & Water '!P15+'BAN-L Electrical & Water '!R15+'BAN-L Electrical & Water '!T15>0,'BAN-L Electrical & Water '!P15+'BAN-L Electrical & Water '!R15+'BAN-L Electrical & Water '!T15,0) -> 263 | J10: 7.84 | L10: 7.84 | M10: 16 | N10: 25
A11: Bateen Liwa | B11: =B10+1 -> 10 | C11: 6 | D11: 2026 | E11: =IF('BAN-L Electrical & Water '!D16+'BAN-L Electrical & Water '!F16+'BAN-L Electrical & Water '!H16+'BAN-L Electrical & Water '!J16+'BAN-L Electrical & Water '!L16+'BAN-L Electrical & Water '!N16>0,'BAN-L Electrical & Water '!D16+'BAN-L Electrical & Water '!F16+'BAN-L Electrical & Water '!H16+'BAN-L Electrical & Water '!J16+'BAN-L Electrical & Water '!L16+'BAN-L Electrical & Water '!N16,0) -> 15119 | F11: 0.2 | H11: 5.42 | I11: =IF('BAN-L Electrical & Water '!P16+'BAN-L Electrical & Water '!R16+'BAN-L Electrical & Water '!T16>0,'BAN-L Electrical & Water '!P16+'BAN-L Electrical & Water '!R16+'BAN-L Electrical & Water '!T16,0) -> 252 | J11: 7.84 | L11: 7.84 | M11: 6 | N11: 15
A12: Bateen Liwa | B12: =B11+1 -> 11 | C12: 6 | D12: 2026 | E12: =IF('BAN-L Electrical & Water '!D17+'BAN-L Electrical & Water '!F17+'BAN-L Electrical & Water '!H17+'BAN-L Electrical & Water '!J17+'BAN-L Electrical & Water '!L17+'BAN-L Electrical & Water '!N17>0,'BAN-L Electrical & Water '!D17+'BAN-L Electrical & Water '!F17+'BAN-L Electrical & Water '!H17+'BAN-L Electrical & Water '!J17+'BAN-L Electrical & Water '!L17+'BAN-L Electrical & Water '!N17,0) -> 15474 | F12: 0.2 | H12: 5.42 | I12: =IF('BAN-L Electrical & Water '!P17+'BAN-L Electrical & Water '!R17+'BAN-L Electrical & Water '!T17>0,'BAN-L Electrical & Water '!P17+'BAN-L Electrical & Water '!R17+'BAN-L Electrical & Water '!T17,0) -> 262 | J12: 7.84 | L12: 7.84 | M12: 3 | N12: 5
A13: Bateen Liwa | B13: =B12+1 -> 12 | C13: 6 | D13: 2026 | E13: =IF('BAN-L Electrical & Water '!D18+'BAN-L Electrical & Water '!F18+'BAN-L Electrical & Water '!H18+'BAN-L Electrical & Water '!J18+'BAN-L Electrical & Water '!L18+'BAN-L Electrical & Water '!N18>0,'BAN-L Electrical & Water '!D18+'BAN-L Electrical & Water '!F18+'BAN-L Electrical & Water '!H18+'BAN-L Electrical & Water '!J18+'BAN-L Electrical & Water '!L18+'BAN-L Electrical & Water '!N18,0) -> 15067 | F13: 0.2 | H13: 5.42 | I13: =IF('BAN-L Electrical & Water '!P18+'BAN-L Electrical & Water '!R18+'BAN-L Electrical & Water '!T18>0,'BAN-L Electrical & Water '!P18+'BAN-L Electrical & Water '!R18+'BAN-L Electrical & Water '!T18,0) -> 261 | J13: 7.84 | L13: 7.84 | M13: 18 | N13: 42
A14: Bateen Liwa | B14: =B13+1 -> 13 | C14: 6 | D14: 2026 | E14: =IF('BAN-L Electrical & Water '!D19+'BAN-L Electrical & Water '!F19+'BAN-L Electrical & Water '!H19+'BAN-L Electrical & Water '!J19+'BAN-L Electrical & Water '!L19+'BAN-L Electrical & Water '!N19>0,'BAN-L Electrical & Water '!D19+'BAN-L Electrical & Water '!F19+'BAN-L Electrical & Water '!H19+'BAN-L Electrical & Water '!J19+'BAN-L Electrical & Water '!L19+'BAN-L Electrical & Water '!N19,0) -> 15022 | F14: 0.2 | H14: 5.42 | I14: =IF('BAN-L Electrical & Water '!P19+'BAN-L Electrical & Water '!R19+'BAN-L Electrical & Water '!T19>0,'BAN-L Electrical & Water '!P19+'BAN-L Electrical & Water '!R19+'BAN-L Electrical & Water '!T19,0) -> 224 | J14: 7.84 | L14: 7.84 | M14: 54 | N14: 139
... A31: Bateen Liwa | B31: =B30+1 -> 30 | C31: 6 | D31: 2026 | E31: =IF('BAN-L Electrical & Water '!D36+'BAN-L Electrical & Water '!F36+'BAN-L Electrical & Water '!H36+'BAN-L Electrical & Water '!J36+'BAN-L Electrical & Water '!L36+'BAN-L Electrical & Water '!N36>0,'BAN-L Electrical & Water '!D36+'BAN-L Electrical & Water '!F36+'BAN-L Electrical & Water '!H36+'BAN-L Electrical & Water '!J36+'BAN-L Electrical & Water '!L36+'BAN-L Electrical & Water '!N36,0) -> 15564 | F31: 0.2 | H31: 5.42 | I31: =IF('BAN-L Electrical & Water '!P36+'BAN-L Electrical & Water '!R36+'BAN-L Electrical & Water '!T36>0,'BAN-L Electrical & Water '!P36+'BAN-L Electrical & Water '!R36+'BAN-L Electrical & Water '!T36,0) -> 252 | J31: 7.84 | L31: 7.84 | M31: 4 | N31: 8
M34: =SUM(M2:M33) -> 369 | N34: =SUM(N2:N33) -> 784

Sheet BAN-L Electrical & Water 
C1: BAN- Bateen Liwa Utility Readings
A2: TYPE | B2: Time | C2: BAN- Bateen Liwa Block 01 | D2: Daily Consumptions | E2: BAN- Bateen Liwa Block 02 | F2: Daily Consumptions | G2: BAN- Bateen Liwa Block 03 | H2: Daily Consumptions | I2: BAN- Bateen Liwa Block 04 | J2: Daily Consumptions | K2: BAN- Bateen Liwa Arrival Building | L2: Daily Consumptions | M2: BAN- Bateen Liwa Main Building | N2: Daily Consumptions | O2: BAN- Bateen Arrival Readings -Irrigation Water 01. 80W KF-24532212 | P2: Daily Consumptions | Q2: BAN- Bateen Arrival Readings -Irrigation Water 02. 50W KF-23510667 | R2: Daily Consumptions | S2: BAN- Bateen Liwa Arrival Readings - Sweet Water. 100W KF-24542604 | T2: Daily Consumptions | U2: Remarks
A3: Meter | C3: AC No 15T20D000097 | E3: AC N0 15T20D000022 | G3: AC No 15T20D000062 | I3: AC No 15T20D000064 | K3: AC No 15T20D000174 | M3: AC N0 15T20D000177
A4: DATE | C4: Electricity (kWH) | E4: Electricity (kWH) | G4: Electricity (kWH) | I4: Electricity (kWH) | K4: Electricity (kWH) | M4: Electricity (kWH)
D5: KWH | F5: KWH | H5: KWH | J5: KWH | L5: KWH | N5: 0 | O5: CuM | P5: CuM | Q5: CuM | R5: CuM | S5: CuM | T5: CuM
A6: 46173 | B6: 0.375 | C6: 1711163 | D6: 0 | E6: 1508549 | F6: 0 | G6: 1992822 | H6: 0 | I6: 2391888 | J6: 0 | K6: 2622556 | L6: 0 | M6: 5669268 | N6: 0 | O6: 33633 | P6: 0 | Q6: 13661 | R6: 0 | S6: 22303 | T6: 0
A7: 46174 | B7: 0.22916667 | C7: 1712889 | D7: =C7-C6 -> 1726 | E7: 1509952 | F7: =E7-E6 -> 1403 | G7: 1995031 | H7: =G7-G6 -> 2209 | I7: 2394131 | J7: =I7-I6 -> 2243 | K7: 2625466 | L7: =K7-K6 -> 2910 | M7: 5674455 | N7: =M7-M6 -> 5187 | O7: 33771 | P7: =O7-O6 -> 138 | Q7: 13700 | R7: =Q7-Q6 -> 39 | S7: 22395 | T7: =S7-S6 -> 92
A8: 46175 | B8: 0.26388889 | C8: 1714496 | D8: =C8-C7 -> 1607 | E8: 1511253 | F8: =E8-E7 -> 1301 | G8: 1996988 | H8: =G8-G7 -> 1957 | I8: 2396215 | J8: =I8-I7 -> 2084 | K8: 2628225 | L8: =K8-K7 -> 2759 | M8: 5679295 | N8: =M8-M7 -> 4840 | O8: 33940 | P8: =O8-O7 -> 169 | Q8: 13740 | R8: =Q8-Q7 -> 40 | S8: 22454 | T8: =S8-S7 -> 59
A9: 46176 | B9: 0.21527778 | C9: 1716125 | D9: =C9-C8 -> 1629 | E9: 1512588 | F9: =E9-E8 -> 1335 | G9: 1998935 | H9: =G9-G8 -> 1947 | I9: 2398488 | J9: =I9-I8 -> 2273 | K9: 2631149 | L9: =K9-K8 -> 2924 | M9: 5684343 | N9: =M9-M8 -> 5048 | O9: 34084 | P9: =O9-O8 -> 144 | Q9: 13785 | R9: =Q9-Q8 -> 45 | S9: 22520 | T9: =S9-S8 -> 66
A10: 46177 | B10: 0.22222222 | C10: 1717717 | D10: =C10-C9 -> 1592 | E10: 1514060 | F10: =E10-E9 -> 1472 | G10: 2000759 | H10: =G10-G9 -> 1824 | I10: 2400736 | J10: =I10-I9 -> 2248 | K10: 2633998 | L10: =K10-K9 -> 2849 | M10: 5688974 | N10: =M10-M9 -> 4631 | O10: 34227 | P10: =O10-O9 -> 143 | Q10: 13827 | R10: =Q10-Q9 -> 42 | S10: 22584 | T10: =S10-S9 -> 64
A11: 46178 | B11: 0.23611111 | C11: 1719346 | D11: =C11-C10 -> 1629 | E11: 1515542 | F11: =E11-E10 -> 1482 | G11: 2002491 | H11: =G11-G10 -> 1732 | I11: 2403038 | J11: =I11-I10 -> 2302 | K11: 2636920 | L11: =K11-K10 -> 2922 | M11: 5693735 | N11: =M11-M10 -> 4761 | O11: 34386 | P11: =O11-O10 -> 159 | Q11: 13875 | R11: =Q11-Q10 -> 48 | S11: 22655 | T11: =S11-S10 -> 71
A12: 46179 | B12: 0.22916667 | C12: 1721067 | D12: =C12-C11 -> 1721 | E12: 1516958 | F12: =E12-E11 -> 1416 | G12: 2004174 | H12: =G12-G11 -> 1683 | I12: 2405278 | J12: =I12-I11 -> 2240 | K12: 2639766 | L12: =K12-K11 -> 2846 | M12: 5698366 | N12: =M12-M11 -> 4631 | O12: 34536 | P12: =O12-O11 -> 150 | Q12: 13925 | R12: =Q12-Q11 -> 50 | S12: 22725 | T12: =S12-S11 -> 70
A13: 46180 | B13: 0.24305556 | C13: 1722603 | D13: =C13-C12 -> 1536 | E13: 1518402 | F13: =E13-E12 -> 1444 | G13: 2005808 | H13: =G13-G12 -> 1634 | I13: 2407302 | J13: =I13-I12 -> 2024 | K13: 2642592 | L13: =K13-K12 -> 2826 | M13: 5702885 | N13: =M13-M12 -> 4519 | O13: 34687 | P13: =O13-O12 -> 151 | Q13: 13975 | R13: =Q13-Q12 -> 50 | S13: 22806 | T13: =S13-S12 -> 81
A14: 46181 | B14: 0.22222222 | C14: 1724016 | D14: =C14-C13 -> 1413 | E14: 1519863 | F14: =E14-E13 -> 1461 | G14: 2007500 | H14: =G14-G13 -> 1692 | I14: 2409270 | J14: =I14-I13 -> 1968 | K14: 2645228 | L14: =K14-K13 -> 2636 | M14: 5707782 | N14: =M14-M13 -> 4897 | O14: 34839 | P14: =O14-O13 -> 152 | Q14: 14022 | R14: =Q14-Q13 -> 47 | S14: 22883 | T14: =S14-S13 -> 77
A15: 46182 | B15: 0.21875 | C15: 1725771 | D15: =C15-C14 -> 1755 | E15: 1521348 | F15: =E15-E14 -> 1485 | G15: 2009200 | H15: =G15-G14 -> 1700 | I15: 2411441 | J15: =I15-I14 -> 2171 | K15: 2647599 | L15: =K15-K14 -> 2371 | M15: 5712801 | N15: =M15-M14 -> 5019 | O15: 34981 | P15: =O15-O14 -> 142 | Q15: 14060 | R15: =Q15-Q14 -> 38 | S15: 22966 | T15: =S15-S14 -> 83
A16: 46183 | B16: 0.22916667 | C16: 1727664 | D16: =C16-C15 -> 1893 | E16: 1522879 | F16: =E16-E15 -> 1531 | G16: 2011013 | H16: =G16-G15 -> 1813 | I16: 2413640 | J16: =I16-I15 -> 2199 | K16: 2650040 | L16: =K16-K15 -> 2441 | M16: 5718043 | N16: =M16-M15 -> 5242 | O16: 35127 | P16: =O16-O15 -> 146 | Q16: 14100 | R16: =Q16-Q15 -> 40 | S16: 23032 | T16: =S16-S15 -> 66
A17: 46184 | B17: 0.23611111 | C17: 1729632 | D17: =C17-C16 -> 1968 | E17: 1524350 | F17: =E17-E16 -> 1471 | G17: 2012962 | H17: =G17-G16 -> 1949 | I17: 2415880 | J17: =I17-I16 -> 2240 | K17: 2652537 | L17: =K17-K16 -> 2497 | M17: 5723392 | N17: =M17-M16 -> 5349 | O17: 35260 | P17: =O17-O16 -> 133 | Q17: 14141 | R17: =Q17-Q16 -> 41 | S17: 23120 | T17: =S17-S16 -> 88
A18: 46185 | B18: 0.27083333 | C18: 1731556 | D18: =C18-C17 -> 1924 | E18: 1525818 | F18: =E18-E17 -> 1468 | G18: 2014893 | H18: =G18-G17 -> 1931 | I18: 2418184 | J18: =I18-I17 -> 2304 | K18: 2655000 | L18: =K18-K17 -> 2463 | M18: 5728369 | N18: =M18-M17 -> 4977 | O18: 35403 | P18: =O18-O17 -> 143 | Q18: 14187 | R18: =Q18-Q17 -> 46 | S18: 23192 | T18: =S18-S17 -> 72
... A36: 46203 | B36: 0.23958333 | C36: 1765877 | D36: =C36-C35 -> 1893 | E36: 1551544 | F36: =E36-E35 -> 1408 | G36: 2050742 | H36: =G36-G35 -> 1939 | I36: 2458241 | J36: =I36-I35 -> 2063 | K36: 2702675 | L36: =K36-K35 -> 3256 | M36: 5820137 | N36: =M36-M35 -> 5005 | O36: 37698 | P36: =O36-O35 -> 136 | Q36: 15110 | R36: =Q36-Q35 -> 50 | S36: 24454 | T36: =S36-S35 -> 66
D39: =SUM(D6:D38) -> 54714 | F39: =SUM(F6:F38) -> 42995 | H39: =SUM(H6:H38) -> 57920 | J39: =SUM(J6:J38) -> 66353 | L39: =SUM(L6:L38) -> 80119 | N39: =SUM(N6:N38) -> 150869 | P39: =SUM(P6:P38) -> 4065 | R39: =SUM(R6:R38) -> 1449 | T39: =SUM(T6:T38) -> 2151
C40: =C38-C6 -> -1711163 | E40: =E38-E6 -> -1508549 | G40: =G38-G6 -> -1992822 | I40: =I38-I6 -> -2391888 | K40: =K38-K6 -> -2622556 | M40: =M38-M6 -> -5669268 | O40: =O38-O6 -> -33633 | Q40: =Q38-Q6 -> -13661 | S40: =S38-S6 -> -22303
